ts,temp,hum,mp_cpu,cpu_total,cpu_core0,cpu_core1,mp_used_kb,mp_free_kb,mp_total_kb,idf_used_kb,idf_free_kb,idf_total_kb,temp_zscore_anomaly,temp_ewma_anomaly,temp_rulebased_anomaly,hum_zscore_anomaly,hum_ewma_anomaly,hum_rulebased_anomaly
2026-01-27 16:00:24,22.4,54.1,0.0,0.0,0.0,0.0,76,62,138,302,69,371,False,False,False,False,False,False
2026-01-27 16:00:26,22.5,55.1,27.4,19.8,6.1,27.4,68,69,138,302,69,371,False,False,False,False,False,False
2026-01-27 16:00:28,22.5,55.0,26.5,17.2,4.0,26.5,67,70,138,302,69,371,False,False,False,False,False,False
2026-01-27 16:00:30,22.5,54.8,26.6,17.5,4.2,26.6,67,70,138,302,69,371,False,False,False,False,False,False
2026-01-27 16:00:32,22.5,54.7,26.4,17.1,3.9,26.4,66,71,138,302,69,371,False,False,False,False,False,False
2026-01-27 16:00:34,22.5,54.6,26.6,17.2,3.9,26.6,66,72,138,302,69,371,False,False,False,False,False,False
2026-01-27 16:00:36,22.6,54.6,26.4,17.3,4.1,26.4,65,72,138,302,69,371,False,False,False,False,False,False
2026-01-27 16:00:38,22.6,54.5,26.4,17.0,3.8,26.4,64,73,138,302,69,371,False,False,False,False,False,False
2026-01-27 16:00:40,22.6,54.4,26.6,18.1,4.8,26.6,63,74,138,302,69,371,False,False,False,False,False,False
2026-01-27 16:00:42,22.6,54.4,26.3,17.0,3.8,26.3,63,75,138,302,69,371,False,False,False,False,False,False
2026-01-27 16:00:44,22.6,54.3,26.3,17.0,3.9,26.3,62,75,138,302,69,371,False,False,False,False,False,False
2026-01-27 16:00:46,22.6,54.3,27.0,17.3,3.8,27.0,61,76,138,302,69,371,False,False,False,False,False,False
2026-01-27 16:00:48,22.6,54.3,26.3,17.3,4.1,26.3,61,77,138,302,69,371,False,False,False,False,False,False
2026-01-27 16:00:50,22.6,54.2,26.3,17.2,4.1,26.3,60,77,138,302,69,371,False,False,False,False,False,False
2026-01-27 16:00:52,22.6,54.2,26.5,17.2,4.0,26.5,59,78,138,302,69,371,False,False,False,False,False,False
2026-01-27 16:00:54,22.6,54.1,27.0,17.3,3.8,27.0,59,79,138,302,69,371,False,False,False,False,False,False
2026-01-27 16:00:56,22.6,54.1,26.7,18.0,4.7,26.7,58,75,134,302,69,371,False,False,False,False,False,False
2026-01-27 16:00:58,22.6,54.1,26.7,17.7,4.3,26.7,57,80,138,302,69,371,False,False,False,False,False,False
2026-01-27 16:01:00,22.6,54.1,26.4,17.1,3.9,26.4,56,81,138,302,69,371,False,False,False,False,False,False
2026-01-27 16:01:02,22.6,54.1,26.4,17.1,3.8,26.4,56,82,138,302,69,371,False,False,False,False,False,False
2026-01-27 16:01:04,22.6,54.0,26.5,17.3,4.0,26.5,96,41,138,302,69,371,False,False,False,False,False,False
2026-01-27 16:01:06,22.6,54.1,27.6,17.9,4.1,27.6,78,60,138,302,69,371,False,False,False,False,False,False
2026-01-27 16:01:08,22.6,54.1,27.5,17.7,4.0,27.5,77,61,138,302,69,371,False,False,False,False,False,False
2026-01-27 16:01:10,22.6,54.0,27.2,18.3,4.7,27.2,76,61,138,302,69,371,False,False,False,False,False,False
2026-01-27 16:01:12,22.6,54.0,27.5,17.9,4.1,27.5,75,62,138,302,69,371,False,False,False,False,False,False
2026-01-27 16:01:14,22.6,54.1,27.0,17.3,3.8,27.0,75,63,138,302,69,371,False,False,False,False,False,False
2026-01-27 16:01:16,22.6,54.1,26.9,17.3,3.8,26.9,74,64,138,302,69,371,False,False,False,False,False,False
2026-01-27 16:01:18,22.6,54.1,26.9,17.5,4.1,26.9,73,65,138,302,69,371,False,False,False,False,False,False
2026-01-27 16:01:20,22.6,54.0,26.9,17.8,4.4,26.9,72,65,138,303,68,371,False,False,False,False,False,False
2026-01-27 16:01:22,22.6,54.1,27.1,17.8,4.3,27.1,71,66,138,302,69,371,False,False,False,False,False,False
2026-01-27 16:01:24,22.6,54.0,26.7,17.2,3.8,26.7,71,67,138,302,69,371,False,False,False,False,False,False
2026-01-27 16:01:26,22.6,54.1,25.9,17.4,4.5,25.9,70,68,138,302,69,371,False,False,False,False,False,False
2026-01-27 16:01:28,22.6,54.1,26.7,17.4,4.1,26.7,69,68,138,302,69,371,False,False,False,False,False,False
2026-01-27 16:01:30,22.6,54.0,26.5,17.2,3.9,26.5,68,69,138,302,69,371,False,False,False,False,False,False
2026-01-27 16:01:32,22.6,54.1,26.5,17.1,3.9,26.5,67,70,138,302,69,371,False,False,False,False,False,False
2026-01-27 16:01:34,22.6,54.1,26.5,17.2,3.9,26.5,67,71,138,302,69,371,False,False,False,False,False,False
2026-01-27 16:01:36,22.6,54.0,26.5,17.6,4.3,26.5,66,71,138,302,69,371,False,False,False,False,False,False
2026-01-27 16:01:38,22.5,54.1,26.4,17.0,3.8,26.4,65,72,138,302,69,371,False,False,False,False,False,False
2026-01-27 16:01:40,22.5,54.1,26.4,17.7,4.5,26.4,64,73,138,302,69,371,False,False,False,False,False,False
2026-01-27 16:01:42,22.6,54.1,26.6,17.3,3.9,26.6,64,74,138,302,69,371,False,False,False,False,False,False
2026-01-27 16:01:44,22.6,54.1,26.3,17.0,3.9,26.3,63,75,138,302,69,371,False,False,False,False,False,False
2026-01-27 16:01:46,22.6,54.0,26.3,16.7,3.5,26.3,62,75,138,302,69,371,False,False,False,False,False,False
2026-01-27 16:01:48,22.6,54.1,26.2,17.1,4.0,26.2,61,76,138,302,69,371,False,False,False,False,False,False
2026-01-27 16:01:50,22.6,54.0,26.5,17.3,4.0,26.5,60,77,138,302,69,371,False,False,False,False,False,False
2026-01-27 16:01:52,22.6,54.0,27.2,17.6,4.0,27.2,60,78,138,302,69,371,False,False,False,False,False,False
2026-01-27 16:01:54,22.6,54.1,26.5,17.2,4.0,26.5,59,78,138,302,69,371,False,False,False,False,False,False
2026-01-27 16:01:56,22.6,54.1,26.9,18.1,4.6,26.9,58,79,138,302,69,371,False,False,False,False,False,False
2026-01-27 16:01:58,22.6,54.0,26.7,17.3,4.0,26.7,57,80,138,302,69,371,False,False,False,False,False,False
2026-01-27 16:02:00,22.6,54.1,26.7,17.6,4.2,26.7,57,81,138,302,69,371,False,False,False,False,False,False
2026-01-27 16:02:02,22.6,54.0,26.6,18.1,4.8,26.6,97,41,138,302,69,371,False,False,False,False,False,False
2026-01-27 16:02:04,22.6,54.1,27.7,17.8,4.0,27.7,79,59,138,302,69,371,False,False,False,False,False,False
2026-01-27 16:02:06,22.6,54.1,27.5,17.7,3.9,27.5,78,60,138,302,69,371,False,False,False,False,False,False
2026-01-27 16:02:08,22.5,54.1,27.5,17.7,4.0,27.5,77,60,138,302,69,371,False,False,False,False,False,False
2026-01-27 16:02:10,22.6,54.1,27.2,18.1,4.5,27.2,76,61,138,302,69,371,False,False,False,False,False,False
2026-01-27 16:02:12,22.5,54.1,27.3,17.8,4.2,27.3,75,62,138,302,69,371,False,False,False,False,False,False
2026-01-27 16:02:14,22.6,54.1,27.2,17.6,4.0,27.2,75,63,138,301,70,371,False,False,False,False,False,False
2026-01-27 16:02:16,22.6,54.1,26.9,17.3,3.8,26.9,73,64,138,301,70,371,False,False,False,False,False,False
2026-01-27 16:02:18,22.6,54.1,27.0,17.4,3.9,27.0,73,64,138,301,70,371,False,False,False,False,False,False
2026-01-27 16:02:20,22.6,54.1,27.1,17.8,4.2,27.1,72,65,138,301,70,371,False,False,False,False,False,False
2026-01-27 16:02:22,22.6,54.1,26.9,17.8,4.3,26.9,72,66,138,301,70,371,False,False,False,False,False,False
2026-01-27 16:02:24,22.5,54.1,26.8,17.3,3.9,26.8,71,67,138,301,70,371,False,False,False,False,False,False
2026-01-27 16:02:26,22.6,54.1,25.2,17.1,4.5,25.2,70,67,138,301,70,371,False,False,False,False,False,False
2026-01-27 16:02:28,22.6,54.1,26.7,17.0,3.7,26.7,69,68,138,301,70,371,False,False,False,False,False,False
2026-01-27 16:02:30,22.6,54.1,26.9,17.7,4.3,26.9,68,69,138,301,70,371,False,False,False,False,False,False
2026-01-27 16:02:32,22.6,54.1,26.4,17.2,4.0,26.4,68,70,138,301,70,371,False,False,False,False,False,False
2026-01-27 16:02:34,22.6,54.1,26.5,17.1,3.9,26.5,66,71,138,301,70,371,False,False,False,False,False,False
2026-01-27 16:02:36,22.6,54.2,26.6,17.3,4.0,26.6,66,71,138,301,70,371,False,False,False,False,False,False
2026-01-27 16:02:38,22.5,54.1,26.4,17.0,3.7,26.4,65,72,138,301,70,371,False,False,False,False,False,False
2026-01-27 16:02:40,22.5,54.2,26.5,17.6,4.4,26.5,64,73,138,301,70,371,False,False,False,False,False,False
2026-01-27 16:02:42,22.5,54.1,26.5,17.1,3.8,26.5,64,74,138,301,70,371,False,False,False,False,False,False
2026-01-27 16:02:44,22.5,54.2,27.2,17.7,4.1,27.2,63,74,138,301,70,371,False,False,False,False,False,False
2026-01-27 16:02:46,22.5,54.2,26.4,17.1,3.9,26.4,62,75,138,301,70,371,False,False,False,False,False,False
2026-01-27 16:02:48,22.5,54.1,26.2,17.1,3.9,26.2,61,76,138,301,70,371,False,False,False,False,False,False
2026-01-27 16:02:50,22.5,54.2,26.6,17.4,4.1,26.6,61,77,138,301,70,371,False,False,False,False,False,False
2026-01-27 16:02:52,22.6,54.2,26.6,17.2,3.9,26.6,60,78,138,301,70,371,False,False,False,False,False,False
2026-01-27 16:02:54,22.6,54.2,26.6,17.0,3.7,26.6,59,78,138,301,70,371,False,False,False,False,False,False
2026-01-27 16:02:56,22.5,54.3,26.9,18.1,4.6,26.9,58,79,138,301,70,371,False,False,False,False,False,False
2026-01-27 16:02:58,22.5,54.2,26.9,17.3,3.9,26.9,57,80,138,301,70,371,False,False,False,False,False,False
2026-01-27 16:03:00,22.5,54.2,26.4,17.5,4.3,26.4,98,40,138,301,70,371,False,False,False,False,False,False
2026-01-27 16:03:02,22.5,54.2,27.8,18.0,4.1,27.8,79,58,138,302,69,371,False,False,False,False,False,False
2026-01-27 16:03:04,22.5,54.3,27.6,18.2,4.4,27.6,79,59,138,301,70,371,False,False,False,False,False,False
2026-01-27 16:03:06,22.5,54.2,27.6,17.9,4.1,27.6,78,59,138,301,70,371,False,False,False,False,False,False
2026-01-27 16:03:08,22.5,54.2,27.7,17.6,3.8,27.7,77,60,138,301,70,371,False,False,False,False,False,False
2026-01-27 16:03:10,22.5,54.3,27.1,18.4,4.8,27.1,77,61,138,301,70,371,False,False,False,False,False,False
2026-01-27 16:03:12,22.5,54.3,27.4,17.9,4.2,27.4,76,62,138,301,70,371,False,False,False,False,False,False
2026-01-27 16:03:14,22.5,54.2,27.2,17.6,4.1,27.2,75,63,138,301,70,371,False,False,False,False,False,False
2026-01-27 16:03:16,22.5,54.3,27.2,17.6,4.0,27.2,74,63,138,301,70,371,False,False,False,False,False,False
2026-01-27 16:03:18,22.5,54.3,27.3,17.6,4.0,27.3,73,64,138,301,70,371,False,False,False,False,False,False
2026-01-27 16:03:20,22.5,54.3,26.8,17.9,4.4,26.8,72,65,138,301,70,371,False,False,False,False,False,False
2026-01-27 16:03:22,22.5,54.3,26.9,17.8,4.3,26.9,72,66,138,301,70,371,False,False,False,False,False,False
2026-01-27 16:03:24,22.5,54.2,26.8,17.2,3.8,26.8,71,67,138,301,70,371,False,False,False,False,False,False
2026-01-27 16:03:26,22.5,54.3,25.2,17.4,4.8,25.2,70,67,138,301,70,371,False,False,False,False,False,False
2026-01-27 16:03:28,22.5,54.3,26.9,17.3,3.8,26.9,69,68,138,301,70,371,False,False,False,False,False,False
2026-01-27 16:03:30,22.5,54.3,26.7,17.3,4.0,26.7,69,69,138,301,70,371,False,False,False,False,False,False
2026-01-27 16:03:32,22.5,54.3,26.5,17.6,4.3,26.5,67,70,138,301,70,371,False,False,False,False,False,False
2026-01-27 16:03:34,22.5,54.3,26.7,17.5,4.1,26.7,67,70,138,301,70,371,False,False,False,False,False,False
2026-01-27 16:03:36,22.5,54.3,26.4,17.1,3.9,26.4,66,71,138,301,70,371,False,False,False,False,False,False
2026-01-27 16:03:38,22.5,54.4,26.8,17.3,3.9,26.8,65,72,138,301,70,371,False,False,False,False,False,False
2026-01-27 16:03:40,22.5,54.3,26.7,18.1,4.7,26.7,65,73,138,301,70,371,False,False,False,False,False,False
2026-01-27 16:03:42,22.5,54.4,27.0,17.3,3.8,27.0,64,74,138,301,70,371,False,False,False,False,False,False
2026-01-27 16:03:44,22.5,54.4,26.5,17.2,3.9,26.5,63,74,138,301,70,371,False,False,False,False,False,False
2026-01-27 16:03:46,22.5,54.4,26.6,17.2,3.9,26.6,62,75,138,301,70,371,False,False,False,False,False,False
2026-01-27 16:03:48,22.5,54.4,26.5,17.3,4.1,26.5,61,76,138,301,70,371,False,False,False,False,False,False
2026-01-27 16:03:50,22.5,54.4,26.7,17.4,4.0,26.7,61,77,138,301,70,371,False,False,False,False,False,False
2026-01-27 16:03:52,22.5,54.4,26.7,17.3,3.9,26.7,60,77,138,301,70,371,False,False,False,False,False,False
2026-01-27 16:03:54,22.5,54.4,26.7,17.1,3.8,26.7,59,78,138,301,70,371,False,False,False,False,False,False
2026-01-27 16:03:56,22.5,54.4,27.3,18.4,4.8,27.3,58,79,138,301,70,371,False,False,False,False,False,False
2026-01-27 16:03:58,22.5,54.5,26.5,17.1,3.8,26.5,99,39,138,301,70,371,False,False,False,False,False,False
2026-01-27 16:04:00,22.5,54.5,28.0,18.4,4.4,28.0,80,57,138,301,70,371,False,False,False,False,False,False
2026-01-27 16:04:02,22.5,54.6,28.0,18.6,4.6,28.0,80,58,138,301,70,371,False,False,False,False,False,False
2026-01-27 16:04:04,22.5,54.6,27.7,18.0,4.2,27.7,79,59,138,301,70,371,False,False,False,False,False,False
2026-01-27 16:04:06,22.5,54.6,27.8,18.2,4.3,27.8,78,60,138,301,70,371,False,False,False,False,False,False
2026-01-27 16:04:08,22.5,54.5,27.5,17.8,4.0,27.5,77,60,138,301,70,371,False,False,False,False,False,False
2026-01-27 16:04:10,22.5,54.5,27.1,18.4,4.8,27.1,77,61,138,301,70,371,False,False,False,False,False,False
2026-01-27 16:04:12,22.5,54.5,27.2,17.8,4.2,27.2,76,62,138,301,70,371,False,False,False,False,False,False
2026-01-27 16:04:14,22.5,54.5,27.3,17.4,3.7,27.3,75,62,138,301,70,371,False,False,False,False,False,False
2026-01-27 16:04:16,22.5,54.5,27.4,17.6,3.9,27.4,74,63,138,301,70,371,False,False,False,False,False,False
2026-01-27 16:04:18,22.5,54.5,27.1,17.7,4.2,27.1,73,64,138,301,70,371,False,False,False,False,False,False
2026-01-27 16:04:20,22.5,54.5,26.9,18.0,4.5,26.9,73,65,138,301,70,371,False,False,False,False,False,False
2026-01-27 16:04:22,22.5,54.5,26.9,17.5,4.1,26.9,72,66,138,301,70,371,False,False,False,False,False,False
2026-01-27 16:04:24,22.5,54.5,26.9,17.3,3.9,26.9,71,66,138,301,70,371,False,False,False,False,False,False
2026-01-27 16:04:26,22.5,54.5,25.4,17.4,4.7,25.4,70,67,138,301,70,371,False,False,False,False,False,False
2026-01-27 16:04:28,22.5,54.5,26.7,17.0,3.7,26.7,69,68,138,301,70,371,False,False,False,False,False,False
2026-01-27 16:04:30,22.5,54.5,26.7,17.3,4.0,26.7,69,69,138,301,70,371,False,False,False,False,False,False
2026-01-27 16:04:32,22.5,54.5,26.7,17.3,4.0,26.7,68,70,138,301,70,371,False,False,False,False,False,False
2026-01-27 16:04:34,22.5,54.5,26.7,17.6,4.2,26.7,67,70,138,301,70,371,False,False,False,False,False,False
2026-01-27 16:04:36,22.5,54.5,26.6,17.3,3.9,26.6,66,71,138,301,70,371,False,False,False,False,False,False
2026-01-27 16:04:38,22.5,54.5,26.5,17.2,4.0,26.5,66,72,138,301,70,371,False,False,False,False,False,False
2026-01-27 16:04:40,22.4,54.4,26.6,17.9,4.6,26.6,65,73,138,301,70,371,False,False,False,False,False,False
2026-01-27 16:04:42,22.5,54.5,26.7,17.2,3.9,26.7,64,73,138,301,70,371,False,False,False,False,False,False
2026-01-27 16:04:44,22.5,54.6,27.3,17.6,3.9,27.3,63,74,138,301,70,371,False,False,False,False,False,False
2026-01-27 16:04:46,22.5,54.5,26.8,17.1,3.8,26.8,62,75,138,301,70,371,False,False,False,False,False,False
2026-01-27 16:04:48,22.5,54.5,26.6,17.4,4.1,26.6,62,76,138,301,70,371,False,False,False,False,False,False
2026-01-27 16:04:50,22.5,54.5,26.9,17.6,4.2,26.9,61,77,138,301,70,371,False,False,False,False,False,False
2026-01-27 16:04:52,22.5,54.4,26.7,17.3,4.0,26.7,60,77,138,301,70,371,False,False,False,False,False,False
2026-01-27 16:04:54,22.5,54.5,27.0,17.3,3.8,27.0,59,78,138,301,70,371,False,False,False,False,False,False
2026-01-27 16:04:56,22.5,54.5,26.7,17.9,4.6,26.7,100,38,138,301,70,371,False,False,False,False,False,False
2026-01-27 16:04:58,22.5,54.5,28.1,17.9,3.9,28.1,81,56,138,301,70,371,False,False,False,False,False,False
2026-01-27 16:05:00,22.5,54.5,27.9,18.2,4.3,27.9,80,57,138,301,70,371,False,False,False,False,False,False
2026-01-27 16:05:02,22.5,54.5,27.9,18.0,4.1,27.9,80,58,138,301,70,371,False,False,False,False,False,False
2026-01-27 16:05:04,22.5,54.5,27.9,18.1,4.2,27.9,79,59,138,301,70,371,False,False,False,False,False,False
2026-01-27 16:05:06,22.5,54.6,27.6,17.7,3.9,27.6,78,59,138,302,69,371,False,False,False,False,False,False
2026-01-27 16:05:08,22.5,54.5,27.6,18.0,4.2,27.6,77,60,138,302,69,371,False,False,False,False,False,False
2026-01-27 16:05:10,22.5,54.5,27.3,18.2,4.5,27.3,77,61,138,302,69,371,False,False,False,False,False,False
2026-01-27 16:05:12,22.5,54.5,27.5,18.2,4.4,27.5,76,62,138,302,69,371,False,False,False,False,False,False
2026-01-27 16:05:14,22.5,54.5,27.6,18.1,4.3,27.6,75,62,138,301,70,371,False,False,False,False,False,False
2026-01-27 16:05:16,22.5,54.5,27.2,17.7,4.0,27.2,74,63,138,301,70,371,False,False,False,False,False,False
2026-01-27 16:05:18,22.5,54.5,27.2,17.7,4.1,27.2,73,64,138,301,70,371,False,False,False,False,False,False
2026-01-27 16:05:20,22.5,54.4,27.0,18.1,4.6,27.0,72,65,138,301,70,371,False,False,False,False,False,False
2026-01-27 16:05:22,22.5,54.4,27.1,17.7,4.2,27.1,72,65,138,301,70,371,False,False,False,False,False,False
2026-01-27 16:05:24,22.5,54.4,27.2,17.7,4.1,27.2,71,66,138,301,70,371,False,False,False,False,False,False
2026-01-27 16:05:26,22.5,54.4,27.1,18.5,4.9,27.1,70,67,138,301,70,371,False,False,False,False,False,False
2026-01-27 16:05:28,22.5,54.4,28.9,18.2,3.8,28.9,70,68,138,301,70,371,False,False,False,False,False,False
2026-01-27 16:05:30,22.5,54.4,29.0,19.0,4.5,29.0,69,69,138,301,70,371,False,False,False,False,False,False
2026-01-27 16:05:32,22.5,54.4,28.9,18.3,3.9,28.9,68,69,138,301,70,371,False,False,False,False,False,False
2026-01-27 16:05:34,22.5,54.5,29.5,19.1,4.3,29.5,67,70,138,301,70,371,False,False,False,False,False,False
2026-01-27 16:05:36,22.5,54.5,28.7,18.3,4.0,28.7,66,71,138,301,70,371,False,False,False,False,False,False
2026-01-27 16:05:38,22.5,54.4,28.7,18.2,3.9,28.7,65,72,138,301,70,371,False,False,False,False,False,False
2026-01-27 16:05:40,22.5,54.5,29.0,19.2,4.6,29.0,64,73,138,301,70,371,False,False,False,False,False,False
2026-01-27 16:05:42,22.5,54.5,28.8,18.3,4.0,28.8,64,74,138,301,70,371,False,False,False,False,False,False
2026-01-27 16:05:44,22.6,54.4,28.9,18.3,3.9,28.9,63,74,138,301,70,371,False,False,False,False,False,False
2026-01-27 16:05:46,22.5,54.5,28.6,18.3,4.0,28.6,62,75,138,301,70,371,False,False,False,False,False,False
2026-01-27 16:05:48,22.5,54.4,28.7,18.5,4.2,28.7,61,76,138,301,70,371,False,False,False,False,False,False
2026-01-27 16:05:50,22.5,54.5,28.6,18.5,4.2,28.6,61,77,138,301,70,371,False,False,False,False,False,False
2026-01-27 16:05:52,22.6,54.5,28.7,18.3,4.0,28.7,60,78,138,301,70,371,False,False,False,False,False,False
2026-01-27 16:05:54,22.5,54.4,28.3,18.0,3.9,28.3,100,37,138,301,70,371,False,False,False,False,False,False
2026-01-27 16:05:56,22.5,54.5,29.2,19.4,4.8,29.2,79,58,138,301,70,371,False,False,False,False,False,False
2026-01-27 16:05:58,22.6,54.5,29.8,18.7,3.8,29.8,78,59,138,301,70,371,False,False,False,False,False,False
2026-01-27 16:06:00,22.5,54.4,29.8,19.0,4.1,29.8,78,60,138,301,70,371,False,False,False,False,False,False
2026-01-27 16:06:02,22.5,54.4,29.9,19.1,4.1,29.9,77,61,138,301,70,371,False,False,False,False,False,False
2026-01-27 16:06:04,22.5,54.3,29.8,19.4,4.5,29.8,76,61,138,301,70,371,False,False,False,False,False,False
2026-01-27 16:06:06,22.6,54.4,29.5,18.8,4.0,29.5,75,62,138,301,70,371,False,False,False,False,False,False
2026-01-27 16:06:08,22.6,54.4,29.5,18.9,4.2,29.5,74,63,138,301,70,371,False,False,False,False,False,False
2026-01-27 16:06:10,22.6,54.4,29.4,19.4,4.7,29.4,74,64,138,301,70,371,False,False,False,False,False,False
2026-01-27 16:06:12,22.6,54.4,29.5,19.0,4.2,29.5,73,65,138,301,70,371,False,False,False,False,False,False
2026-01-27 16:06:14,22.6,54.4,29.3,18.7,4.1,29.3,72,65,138,301,70,371,False,False,False,False,False,False
2026-01-27 16:06:16,22.6,54.4,29.1,18.6,4.1,29.1,71,66,138,301,70,371,False,False,False,False,False,False
2026-01-27 16:06:18,22.6,54.4,29.0,18.3,3.8,29.0,70,67,138,301,70,371,False,False,False,False,False,False
2026-01-27 16:06:20,22.5,54.4,29.0,19.0,4.5,29.0,70,68,138,301,70,371,False,False,False,False,False,False
2026-01-27 16:06:22,22.6,54.5,29.2,18.8,4.2,29.2,69,69,138,301,70,371,False,False,False,False,False,False
2026-01-27 16:06:24,22.6,54.4,28.9,18.3,3.9,28.9,68,69,138,301,70,371,False,False,False,False,False,False
2026-01-27 16:06:26,22.6,54.4,27.7,18.7,4.9,27.7,67,70,138,301,70,371,False,False,False,False,False,False
2026-01-27 16:06:28,22.6,54.4,28.8,18.3,3.9,28.8,66,71,138,301,70,371,False,False,False,False,False,False
2026-01-27 16:06:30,22.6,54.4,28.8,18.8,4.3,28.8,65,72,138,301,70,371,False,False,False,False,False,False
2026-01-27 16:06:32,22.6,54.4,28.9,18.3,3.8,28.9,65,73,138,301,70,371,False,False,False,False,False,False
2026-01-27 16:06:34,22.6,54.5,28.8,18.7,4.3,28.8,64,74,138,301,70,371,False,False,False,False,False,False
2026-01-27 16:06:36,22.6,54.4,28.5,18.1,3.8,28.5,63,75,138,301,70,371,False,False,False,False,False,False
2026-01-27 16:06:38,22.6,54.5,28.7,18.5,4.1,28.7,62,75,138,301,70,371,False,False,False,False,False,False
2026-01-27 16:06:40,22.6,54.5,28.7,18.9,4.5,28.7,61,76,138,301,70,371,False,False,False,False,False,False
2026-01-27 16:06:42,22.6,54.5,29.6,19.0,4.2,29.6,61,77,138,301,70,371,False,False,False,False,False,False
2026-01-27 16:06:44,22.6,54.6,28.7,18.4,4.0,28.7,60,78,138,301,70,371,False,False,False,False,False,False
2026-01-27 16:06:46,22.6,54.5,28.3,18.2,4.0,28.3,100,37,138,301,70,371,False,False,False,False,False,False
2026-01-27 16:06:48,22.6,54.5,30.4,19.4,4.2,30.4,79,58,138,301,70,371,False,False,False,False,False,False
2026-01-27 16:06:50,22.6,54.6,30.0,19.4,4.4,30.0,78,59,138,301,70,371,False,False,False,False,False,False
2026-01-27 16:06:52,22.6,54.4,29.9,19.2,4.3,29.9,78,60,138,301,70,371,False,False,False,False,False,False
2026-01-27 16:06:54,22.6,54.5,29.8,18.9,4.0,29.8,77,61,138,301,70,371,False,False,False,False,False,False
2026-01-27 16:06:56,22.6,54.4,28.5,19.1,4.9,28.5,76,61,138,301,70,371,False,False,False,False,False,False
2026-01-27 16:06:58,22.6,54.4,29.5,18.7,3.9,29.5,75,62,138,301,70,371,False,False,False,False,False,False
2026-01-27 16:07:00,22.6,54.4,29.8,19.2,4.3,29.8,74,63,138,301,70,371,False,False,False,False,False,False
2026-01-27 16:07:02,22.6,54.4,29.3,18.6,3.9,29.3,74,64,138,301,70,371,False,False,False,False,False,False
2026-01-27 16:07:04,22.6,54.4,29.4,18.8,4.1,29.4,73,65,138,301,70,371,False,False,False,False,False,False
2026-01-27 16:07:06,22.6,54.3,29.2,18.7,4.1,29.2,72,65,138,301,70,371,False,False,False,False,False,False
2026-01-27 16:07:08,22.6,54.4,29.1,18.6,4.1,29.1,71,66,138,301,70,371,False,False,False,False,False,False
2026-01-27 16:07:10,22.6,54.4,29.3,19.1,4.4,29.3,71,67,138,301,70,371,False,False,False,False,False,False
2026-01-27 16:07:12,22.6,54.4,29.1,19.0,4.5,29.1,70,68,138,301,70,371,False,False,False,False,False,False
2026-01-27 16:07:14,22.6,54.3,29.0,18.6,4.1,29.0,69,69,138,301,70,371,False,False,False,False,False,False
2026-01-27 16:07:16,22.6,54.3,28.9,18.6,4.1,28.9,68,69,138,301,70,371,False,False,False,False,False,False
2026-01-27 16:07:18,22.6,54.3,28.9,18.5,4.0,28.9,67,70,138,301,70,371,False,False,False,False,False,False
2026-01-27 16:07:20,22.6,54.4,29.1,19.2,4.7,29.1,66,71,138,301,70,371,False,False,False,False,False,False
2026-01-27 16:07:22,22.6,54.3,29.2,19.1,4.4,29.2,65,72,138,301,70,371,False,False,False,False,False,False
2026-01-27 16:07:24,22.6,54.4,28.8,18.4,4.0,28.8,65,73,138,301,70,371,False,False,False,False,False,False
2026-01-27 16:07:26,22.6,54.3,27.4,18.6,4.9,27.4,64,74,138,301,70,371,False,False,False,False,False,False
2026-01-27 16:07:28,22.6,54.3,28.7,18.2,3.9,28.7,63,74,138,301,70,371,False,False,False,False,False,False
2026-01-27 16:07:30,22.6,54.3,28.9,18.8,4.4,28.9,62,73,136,302,69,371,False,False,False,False,False,False
2026-01-27 16:07:32,22.6,54.3,28.7,18.3,4.0,28.7,61,74,136,302,69,371,False,False,False,False,False,False
2026-01-27 16:07:34,22.6,54.4,28.8,18.4,4.0,28.8,61,75,136,302,69,371,False,False,False,False,False,False
2026-01-27 16:07:36,22.6,54.3,28.7,18.2,3.9,28.7,60,76,136,302,69,371,False,False,False,False,False,False
2026-01-27 16:07:38,22.6,54.4,28.3,18.3,4.1,28.3,100,35,136,302,69,371,False,False,False,False,False,False
2026-01-27 16:07:40,22.6,54.4,30.3,19.8,4.6,30.3,79,57,136,302,69,371,False,False,False,False,False,False
2026-01-27 16:07:42,22.6,54.3,29.8,19.1,4.2,29.8,78,57,136,302,69,371,False,False,False,False,False,False
2026-01-27 16:07:44,22.6,54.3,29.7,18.8,3.9,29.7,77,58,136,302,69,371,False,False,False,False,False,False
2026-01-27 16:07:46,22.6,54.3,29.7,18.9,4.0,29.7,76,59,136,302,69,371,False,False,False,False,False,False
2026-01-27 16:07:48,22.6,54.3,29.9,19.0,4.1,29.9,76,60,136,302,69,371,False,False,False,False,False,False
2026-01-27 16:07:50,22.6,54.3,29.5,19.1,4.4,29.5,75,61,136,302,69,371,False,False,False,False,False,False
2026-01-27 16:07:52,22.6,54.3,29.6,18.9,4.1,29.6,74,61,136,302,69,371,False,False,False,False,False,False
2026-01-27 16:07:54,22.6,54.3,29.3,18.8,4.1,29.3,73,62,136,302,69,371,False,False,False,False,False,False
2026-01-27 16:07:56,22.6,54.4,28.2,18.8,4.7,28.2,72,63,136,302,69,371,False,False,False,False,False,False
2026-01-27 16:07:58,22.6,54.3,29.5,18.8,4.0,29.5,72,64,136,302,69,371,False,False,False,False,False,False
2026-01-27 16:08:00,22.6,54.4,29.2,18.8,4.2,29.2,71,65,136,302,69,371,False,False,False,False,False,False
2026-01-27 16:08:02,22.6,54.6,29.1,18.6,4.0,29.1,70,65,136,302,69,371,False,False,False,False,False,False
2026-01-27 16:08:04,22.7,61.0,29.3,19.4,4.7,29.3,69,66,136,302,69,371,True,False,False,True,False,False
2026-01-27 16:08:06,22.7,62.3,36.4,25.9,7.7,36.4,68,67,136,302,69,371,True,False,False,True,False,False
2026-01-27 16:08:08,22.7,61.7,36.2,25.8,7.6,36.2,66,69,136,302,69,371,True,False,False,True,False,False
2026-01-27 16:08:10,22.8,60.8,35.9,26.0,8.0,35.9,66,70,136,302,69,371,True,False,False,True,False,False
2026-01-27 16:08:12,22.7,59.7,36.2,26.3,8.2,36.2,65,71,136,302,69,371,True,False,False,True,False,False
2026-01-27 16:08:14,22.7,58.8,36.3,25.6,7.4,36.3,64,72,136,302,69,371,True,False,False,True,False,False
2026-01-27 16:08:16,22.8,58.0,35.9,25.7,7.7,35.9,63,72,136,302,69,371,True,False,False,True,False,False
2026-01-27 16:08:18,22.8,57.4,35.9,25.5,7.5,35.9,62,73,136,302,69,371,True,False,False,False,False,False
2026-01-27 16:08:20,22.7,56.8,33.3,23.5,6.9,33.3,61,74,136,302,69,371,False,False,False,False,False,False
2026-01-27 16:08:22,22.8,56.4,29.1,19.5,4.9,29.1,61,75,136,302,69,371,True,False,False,False,False,False
2026-01-27 16:08:24,22.7,56.0,34.0,23.8,6.8,34.0,60,76,136,302,69,371,False,False,False,False,False,False
2026-01-27 16:08:26,22.8,55.7,29.5,20.1,5.3,29.5,59,76,136,302,69,371,True,False,False,False,False,False
2026-01-27 16:08:28,22.8,55.4,34.0,24.2,7.1,34.0,58,77,136,302,69,371,True,False,False,False,False,False
2026-01-27 16:08:30,22.8,55.3,32.9,23.4,6.9,32.9,98,37,136,302,69,371,True,False,False,False,False,False
2026-01-27 16:08:32,22.8,55.0,32.7,22.9,6.6,32.7,76,60,136,302,69,371,True,False,False,False,False,False
2026-01-27 16:08:34,22.8,55.0,34.2,23.8,6.7,34.2,72,63,136,302,69,371,True,False,False,False,False,False
2026-01-27 16:08:36,22.7,54.8,34.1,23.8,6.7,34.1,72,64,136,302,69,371,False,False,False,False,False,False
2026-01-27 16:08:38,22.7,54.7,29.8,19.8,4.9,29.8,71,65,136,302,69,371,False,False,False,False,False,False
2026-01-27 16:08:40,22.7,54.7,29.5,19.6,4.9,29.5,70,65,136,302,69,371,False,False,False,False,False,False
2026-01-27 16:08:42,22.7,54.6,29.7,19.7,4.9,29.7,69,66,136,302,69,371,False,False,False,False,False,False
2026-01-27 16:08:44,22.8,54.5,29.4,19.1,4.4,29.4,68,67,136,302,69,371,True,False,False,False,False,False
2026-01-27 16:08:46,22.8,54.5,33.7,23.4,6.5,33.7,67,68,136,302,69,371,True,False,False,False,False,False
2026-01-27 16:08:48,22.7,54.4,34.1,23.5,6.4,34.1,67,69,136,302,69,371,False,False,False,False,False,False
2026-01-27 16:08:50,22.7,54.4,29.3,19.3,4.7,29.3,66,70,136,302,69,371,False,False,False,False,False,False
2026-01-27 16:08:52,22.7,54.3,29.3,19.4,4.8,29.3,65,70,136,302,69,371,False,False,False,False,False,False
2026-01-27 16:08:54,22.7,54.3,29.2,19.3,4.7,29.2,64,71,136,302,69,371,False,False,False,False,False,False
2026-01-27 16:08:56,22.7,54.3,27.7,19.1,5.2,27.7,63,72,136,302,69,371,False,False,False,False,False,False
2026-01-27 16:08:58,22.7,54.3,29.4,19.7,5.0,29.4,63,73,136,302,69,371,False,False,False,False,False,False
2026-01-27 16:09:00,22.7,54.3,29.1,19.3,4.7,29.1,62,74,136,302,69,371,False,False,False,False,False,False
2026-01-27 16:09:02,22.7,54.3,29.1,19.2,4.7,29.1,61,74,136,302,69,371,False,False,False,False,False,False
2026-01-27 16:09:04,22.7,54.3,29.2,19.5,4.9,29.2,60,75,136,302,69,371,False,False,False,False,False,False
2026-01-27 16:09:06,22.7,54.3,29.4,19.2,4.6,29.4,59,76,136,302,69,371,False,False,False,False,False,False
2026-01-27 16:09:08,22.7,54.3,29.1,19.4,4.9,29.1,59,77,136,302,69,371,False,False,False,False,False,False
2026-01-27 16:09:10,22.7,54.3,28.6,19.4,5.1,28.6,99,37,136,302,69,371,False,False,False,False,False,False
2026-01-27 16:09:12,22.7,54.3,29.5,20.0,5.3,29.5,82,54,136,302,69,371,False,False,False,False,False,False
2026-01-27 16:09:14,22.7,54.2,30.4,19.7,4.5,30.4,77,58,136,302,69,371,False,False,False,False,False,False
2026-01-27 16:09:16,22.7,54.2,30.3,20.0,4.8,30.3,76,59,136,302,69,371,False,False,False,False,False,False
2026-01-27 16:09:18,22.7,54.3,32.1,21.9,5.9,32.1,75,61,136,302,69,371,False,False,False,False,False,False
2026-01-27 16:09:20,22.7,54.2,29.5,19.8,5.0,29.5,74,61,136,302,69,371,False,False,False,False,False,False
2026-01-27 16:09:22,22.7,54.2,29.2,18.8,4.1,29.2,73,63,136,302,69,371,False,False,False,False,False,False
2026-01-27 16:09:24,22.7,54.2,29.9,19.1,4.2,29.9,73,63,136,302,69,371,False,False,False,False,False,False
2026-01-27 16:09:26,22.7,54.3,28.3,18.9,4.8,28.3,72,64,136,302,69,371,False,False,False,False,False,False
2026-01-27 16:09:28,22.7,54.3,29.1,18.5,3.9,29.1,71,64,136,302,69,371,False,False,False,False,False,False
2026-01-27 16:09:30,22.7,54.3,29.1,18.6,4.0,29.1,70,65,136,302,69,371,False,False,False,False,False,False
2026-01-27 16:09:32,22.7,54.3,29.1,18.7,4.1,29.1,70,66,136,302,69,371,False,False,False,False,False,False
2026-01-27 16:09:34,22.7,54.3,29.0,18.6,4.1,29.0,69,66,136,302,69,371,False,False,False,False,False,False
2026-01-27 16:09:36,22.7,54.3,29.1,18.6,4.1,29.1,68,67,136,302,69,371,False,False,False,False,False,False
2026-01-27 16:09:38,22.7,54.3,28.8,18.4,4.0,28.8,67,68,136,302,69,371,False,False,False,False,False,False
2026-01-27 16:09:40,22.7,54.3,28.9,18.8,4.4,28.9,67,67,134,305,66,371,False,False,False,False,False,False
2026-01-27 16:09:42,22.6,54.3,28.9,18.7,4.3,28.9,66,69,136,302,69,371,False,False,False,False,False,False
2026-01-27 16:09:44,22.6,54.3,28.7,18.1,3.7,28.7,65,70,136,302,69,371,False,False,False,False,False,False
2026-01-27 16:09:46,22.6,54.3,29.5,19.0,4.2,29.5,65,71,136,302,69,371,False,False,False,False,False,False
2026-01-27 16:09:48,22.6,54.3,28.8,18.7,4.3,28.8,64,71,136,302,69,371,False,False,False,False,False,False
2026-01-27 16:09:50,22.7,54.4,28.8,18.6,4.2,28.8,63,72,136,302,69,371,False,False,False,False,False,False
2026-01-27 16:09:52,22.6,54.3,28.6,18.2,3.9,28.6,62,73,136,302,69,371,False,False,False,False,False,False
2026-01-27 16:09:54,22.6,54.4,28.8,18.5,4.1,28.8,62,74,136,302,69,371,False,False,False,False,False,False
2026-01-27 16:09:56,22.6,54.3,27.1,18.4,4.9,27.1,61,75,136,302,69,371,False,False,False,False,False,False
2026-01-27 16:09:58,22.6,54.4,28.9,18.9,4.4,28.9,60,75,136,302,69,371,False,False,False,False,False,False
2026-01-27 16:10:00,22.6,54.4,28.3,18.4,4.2,28.3,100,35,136,302,69,371,False,False,False,False,False,False
2026-01-27 16:10:02,22.6,54.4,30.3,19.1,3.9,30.3,79,56,136,302,69,371,False,False,False,False,False,False
2026-01-27 16:10:04,22.6,54.4,34.5,21.9,4.6,34.5,75,61,136,302,69,371,False,False,False,False,False,False
2026-01-27 16:10:06,22.6,54.5,29.4,19.1,4.4,29.4,74,62,136,302,69,371,False,False,False,False,False,False
2026-01-27 16:10:08,22.6,54.5,29.2,18.6,4.0,29.2,73,62,136,302,69,371,False,False,False,False,False,False
2026-01-27 16:10:10,22.6,54.4,29.4,19.2,4.5,29.4,72,61,134,305,66,371,False,False,False,False,False,False
2026-01-27 16:10:12,22.6,54.5,29.4,19.4,4.7,29.4,71,64,136,302,69,371,False,False,False,False,False,False
2026-01-27 16:10:14,22.6,54.5,29.2,18.2,3.6,29.2,70,65,136,302,69,371,False,False,False,False,False,False
2026-01-27 16:10:16,22.6,54.5,29.1,18.7,4.1,29.1,70,66,136,302,69,371,False,False,False,False,False,False
2026-01-27 16:10:18,22.6,54.5,29.0,18.5,4.0,29.0,69,67,136,302,69,371,False,False,False,False,False,False
2026-01-27 16:10:20,22.6,54.5,29.1,19.4,4.8,29.1,68,67,136,302,69,371,False,False,False,False,False,False
2026-01-27 16:10:22,22.6,54.5,29.0,18.7,4.2,29.0,67,68,136,302,69,371,False,False,False,False,False,False
2026-01-27 16:10:24,22.6,54.5,29.1,18.7,4.1,29.1,66,69,136,302,69,371,False,False,False,False,False,False
2026-01-27 16:10:26,22.6,54.5,28.0,18.7,4.7,28.0,66,70,136,302,69,371,False,False,False,False,False,False
2026-01-27 16:10:28,22.6,54.5,29.0,18.7,4.2,29.0,65,71,136,302,69,371,False,False,False,False,False,False
2026-01-27 16:10:30,22.6,54.5,28.8,18.2,3.8,28.8,64,71,136,302,69,371,False,False,False,False,False,False
2026-01-27 16:10:32,22.6,54.4,28.8,18.4,4.0,28.8,63,72,136,302,69,371,False,False,False,False,False,False
2026-01-27 16:10:34,22.6,54.5,29.0,18.5,4.0,29.0,62,73,136,302,69,371,False,False,False,False,False,False
2026-01-27 16:10:36,22.6,54.6,28.8,18.7,4.4,28.8,62,74,136,302,69,371,False,False,False,False,False,False
2026-01-27 16:10:38,22.6,54.6,28.8,18.3,4.0,28.8,61,75,136,302,69,371,False,False,False,False,False,False
2026-01-27 16:10:40,22.6,54.6,28.7,18.1,3.7,28.7,60,75,136,302,69,371,False,False,False,False,False,False
2026-01-27 16:10:42,22.6,54.7,28.7,19.1,4.8,28.7,100,35,136,302,69,371,False,False,False,False,False,False
2026-01-27 16:10:44,22.6,54.6,30.1,18.8,3.7,30.1,79,56,136,302,69,371,False,False,False,False,False,False
2026-01-27 16:10:46,22.6,54.7,30.0,19.3,4.3,30.0,79,57,136,302,69,371,False,False,False,False,False,False
2026-01-27 16:10:48,22.6,54.7,29.7,18.7,3.9,29.7,78,58,136,302,69,371,False,False,False,False,False,False
2026-01-27 16:10:50,22.6,54.7,29.8,19.2,4.3,29.8,77,58,136,302,69,371,False,False,False,False,False,False
2026-01-27 16:10:52,22.6,54.7,29.7,18.5,3.6,29.7,76,59,136,302,69,371,False,False,False,False,False,False
2026-01-27 16:10:54,22.6,54.7,29.4,18.9,4.2,29.4,75,60,136,302,69,371,False,False,False,False,False,False
2026-01-27 16:10:56,22.6,54.7,29.5,19.4,4.6,29.5,75,61,136,302,69,371,False,False,False,False,False,False
2026-01-27 16:10:58,22.6,54.7,29.4,18.8,4.0,29.4,74,62,136,302,69,371,False,False,False,False,False,False
2026-01-27 16:11:00,22.6,54.8,29.3,18.5,3.9,29.3,73,62,136,302,69,371,False,False,False,False,False,False
2026-01-27 16:11:02,22.6,54.7,29.5,18.9,4.2,29.5,72,63,136,302,69,371,False,False,False,False,False,False
2026-01-27 16:11:04,22.6,54.7,29.3,18.7,4.0,29.3,71,64,136,302,69,371,False,False,False,False,False,False
2026-01-27 16:11:06,22.6,54.7,29.1,18.8,4.2,29.1,70,65,136,302,69,371,False,False,False,False,False,False
2026-01-27 16:11:08,22.6,54.6,29.0,18.5,4.0,29.0,70,66,136,302,69,371,False,False,False,False,False,False
2026-01-27 16:11:10,22.6,54.6,29.0,18.5,4.0,29.0,69,67,136,302,69,371,False,False,False,False,False,False
2026-01-27 16:11:12,22.6,54.7,29.6,19.7,5.0,29.6,68,67,136,302,69,371,False,False,False,False,False,False
2026-01-27 16:11:14,22.6,54.6,29.0,18.4,4.0,29.0,67,68,136,302,69,371,False,False,False,False,False,False
2026-01-27 16:11:16,22.6,54.6,28.9,18.4,4.0,28.9,66,69,136,302,69,371,False,False,False,False,False,False
2026-01-27 16:11:18,22.6,54.6,28.8,18.1,3.7,28.8,66,70,136,302,69,371,False,False,False,False,False,False
2026-01-27 16:11:20,22.6,54.6,29.2,19.2,4.6,29.2,65,71,136,302,69,371,False,False,False,False,False,False
2026-01-27 16:11:22,22.6,54.6,29.5,18.9,4.2,29.5,64,71,136,302,69,371,False,False,False,False,False,False
2026-01-27 16:11:24,22.6,54.6,28.7,18.5,4.1,28.7,63,72,136,302,69,371,False,False,False,False,False,False
2026-01-27 16:11:26,22.6,54.7,28.0,18.8,4.8,28.0,62,73,136,302,69,371,False,False,False,False,False,False
2026-01-27 16:11:28,22.6,54.7,28.7,18.7,4.3,28.7,61,74,136,302,69,371,False,False,False,False,False,False
2026-01-27 16:11:30,22.6,54.7,28.7,18.5,4.1,28.7,60,75,136,302,69,371,False,False,False,False,False,False
2026-01-27 16:11:32,22.6,54.8,29.1,18.9,4.4,29.1,60,76,136,302,69,371,False,False,False,False,False,False
2026-01-27 16:11:34,22.6,54.8,28.4,18.1,3.9,28.4,100,36,136,302,69,371,False,False,False,False,False,False
2026-01-27 16:11:36,22.6,54.7,30.8,19.4,4.0,30.8,79,56,136,302,69,371,False,False,False,False,False,False
2026-01-27 16:11:38,22.6,54.8,29.9,19.0,4.1,29.9,78,57,136,302,69,371,False,False,False,False,False,False
2026-01-27 16:11:40,22.6,54.7,29.7,18.9,4.0,29.7,77,58,136,302,69,371,False,False,False,False,False,False
2026-01-27 16:11:42,22.6,54.7,29.8,19.7,4.8,29.8,77,59,136,302,69,371,False,False,False,False,False,False
2026-01-27 16:11:44,22.6,54.7,29.5,18.6,3.8,29.5,75,60,136,302,69,371,False,False,False,False,False,False
2026-01-27 16:11:46,22.6,54.7,29.5,18.8,4.1,29.5,75,60,136,302,69,371,False,False,False,False,False,False
2026-01-27 16:11:48,22.6,54.7,29.4,18.6,3.9,29.4,74,61,136,302,69,371,False,False,False,False,False,False
2026-01-27 16:11:50,22.6,54.7,29.7,19.0,4.1,29.7,73,62,136,302,69,371,False,False,False,False,False,False
2026-01-27 16:11:52,22.6,54.6,29.2,18.7,4.1,29.2,72,63,136,302,69,371,False,False,False,False,False,False
2026-01-27 16:11:54,22.6,54.7,29.3,18.8,4.1,29.3,72,64,136,302,69,371,False,False,False,False,False,False
2026-01-27 16:11:56,22.6,54.7,29.1,18.9,4.3,29.1,71,64,136,302,69,371,False,False,False,False,False,False
2026-01-27 16:11:58,22.6,54.6,29.2,18.6,4.0,29.2,70,65,136,302,69,371,False,False,False,False,False,False
2026-01-27 16:12:00,22.6,54.6,29.2,18.4,3.8,29.2,69,66,136,302,69,371,False,False,False,False,False,False
2026-01-27 16:12:02,22.6,54.6,29.0,18.5,4.0,29.0,68,67,136,302,69,371,False,False,False,False,False,False
2026-01-27 16:12:04,22.6,54.6,28.9,18.3,3.9,28.9,68,68,136,302,69,371,False,False,False,False,False,False
2026-01-27 16:12:06,22.6,54.6,29.0,19.2,4.7,29.0,67,69,136,302,69,371,False,False,False,False,False,False
2026-01-27 16:12:08,22.6,54.6,28.8,18.2,3.9,28.8,66,69,136,302,69,371,False,False,False,False,False,False
2026-01-27 16:12:10,22.6,54.6,29.0,18.4,3.9,29.0,65,70,136,302,69,371,False,False,False,False,False,False
2026-01-27 16:12:12,22.6,54.5,29.2,19.5,5.0,29.2,64,71,136,302,69,371,False,False,False,False,False,False
2026-01-27 16:12:14,22.7,54.6,28.7,18.1,3.8,28.7,64,72,136,302,69,371,False,False,False,False,False,False
2026-01-27 16:12:16,22.6,54.5,28.8,18.5,4.1,28.8,63,73,136,302,69,371,False,False,False,False,False,False
2026-01-27 16:12:18,22.6,54.6,28.8,18.5,4.1,28.8,62,73,136,302,69,371,False,False,False,False,False,False
2026-01-27 16:12:20,22.6,54.6,29.3,19.4,4.7,29.3,61,74,136,302,69,371,False,False,False,False,False,False
2026-01-27 16:12:22,22.6,54.7,28.5,18.6,4.3,28.5,60,75,136,302,69,371,False,False,False,False,False,False
2026-01-27 16:12:24,22.6,54.7,28.7,18.5,4.2,28.7,60,76,136,302,69,371,False,False,False,False,False,False
2026-01-27 16:12:26,22.7,54.7,27.8,18.5,4.6,27.8,100,36,136,302,69,371,False,False,False,False,False,False
2026-01-27 16:12:28,22.6,54.8,30.4,19.4,4.1,30.4,79,56,136,302,69,371,False,False,False,False,False,False
2026-01-27 16:12:30,22.7,54.7,30.1,18.9,3.9,30.1,79,57,136,302,69,371,False,False,False,False,False,False
2026-01-27 16:12:32,22.7,54.8,29.9,19.1,4.1,29.9,78,58,136,302,69,371,False,False,False,False,False,False
2026-01-27 16:12:34,22.7,54.8,29.7,18.8,4.0,29.7,77,58,136,302,69,371,False,False,False,False,False,False
2026-01-27 16:12:36,22.7,54.7,29.7,18.9,4.1,29.7,76,59,136,302,69,371,False,False,False,False,False,False
2026-01-27 16:12:38,22.7,54.7,29.7,18.7,3.8,29.7,75,60,136,302,69,371,False,False,False,False,False,False
2026-01-27 16:12:40,22.7,54.7,29.4,18.7,4.0,29.4,75,61,136,302,69,371,False,False,False,False,False,False
2026-01-27 16:12:42,22.6,54.8,29.7,19.5,4.7,29.7,73,62,136,302,69,371,False,False,False,False,False,False
2026-01-27 16:12:44,22.7,54.8,29.3,18.5,3.8,29.3,73,62,136,302,69,371,False,False,False,False,False,False
2026-01-27 16:12:46,22.7,54.7,29.4,18.5,3.9,29.4,72,63,136,302,69,371,False,False,False,False,False,False
2026-01-27 16:12:48,22.7,54.8,29.5,18.8,4.1,29.5,71,64,136,302,69,371,False,False,False,False,False,False
2026-01-27 16:12:50,22.7,54.8,29.2,18.9,4.3,29.2,70,65,136,302,69,371,False,False,False,False,False,False
2026-01-27 16:12:52,22.7,54.8,29.2,18.5,3.9,29.2,70,66,136,302,69,371,False,False,False,False,False,False
2026-01-27 16:12:54,22.7,54.7,29.1,18.5,3.9,29.1,69,67,136,302,69,371,False,False,False,False,False,False
2026-01-27 16:12:56,22.7,54.7,28.8,18.8,4.4,28.8,68,67,136,302,69,371,False,False,False,False,False,False
2026-01-27 16:12:58,22.7,54.7,29.2,18.5,3.9,29.2,67,68,136,302,69,371,False,False,False,False,False,False
2026-01-27 16:13:00,22.6,54.7,28.7,18.2,3.8,28.7,66,69,136,302,69,371,False,False,False,False,False,False
2026-01-27 16:13:02,22.7,54.7,29.0,19.0,4.5,29.0,66,70,136,302,69,371,False,False,False,False,False,False
2026-01-27 16:13:04,22.7,54.6,28.9,18.5,4.1,28.9,65,71,136,302,69,371,False,False,False,False,False,False
2026-01-27 16:13:06,22.7,54.6,28.9,18.5,4.1,28.9,64,71,136,302,69,371,False,False,False,False,False,False
2026-01-27 16:13:08,22.7,54.6,28.9,18.2,3.8,28.9,63,72,136,302,69,371,False,False,False,False,False,False
2026-01-27 16:13:10,22.7,54.5,28.8,18.5,4.1,28.8,62,73,136,302,69,371,False,False,False,False,False,False
2026-01-27 16:13:12,22.7,54.6,29.0,19.3,4.9,29.0,62,74,136,302,69,371,False,False,False,False,False,False
2026-01-27 16:13:14,22.7,54.6,28.8,18.4,4.0,28.8,61,75,136,302,69,371,False,False,False,False,False,False
2026-01-27 16:13:16,22.7,54.6,28.7,18.2,3.9,28.7,60,75,136,302,69,371,False,False,False,False,False,False
2026-01-27 16:13:18,22.7,54.5,28.5,18.3,4.0,28.5,100,35,136,302,69,371,False,False,False,False,False,False
2026-01-27 16:13:20,22.7,54.6,30.4,19.6,4.4,30.4,79,56,136,302,69,371,False,False,False,False,False,False
2026-01-27 16:13:22,22.7,54.5,30.6,19.6,4.3,30.6,79,57,136,302,69,371,False,False,False,False,False,False
2026-01-27 16:13:24,22.7,54.6,29.8,18.7,3.8,29.8,78,58,136,302,69,371,False,False,False,False,False,False
2026-01-27 16:13:26,22.7,54.6,29.6,19.2,4.4,29.6,77,58,136,302,69,371,False,False,False,False,False,False
2026-01-27 16:13:28,22.7,54.6,30.0,19.4,4.4,30.0,76,59,136,302,69,371,False,False,False,False,False,False
2026-01-27 16:13:30,22.7,54.5,29.5,18.5,3.8,29.5,75,60,136,302,69,371,False,False,False,False,False,False
2026-01-27 16:13:32,22.7,54.5,29.6,18.9,4.1,29.6,75,61,136,302,69,371,False,False,False,False,False,False
2026-01-27 16:13:34,22.7,54.6,29.4,18.6,3.9,29.4,74,62,136,302,69,371,False,False,False,False,False,False
2026-01-27 16:13:36,22.7,54.5,29.7,18.9,4.1,29.7,73,62,136,302,69,371,False,False,False,False,False,False
2026-01-27 16:13:38,22.7,54.5,29.3,18.6,3.9,29.3,72,63,136,302,69,371,False,False,False,False,False,False
2026-01-27 16:13:40,22.7,54.5,29.1,18.6,4.0,29.1,71,64,136,302,69,371,False,False,False,False,False,False
2026-01-27 16:13:42,22.7,54.5,29.4,19.2,4.4,29.4,70,65,136,302,69,371,False,False,False,False,False,False
2026-01-27 16:13:44,22.7,54.6,29.2,18.7,4.1,29.2,70,66,136,302,69,371,False,False,False,False,False,False
2026-01-27 16:13:46,22.7,54.5,29.4,18.9,4.2,29.4,69,67,136,302,69,371,False,False,False,False,False,False
2026-01-27 16:13:48,22.7,54.6,29.0,18.5,4.0,29.0,68,67,136,302,69,371,False,False,False,False,False,False
2026-01-27 16:13:50,22.7,54.6,29.1,18.4,3.9,29.1,67,68,136,302,69,371,False,False,False,False,False,False
2026-01-27 16:13:52,22.7,54.6,28.9,18.4,4.0,28.9,66,69,136,302,69,371,False,False,False,False,False,False
2026-01-27 16:13:54,22.7,54.5,28.8,18.2,3.8,28.8,66,70,136,302,69,371,False,False,False,False,False,False
2026-01-27 16:13:56,22.7,54.6,29.0,19.3,4.8,29.0,65,71,136,302,69,371,False,False,False,False,False,False
2026-01-27 16:13:58,22.7,54.6,28.7,18.2,3.8,28.7,64,72,136,302,69,371,False,False,False,False,False,False
2026-01-27 16:14:00,22.7,54.5,28.7,18.2,3.8,28.7,63,72,136,302,69,371,False,False,False,False,False,False
2026-01-27 16:14:02,22.7,54.6,28.9,18.7,4.3,28.9,62,73,136,302,69,371,False,False,False,False,False,False
2026-01-27 16:14:04,22.7,54.6,28.7,18.1,3.8,28.7,62,74,136,302,69,371,False,False,False,False,False,False
2026-01-27 16:14:06,22.7,54.6,29.2,19.3,4.8,29.2,61,75,136,302,69,371,False,False,False,False,False,False
2026-01-27 16:14:08,22.7,54.6,28.7,18.1,3.8,28.7,60,75,136,302,69,371,False,False,False,False,False,False
2026-01-27 16:14:10,22.7,54.6,28.3,18.2,4.0,28.3,100,35,136,302,69,371,False,False,False,False,False,False
2026-01-27 16:14:12,22.7,54.6,28.9,19.4,5.0,28.9,79,56,136,302,69,371,False,False,False,False,False,False
2026-01-27 16:14:14,22.7,54.6,29.8,19.1,4.1,29.8,78,57,136,302,69,371,False,False,False,False,False,False
2026-01-27 16:14:16,22.7,54.7,30.0,18.8,3.8,30.0,78,58,136,302,69,371,False,False,False,False,False,False
2026-01-27 16:14:18,22.7,54.7,29.7,18.9,4.0,29.7,77,58,136,302,69,371,False,False,False,False,False,False
2026-01-27 16:14:20,22.7,54.8,29.8,19.3,4.4,29.8,76,59,136,303,68,371,False,False,False,False,False,False
2026-01-27 16:14:22,22.7,54.7,29.7,19.2,4.4,29.7,75,60,136,302,69,371,False,False,False,False,False,False
2026-01-27 16:14:24,22.7,54.7,29.5,18.5,3.7,29.5,75,61,136,302,69,371,False,False,False,False,False,False
2026-01-27 16:14:26,22.7,54.6,29.2,19.1,4.5,29.2,74,62,136,302,69,371,False,False,False,False,False,False
2026-01-27 16:14:28,22.7,54.6,29.2,18.8,4.2,29.2,73,62,136,302,69,371,False,False,False,False,False,False
2026-01-27 16:14:30,22.7,54.6,29.4,18.5,3.8,29.4,72,63,136,302,69,371,False,False,False,False,False,False
2026-01-27 16:14:32,22.7,54.5,29.3,18.8,4.2,29.3,71,64,136,302,69,371,False,False,False,False,False,False
2026-01-27 16:14:34,22.7,54.5,29.3,18.4,3.7,29.3,71,65,136,302,69,371,False,False,False,False,False,False
2026-01-27 16:14:36,22.7,54.5,29.2,18.9,4.3,29.2,70,66,136,302,69,371,False,False,False,False,False,False
2026-01-27 16:14:38,22.7,54.5,29.0,18.3,3.8,29.0,69,66,136,302,69,371,False,False,False,False,False,False
2026-01-27 16:14:40,22.7,54.3,29.0,18.4,3.9,29.0,68,67,136,302,69,371,False,False,False,False,False,False
2026-01-27 16:14:42,22.8,54.5,29.1,18.9,4.4,29.1,67,68,136,302,69,371,True,False,False,False,False,False
2026-01-27 16:14:44,22.7,54.4,34.3,24.1,6.9,34.3,66,69,136,302,69,371,False,False,False,False,False,False
2026-01-27 16:14:46,22.7,54.4,29.3,19.1,4.5,29.3,64,71,136,302,69,371,False,False,False,False,False,False
2026-01-27 16:14:48,22.8,54.4,29.3,19.3,4.7,29.3,63,72,136,302,69,371,True,False,False,False,False,False
2026-01-27 16:14:50,22.7,54.4,33.5,23.2,6.5,33.5,63,73,136,302,69,371,False,False,False,False,False,False
2026-01-27 16:14:52,22.7,54.4,29.1,19.4,4.8,29.1,62,74,136,302,69,371,False,False,False,False,False,False
2026-01-27 16:14:54,22.8,54.4,29.4,19.4,4.7,29.4,61,74,136,302,69,371,True,False,False,False,False,False
2026-01-27 16:14:56,22.7,54.6,33.1,23.4,6.8,33.1,60,75,136,302,69,371,False,False,False,False,False,False
2026-01-27 16:14:58,22.7,54.7,29.4,19.5,4.8,29.4,59,76,136,302,69,371,False,False,False,False,False,False
2026-01-27 16:15:00,22.8,54.8,29.0,18.9,4.4,29.0,59,77,136,302,69,371,True,False,False,False,False,False
2026-01-27 16:15:02,22.7,54.8,33.4,23.1,6.4,33.4,99,37,136,302,69,371,False,False,False,False,False,False
2026-01-27 16:15:04,22.8,54.9,28.8,18.8,4.4,28.8,82,54,136,302,69,371,True,False,False,True,False,False
2026-01-27 16:15:06,22.8,55.0,34.5,24.8,7.5,34.5,73,62,136,302,69,371,True,False,False,True,False,False
2026-01-27 16:15:08,22.8,54.9,36.3,25.7,7.5,36.3,70,66,136,302,69,371,True,False,False,False,False,False
2026-01-27 16:15:10,22.8,54.8,34.0,23.4,6.4,34.0,69,67,136,302,69,371,False,False,False,False,False,False
2026-01-27 16:15:12,22.8,54.7,29.6,20.0,5.2,29.6,68,68,136,302,69,371,False,False,False,False,False,False
2026-01-27 16:15:14,22.8,54.7,29.6,19.7,4.9,29.6,67,68,136,302,69,371,False,False,False,False,False,False
2026-01-27 16:15:16,22.8,54.6,29.4,19.1,4.4,29.4,66,69,136,302,69,371,False,False,False,False,False,False
2026-01-27 16:15:18,22.8,54.6,29.3,19.6,5.0,29.3,65,70,136,302,69,371,False,False,False,False,False,False
2026-01-27 16:15:20,22.8,54.5,29.3,19.5,4.8,29.3,65,71,136,302,69,371,False,False,False,False,False,False
2026-01-27 16:15:22,22.8,54.4,29.5,19.8,5.1,29.5,64,72,136,302,69,371,False,False,False,False,False,False
2026-01-27 16:15:24,22.8,54.4,29.5,19.2,4.5,29.5,63,72,136,302,69,371,False,False,False,False,False,False
2026-01-27 16:15:26,22.8,54.5,29.0,19.7,5.2,29.0,62,73,136,302,69,371,False,False,False,False,False,False
2026-01-27 16:15:28,22.8,54.5,29.3,19.4,4.8,29.3,61,74,136,302,69,371,False,False,False,False,False,False
2026-01-27 16:15:30,22.7,54.4,29.1,19.1,4.6,29.1,61,75,136,302,69,371,False,False,False,False,False,False
2026-01-27 16:15:32,22.8,54.4,29.4,19.3,4.6,29.4,60,76,136,302,69,371,False,False,False,False,False,False
2026-01-27 16:15:34,22.8,54.5,29.1,19.4,4.9,29.1,59,76,136,302,69,371,False,False,False,False,False,False
2026-01-27 16:15:36,22.7,54.4,29.3,19.6,5.0,29.3,58,77,136,302,69,371,False,False,False,False,False,False
2026-01-27 16:15:38,22.8,54.5,28.6,19.1,4.8,28.6,98,37,136,302,69,371,False,False,False,False,False,False
2026-01-27 16:15:40,22.8,54.4,30.8,21.1,5.7,30.8,81,54,136,302,69,371,False,False,False,False,False,False
2026-01-27 16:15:42,22.7,54.3,28.8,18.5,4.1,28.8,78,57,136,302,69,371,False,False,False,True,False,False
2026-01-27 16:15:44,22.7,54.4,32.3,22.8,6.6,32.3,76,59,136,302,69,371,False,False,False,False,False,False
2026-01-27 16:15:46,22.7,54.4,29.9,19.5,4.6,29.9,75,60,136,302,69,371,False,False,False,False,False,False
2026-01-27 16:15:48,22.7,54.3,30.0,19.5,4.5,30.0,75,61,136,302,69,371,False,False,False,True,False,False
2026-01-27 16:15:50,22.7,54.4,34.2,23.6,6.5,34.2,72,63,136,302,69,371,False,False,False,False,False,False
2026-01-27 16:15:52,22.7,54.4,30.1,19.8,4.7,30.1,71,64,136,302,69,371,False,False,False,False,False,False
2026-01-27 16:15:54,22.8,54.4,29.6,19.0,4.2,29.6,70,65,136,302,69,371,False,False,False,False,False,False
2026-01-27 16:15:56,22.7,54.4,29.5,19.9,5.1,29.5,69,66,136,302,69,371,False,False,False,False,False,False
2026-01-27 16:15:58,22.7,54.4,29.6,19.5,4.7,29.6,68,67,136,302,69,371,False,False,False,False,False,False
2026-01-27 16:16:00,22.7,54.4,29.5,19.3,4.5,29.5,67,68,136,302,69,371,False,False,False,False,False,False
2026-01-27 16:16:02,22.7,55.0,29.7,19.4,4.6,29.7,67,69,136,302,69,371,False,False,False,True,False,False
2026-01-27 16:16:04,22.8,59.6,33.9,23.6,6.7,33.9,66,70,136,302,69,371,False,False,False,True,False,False
2026-01-27 16:16:06,22.8,61.9,34.0,23.7,6.7,34.0,65,70,136,302,69,371,False,False,False,True,False,False
2026-01-27 16:16:08,22.8,61.2,33.6,23.8,7.0,33.6,64,71,136,302,69,371,False,False,False,True,False,False
2026-01-27 16:16:10,22.8,60.1,33.9,23.6,6.6,33.9,63,72,136,302,69,371,False,False,False,True,False,False
2026-01-27 16:16:12,22.8,59.2,34.7,25.0,7.6,34.7,63,73,136,302,69,371,False,False,False,True,False,False
2026-01-27 16:16:14,22.8,58.4,34.3,24.1,7.0,34.3,62,74,136,302,69,371,False,False,False,True,False,False
2026-01-27 16:16:16,22.8,57.8,33.5,23.4,6.6,33.5,61,74,136,302,69,371,False,False,False,True,False,False
2026-01-27 16:16:18,22.8,57.2,33.7,23.7,6.8,33.7,60,75,136,302,69,371,False,False,False,False,False,False
2026-01-27 16:16:20,22.8,56.7,29.2,19.6,5.0,29.2,59,76,136,302,69,371,False,False,False,False,False,False
2026-01-27 16:16:22,22.8,56.4,29.6,19.9,5.1,29.6,59,77,136,302,69,371,False,False,False,False,False,False
2026-01-27 16:16:24,22.8,56.1,28.7,18.9,4.6,28.7,99,37,136,302,69,371,False,False,False,False,False,False
2026-01-27 16:16:26,22.8,55.8,28.5,19.8,5.6,28.5,81,54,136,302,69,371,False,False,False,False,False,False
2026-01-27 16:16:28,22.8,55.6,30.7,20.3,4.9,30.7,77,58,136,302,69,371,False,False,False,False,False,False
2026-01-27 16:16:30,22.8,55.4,30.2,19.7,4.6,30.2,76,59,136,302,69,371,False,False,False,False,False,False
2026-01-27 16:16:32,22.8,55.2,30.2,19.7,4.5,30.2,76,60,136,302,69,371,False,False,False,False,False,False
2026-01-27 16:16:34,22.8,55.0,30.0,19.8,4.8,30.0,75,61,136,302,69,371,False,False,False,False,False,False
2026-01-27 16:16:36,22.8,54.9,30.1,19.8,4.8,30.1,74,61,136,302,69,371,False,False,False,False,False,False
2026-01-27 16:16:38,22.8,54.9,29.9,19.4,4.5,29.9,73,62,136,302,69,371,False,False,False,False,False,False
2026-01-27 16:16:40,22.8,54.8,30.0,19.7,4.7,30.0,72,63,136,302,69,371,False,False,False,False,False,False
2026-01-27 16:16:42,22.8,54.7,28.3,19.2,5.1,28.3,72,64,136,302,69,371,False,False,False,False,False,False
2026-01-27 16:16:44,22.7,54.7,29.8,19.8,4.9,29.8,70,65,136,302,69,371,False,False,False,False,False,False
2026-01-27 16:16:46,22.8,54.6,29.6,19.4,4.6,29.6,70,65,136,302,69,371,False,False,False,False,False,False
2026-01-27 16:16:48,22.8,54.6,31.8,21.8,5.9,31.8,69,66,136,302,69,371,False,False,False,False,False,False
2026-01-27 16:16:50,22.8,54.6,29.2,18.5,3.9,29.2,68,67,136,302,69,371,False,False,False,False,False,False
2026-01-27 16:16:52,22.8,54.5,29.0,18.6,4.1,29.0,68,68,136,302,69,371,False,False,False,False,False,False
2026-01-27 16:16:54,22.8,54.5,29.0,18.4,3.9,29.0,67,69,136,302,69,371,False,False,False,False,False,False
2026-01-27 16:16:56,22.8,54.6,29.0,19.5,5.0,29.0,66,70,136,302,69,371,False,False,False,False,False,False
2026-01-27 16:16:58,22.8,54.5,28.9,18.3,3.9,28.9,65,70,136,302,69,371,False,False,False,False,False,False
2026-01-27 16:17:00,22.8,54.5,28.9,18.8,4.3,28.9,64,71,136,302,69,371,False,False,False,False,False,False
2026-01-27 16:17:02,22.7,54.5,28.8,17.9,3.5,28.8,64,72,136,304,67,371,False,False,False,False,False,False
2026-01-27 16:17:04,22.7,54.5,28.8,18.6,4.2,28.8,63,73,136,302,69,371,False,False,False,False,False,False
2026-01-27 16:17:06,22.7,54.5,28.8,18.5,4.1,28.8,62,73,136,302,69,371,False,False,False,False,False,False
2026-01-27 16:17:08,22.7,54.5,28.7,18.6,4.2,28.7,61,74,136,302,69,371,False,False,False,False,False,False
2026-01-27 16:17:10,22.7,54.5,29.4,18.8,4.1,29.4,61,75,136,302,69,371,False,False,False,False,False,False
2026-01-27 16:17:12,22.7,54.5,28.9,19.4,4.9,28.9,60,75,136,302,69,371,False,False,False,False,False,False
2026-01-27 16:17:14,22.7,54.5,28.8,18.3,3.9,28.8,59,76,136,302,69,371,False,False,False,False,False,False
2026-01-27 16:17:16,22.7,54.5,28.2,18.2,4.1,28.2,99,36,136,302,69,371,False,False,False,False,False,False
2026-01-27 16:17:18,22.7,54.5,30.5,19.6,4.4,30.5,79,56,136,302,69,371,False,False,False,False,False,False
2026-01-27 16:17:20,22.7,54.5,30.2,19.4,4.4,30.2,79,57,136,302,69,371,False,False,False,False,False,False
2026-01-27 16:17:22,22.7,54.5,29.8,19.1,4.2,29.8,78,58,136,302,69,371,False,False,False,False,False,False
2026-01-27 16:17:24,22.7,54.5,29.7,18.6,3.8,29.7,77,58,136,302,69,371,False,False,False,False,False,False
2026-01-27 16:17:26,22.7,54.5,29.4,19.3,4.6,29.4,76,59,136,302,69,371,False,False,False,False,False,False
2026-01-27 16:17:28,22.7,54.5,29.8,18.7,3.8,29.8,75,60,136,302,69,371,False,False,False,False,False,False
2026-01-27 16:17:30,22.7,54.5,29.5,18.8,4.1,29.5,75,61,136,302,69,371,False,False,False,False,False,False
2026-01-27 16:17:32,22.7,54.5,29.5,19.2,4.4,29.5,74,62,136,302,69,371,False,False,False,False,False,False
2026-01-27 16:17:34,22.7,54.5,29.5,18.9,4.2,29.5,73,62,136,302,69,371,False,False,False,False,False,False
2026-01-27 16:17:36,22.7,54.5,29.4,18.8,4.1,29.4,72,63,136,302,69,371,False,False,False,False,False,False
2026-01-27 16:17:38,22.7,54.5,29.5,19.0,4.3,29.5,71,64,136,302,69,371,False,False,False,False,False,False
2026-01-27 16:17:40,22.7,54.5,29.2,18.7,4.1,29.2,70,65,136,302,69,371,False,False,False,False,False,False
2026-01-27 16:17:42,22.7,54.5,27.6,18.8,5.0,27.6,70,66,136,302,69,371,False,False,False,False,False,False
2026-01-27 16:17:44,22.7,54.5,29.4,18.7,4.0,29.4,69,67,136,302,69,371,False,False,False,False,False,False
2026-01-27 16:17:46,22.7,54.4,29.0,18.5,4.0,29.0,68,67,136,302,69,371,False,False,False,False,False,False
2026-01-27 16:17:48,22.7,54.5,29.3,18.8,4.2,29.3,67,68,136,302,69,371,False,False,False,False,False,False
2026-01-27 16:17:50,22.7,54.5,29.0,18.6,4.1,29.0,66,69,136,302,69,371,False,False,False,False,False,False
2026-01-27 16:17:52,22.7,54.5,29.0,18.7,4.2,29.0,66,70,136,302,69,371,False,False,False,False,False,False
2026-01-27 16:17:54,22.7,54.4,28.8,18.2,3.8,28.8,65,71,136,302,69,371,False,False,False,False,False,False
2026-01-27 16:17:56,22.7,54.4,29.2,19.4,4.8,29.2,64,71,136,302,69,371,False,False,False,False,False,False
2026-01-27 16:17:58,22.7,54.5,29.0,18.2,3.7,29.0,63,72,136,302,69,371,False,False,False,False,False,False
2026-01-27 16:18:00,22.7,54.5,28.8,18.7,4.3,28.8,62,73,136,302,69,371,False,False,False,False,False,False
2026-01-27 16:18:02,22.7,54.5,28.8,18.4,4.0,28.8,62,74,136,302,69,371,False,False,False,False,False,False
2026-01-27 16:18:04,22.7,54.5,0.0,0.0,0.0,0.0,61,75,136,302,69,371,False,False,False,False,False,False
2026-01-27 16:18:06,22.7,54.5,28.9,18.7,4.2,28.9,60,75,136,302,69,371,False,False,False,False,False,False
2026-01-27 16:18:08,22.7,54.4,28.7,18.8,4.4,28.7,100,35,136,302,69,371,False,False,False,False,False,False
2026-01-27 16:18:10,22.7,54.6,30.4,19.1,3.9,30.4,79,56,136,302,69,371,False,False,False,False,False,False
2026-01-27 16:18:12,22.7,54.6,28.9,19.5,5.0,28.9,79,57,136,302,69,371,False,False,False,False,False,False
2026-01-27 16:18:14,22.7,54.5,29.8,18.8,3.9,29.8,78,58,136,302,69,371,False,False,False,False,False,False
2026-01-27 16:18:16,22.7,54.6,29.6,18.8,4.0,29.6,77,59,136,302,69,371,False,False,False,False,False,False
2026-01-27 16:18:18,22.7,54.5,30.0,19.1,4.1,30.0,76,59,136,302,69,371,False,False,False,False,False,False
2026-01-27 16:18:20,22.7,54.5,29.7,19.2,4.4,29.7,75,60,136,302,69,371,False,False,False,False,False,False
2026-01-27 16:18:22,22.7,54.5,29.6,19.2,4.4,29.6,75,61,136,302,69,371,False,False,False,False,False,False
2026-01-27 16:18:24,22.7,54.6,29.4,18.6,3.8,29.4,74,62,136,302,69,371,False,False,False,False,False,False
2026-01-27 16:18:26,22.6,54.6,30.2,19.9,4.8,30.2,73,63,136,302,69,371,True,False,False,False,False,False
2026-01-27 16:18:28,22.7,54.6,34.6,24.1,6.8,34.6,72,63,136,302,69,371,False,False,False,False,False,False
2026-01-27 16:18:30,22.6,54.6,29.4,19.3,4.6,29.4,70,65,136,302,69,371,True,False,False,False,False,False
2026-01-27 16:18:32,22.7,54.6,33.9,23.4,6.5,33.9,69,66,136,302,69,371,False,False,False,False,False,False
2026-01-27 16:18:34,22.7,54.6,29.5,19.1,4.4,29.5,68,67,136,302,69,371,False,False,False,False,False,False
2026-01-27 16:18:36,22.7,54.7,29.7,19.4,4.5,29.7,67,68,136,302,69,371,False,False,False,False,False,False
2026-01-27 16:18:38,22.6,54.6,29.4,19.3,4.6,29.4,67,69,136,302,69,371,True,False,False,False,False,False
2026-01-27 16:18:40,22.6,54.6,34.0,23.4,6.4,34.0,66,70,136,302,69,371,True,False,False,False,False,False
2026-01-27 16:18:42,22.6,54.6,32.1,23.2,7.1,32.1,65,70,136,302,69,371,True,False,False,False,False,False
2026-01-27 16:18:44,22.6,54.6,33.7,23.4,6.6,33.7,64,71,136,302,69,371,False,False,False,False,False,False
2026-01-27 16:18:46,22.6,54.6,29.3,19.3,4.6,29.3,63,72,136,302,69,371,False,False,False,False,False,False
2026-01-27 16:18:48,22.6,54.6,29.1,19.2,4.6,29.1,63,73,136,302,69,371,False,False,False,False,False,False
2026-01-27 16:18:50,22.7,54.6,29.3,19.3,4.6,29.3,62,74,136,302,69,371,False,False,False,False,False,False
2026-01-27 16:18:52,22.7,54.7,29.2,19.5,4.9,29.2,61,74,136,302,69,371,False,False,False,False,False,False
2026-01-27 16:18:54,22.7,54.6,29.0,19.0,4.5,29.0,60,75,136,302,69,371,False,False,False,False,False,False
2026-01-27 16:18:56,22.6,54.7,29.5,20.4,5.6,29.5,59,76,136,302,69,371,False,False,False,False,False,False
2026-01-27 16:18:58,22.7,54.7,29.1,19.1,4.6,29.1,59,77,136,302,69,371,False,False,False,False,False,False
2026-01-27 16:19:00,22.6,54.6,28.7,19.0,4.7,28.7,99,37,136,302,69,371,False,False,False,False,False,False
2026-01-27 16:19:02,22.7,54.7,28.5,18.5,4.3,28.5,81,54,136,302,69,371,False,False,False,False,False,False
2026-01-27 16:19:04,22.7,54.7,30.7,20.0,4.7,30.7,77,58,136,302,69,371,False,False,False,False,False,False
2026-01-27 16:19:06,22.6,54.7,30.4,19.6,4.4,30.4,76,59,136,302,69,371,False,False,False,False,False,False
2026-01-27 16:19:08,22.6,54.7,30.2,19.9,4.8,30.2,76,60,136,302,69,371,False,False,False,False,False,False
2026-01-27 16:19:10,22.7,54.7,30.0,19.5,4.5,30.0,75,61,136,302,69,371,False,False,False,False,False,False
2026-01-27 16:19:12,22.6,54.7,29.1,20.2,5.7,29.1,74,61,136,302,69,371,False,False,False,False,False,False
2026-01-27 16:19:14,22.6,54.7,32.8,22.0,5.6,32.8,73,62,136,302,69,371,False,False,False,False,False,False
2026-01-27 16:19:16,22.6,54.8,29.6,18.8,4.0,29.6,72,63,136,302,69,371,False,False,False,False,False,False
2026-01-27 16:19:18,22.6,54.8,29.3,18.7,4.0,29.3,72,64,136,302,69,371,False,False,False,False,False,False
2026-01-27 16:19:20,22.6,54.7,29.2,18.9,4.3,29.2,71,64,136,302,69,371,False,False,False,False,False,False
2026-01-27 16:19:22,22.6,54.8,29.3,19.1,4.5,29.3,70,65,136,302,69,371,False,False,False,False,False,False
2026-01-27 16:19:24,22.6,54.8,29.1,18.5,4.0,29.1,70,66,136,302,69,371,False,False,False,False,False,False
2026-01-27 16:19:26,22.6,54.7,29.4,19.7,5.0,29.4,69,66,136,302,69,371,False,False,False,False,False,False
2026-01-27 16:19:28,22.6,54.7,28.9,18.1,3.7,28.9,68,67,136,302,69,371,False,False,False,False,False,False
2026-01-27 16:19:30,22.6,54.8,28.9,18.5,4.0,28.9,67,68,136,302,69,371,False,False,False,False,False,False
2026-01-27 16:19:32,22.6,54.7,28.9,18.6,4.1,28.9,67,69,136,302,69,371,False,False,False,False,False,False
2026-01-27 16:19:34,22.6,54.7,29.1,18.7,4.1,29.1,66,69,136,302,69,371,False,False,False,False,False,False
2026-01-27 16:19:36,22.6,54.7,28.8,18.2,3.8,28.8,65,70,136,302,69,371,False,False,False,False,False,False
2026-01-27 16:19:38,22.6,54.8,28.9,18.5,4.1,28.9,64,71,136,302,69,371,False,False,False,False,False,False
2026-01-27 16:19:40,22.6,54.8,28.7,18.1,3.8,28.7,64,72,136,302,69,371,False,False,False,False,False,False
2026-01-27 16:19:42,22.6,54.8,29.6,19.9,5.1,29.6,63,72,136,302,69,371,False,False,False,False,False,False
2026-01-27 16:19:44,22.6,54.8,29.1,18.4,3.9,29.1,62,73,136,302,69,371,False,False,False,False,False,False
2026-01-27 16:19:46,22.6,54.8,28.6,18.3,4.0,28.6,62,74,136,302,69,371,False,False,False,False,False,False
2026-01-27 16:19:48,22.6,54.8,28.7,18.3,4.0,28.7,61,75,136,302,69,371,False,False,False,False,False,False
2026-01-27 16:19:50,22.6,54.8,28.8,18.5,4.1,28.8,60,75,136,302,69,371,False,False,False,False,False,False
2026-01-27 16:19:52,22.6,54.9,28.4,18.2,4.0,28.4,100,35,136,302,69,371,False,False,False,False,False,False
2026-01-27 16:19:54,22.6,54.8,30.3,18.9,3.7,30.3,79,56,136,302,69,371,False,False,False,False,False,False
2026-01-27 16:19:56,22.6,54.8,29.9,19.6,4.6,29.9,78,57,136,302,69,371,False,False,False,False,False,False
2026-01-27 16:19:58,22.5,54.8,29.8,18.7,3.8,29.8,77,58,136,302,69,371,True,False,False,False,False,False
2026-01-27 16:20:00,22.6,54.8,35.3,24.6,6.9,35.3,73,62,136,302,69,371,False,False,False,False,False,False
2026-01-27 16:20:02,22.5,54.8,29.5,19.6,4.8,29.5,71,65,136,302,69,371,True,False,False,False,False,False
2026-01-27 16:20:04,22.5,54.8,34.0,23.8,6.7,34.0,70,65,136,302,69,371,True,False,False,False,False,False
2026-01-27 16:20:06,22.5,54.9,33.9,23.4,6.4,33.9,69,66,136,302,69,371,True,False,False,False,False,False
2026-01-27 16:20:08,22.5,54.9,34.1,23.9,6.9,34.1,68,67,136,302,69,371,True,False,False,False,False,False
2026-01-27 16:20:10,22.5,54.8,33.6,23.4,6.6,33.6,67,68,136,302,69,371,False,False,False,False,False,False
2026-01-27 16:20:12,22.5,54.9,28.0,19.9,5.9,28.0,66,69,136,302,69,371,False,False,False,False,False,False
2026-01-27 16:20:14,22.5,54.9,29.8,19.6,4.7,29.8,65,70,136,302,69,371,False,False,False,False,False,False
2026-01-27 16:20:16,22.5,54.9,29.3,19.4,4.7,29.3,65,71,136,302,69,371,False,False,False,False,False,False
2026-01-27 16:20:18,22.5,55.0,29.2,19.1,4.5,29.2,64,72,136,302,69,371,False,False,False,False,False,False
2026-01-27 16:20:20,22.6,54.9,29.3,19.9,5.3,29.3,63,72,136,302,69,371,False,False,False,False,False,False
2026-01-27 16:20:22,22.5,55.0,29.4,19.8,5.1,29.4,62,73,136,302,69,371,False,False,False,False,False,False
2026-01-27 16:20:24,22.5,54.9,32.6,21.0,4.7,32.6,61,74,136,302,69,371,False,False,False,False,False,False
2026-01-27 16:20:26,22.5,54.9,29.3,20.0,5.3,29.3,61,75,136,302,69,371,False,False,False,False,False,False
2026-01-27 16:20:28,22.5,55.0,29.2,19.3,4.6,29.2,59,76,136,302,69,371,False,False,False,False,False,False
2026-01-27 16:20:30,22.5,55.0,29.2,19.2,4.6,29.2,59,77,136,302,69,371,False,False,False,False,False,False
2026-01-27 16:20:32,22.5,55.0,29.1,18.9,4.4,29.1,99,37,136,302,69,371,False,False,False,False,False,False
2026-01-27 16:20:34,22.5,55.0,28.6,19.0,4.7,28.6,81,54,136,302,69,371,False,False,False,False,False,False
2026-01-27 16:20:36,22.5,55.0,30.6,19.7,4.4,30.6,77,58,136,302,69,371,False,False,False,False,False,False
2026-01-27 16:20:38,22.5,54.9,30.3,19.7,4.5,30.3,76,59,136,302,69,371,False,False,False,False,False,False
2026-01-27 16:20:40,22.5,54.9,32.2,21.6,5.5,32.2,75,61,136,302,69,371,False,False,False,False,False,False
2026-01-27 16:20:42,22.5,55.0,29.3,19.4,4.7,29.3,74,61,136,302,69,371,False,False,False,False,False,False
2026-01-27 16:20:44,22.5,54.9,29.4,18.4,3.7,29.4,73,62,136,302,69,371,False,False,False,False,False,False
2026-01-27 16:20:46,22.5,54.9,29.4,18.7,4.0,29.4,72,63,136,302,69,371,False,False,False,False,False,False
2026-01-27 16:20:48,22.5,54.9,29.5,18.6,3.8,29.5,72,64,136,302,69,371,False,False,False,False,False,False
2026-01-27 16:20:50,22.5,54.9,29.4,18.7,4.1,29.4,71,64,136,302,69,371,False,False,False,False,False,False
2026-01-27 16:20:52,22.5,55.0,29.5,18.8,4.0,29.5,70,65,136,302,69,371,False,False,False,False,False,False
2026-01-27 16:20:54,22.5,54.9,29.3,18.6,4.0,29.3,70,66,136,302,69,371,False,False,False,False,False,False
2026-01-27 16:20:56,22.5,55.0,29.5,19.3,4.5,29.5,69,66,136,302,69,371,False,False,False,False,False,False
2026-01-27 16:20:58,22.5,55.0,29.3,18.6,4.0,29.3,68,67,136,302,69,371,False,False,False,False,False,False
2026-01-27 16:21:00,22.5,55.0,29.3,18.8,4.2,29.3,68,68,136,302,69,371,False,False,False,False,False,False
2026-01-27 16:21:02,22.5,55.0,29.1,18.7,4.2,29.1,67,69,136,302,69,371,False,False,False,False,False,False
2026-01-27 16:21:04,22.5,55.0,29.2,18.5,3.9,29.2,66,69,136,302,69,371,False,False,False,False,False,False
2026-01-27 16:21:06,22.5,55.0,29.0,18.3,3.8,29.0,65,70,136,302,69,371,False,False,False,False,False,False
2026-01-27 16:21:08,22.5,55.0,29.1,18.7,4.2,29.1,65,71,136,302,69,371,False,False,False,False,False,False
2026-01-27 16:21:10,22.5,55.0,28.9,18.4,3.9,28.9,64,71,136,302,69,371,False,False,False,False,False,False
2026-01-27 16:21:12,22.5,55.0,27.6,18.7,5.0,27.6,63,72,136,302,69,371,False,False,False,False,False,False
2026-01-27 16:21:14,22.5,55.0,28.9,18.4,3.9,28.9,62,73,136,302,69,371,False,False,False,False,False,False
2026-01-27 16:21:16,22.5,55.0,28.8,18.3,3.9,28.8,62,74,136,302,69,371,False,False,False,False,False,False
2026-01-27 16:21:18,22.5,55.0,28.7,18.2,3.9,28.7,61,75,136,302,69,371,False,False,False,False,False,False
2026-01-27 16:21:20,22.5,55.1,29.5,19.2,4.4,29.5,60,75,136,302,69,371,False,False,False,False,False,False
2026-01-27 16:21:22,22.5,55.0,28.8,18.9,4.5,28.8,100,35,136,302,69,371,False,False,False,False,False,False
2026-01-27 16:21:24,22.5,55.1,30.5,19.3,4.0,30.5,79,56,136,302,69,371,False,False,False,False,False,False
2026-01-27 16:21:26,22.5,55.1,30.4,19.8,4.6,30.4,79,57,136,302,69,371,False,False,False,False,False,False
2026-01-27 16:21:28,22.5,55.1,30.1,19.1,4.1,30.1,78,58,136,302,69,371,False,False,False,False,False,False
2026-01-27 16:21:30,22.5,55.0,30.2,19.0,3.9,30.2,77,58,136,302,69,371,False,False,False,False,False,False
2026-01-27 16:21:32,22.5,55.0,29.8,18.7,3.8,29.8,76,59,136,302,69,371,False,False,False,False,False,False
2026-01-27 16:21:34,22.5,55.1,29.7,19.0,4.1,29.7,75,60,136,302,69,371,False,False,False,False,False,False
2026-01-27 16:21:36,22.5,55.0,29.7,18.9,4.0,29.7,75,61,136,302,69,371,False,False,False,False,False,False
2026-01-27 16:21:38,22.5,55.0,29.7,19.1,4.2,29.7,74,62,136,302,69,371,False,False,False,False,False,False
2026-01-27 16:21:40,22.5,55.1,29.7,18.7,3.8,29.7,73,62,136,302,69,371,False,False,False,False,False,False
2026-01-27 16:21:42,22.5,55.1,28.4,18.9,4.7,28.4,72,63,136,302,69,371,False,False,False,False,False,False
2026-01-27 16:21:44,22.5,55.0,29.4,18.3,3.6,29.4,71,64,136,302,69,371,False,False,False,False,False,False
2026-01-27 16:21:46,22.5,55.0,29.4,18.8,4.1,29.4,71,65,136,302,69,371,False,False,False,False,False,False
2026-01-27 16:21:48,22.5,55.0,29.3,18.9,4.3,29.3,70,66,136,302,69,371,False,False,False,False,False,False
2026-01-27 16:21:50,22.5,55.1,29.3,18.9,4.2,29.3,69,66,136,302,69,371,False,False,False,False,False,False
2026-01-27 16:21:52,22.5,55.0,29.2,18.8,4.2,29.2,68,67,136,302,69,371,False,False,False,False,False,False
2026-01-27 16:21:54,22.5,55.0,29.1,18.6,4.0,29.1,67,68,136,302,69,371,False,False,False,False,False,False
2026-01-27 16:21:56,22.5,55.0,29.3,19.1,4.5,29.3,66,69,136,302,69,371,False,False,False,False,False,False
2026-01-27 16:21:58,22.5,55.0,29.5,18.8,4.1,29.5,66,70,136,302,69,371,False,False,False,False,False,False
2026-01-27 16:22:00,22.5,55.0,29.3,18.5,3.9,29.3,65,71,136,302,69,371,False,False,False,False,False,False
2026-01-27 16:22:02,22.5,55.1,29.0,18.6,4.1,29.0,64,71,136,302,69,371,False,False,False,False,False,False
2026-01-27 16:22:04,22.5,55.1,29.0,18.6,4.1,29.0,63,72,136,302,69,371,False,False,False,False,False,False
2026-01-27 16:22:06,22.5,55.1,29.0,18.5,4.0,29.0,62,73,136,302,69,371,False,False,False,False,False,False
2026-01-27 16:22:08,22.5,55.0,29.1,18.6,4.0,29.1,62,74,136,302,69,371,False,False,False,False,False,False
2026-01-27 16:22:10,22.5,55.1,29.0,18.8,4.3,29.0,61,75,136,302,69,371,False,False,False,False,False,False
2026-01-27 16:22:12,22.5,55.1,27.5,18.6,4.9,27.5,60,76,136,302,69,371,False,False,False,False,False,False
2026-01-27 16:22:14,22.5,55.0,28.9,18.2,3.7,28.9,100,36,136,302,69,371,False,False,False,False,False,False
2026-01-27 16:22:16,22.5,55.1,30.6,19.2,3.9,30.6,79,56,136,302,69,371,False,False,False,False,False,False
2026-01-27 16:22:18,22.5,55.1,30.2,18.9,3.8,30.2,79,57,136,302,69,371,False,False,False,False,False,False
2026-01-27 16:22:20,22.5,55.0,30.0,19.5,4.5,30.0,78,58,136,302,69,371,False,False,False,False,False,False
2026-01-27 16:22:22,22.5,55.1,29.9,19.3,4.4,29.9,77,58,136,302,69,371,False,False,False,False,False,False
2026-01-27 16:22:24,22.5,55.1,29.9,19.0,4.1,29.9,76,59,136,302,69,371,False,False,False,False,False,False
2026-01-27 16:22:26,22.5,55.1,29.9,19.4,4.5,29.9,75,58,134,305,66,371,False,False,False,False,False,False
2026-01-27 16:22:28,22.5,55.1,30.4,19.4,4.2,30.4,75,61,136,302,69,371,False,False,False,False,False,False
2026-01-27 16:22:30,22.5,55.1,29.7,18.8,4.0,29.7,74,62,136,302,69,371,False,False,False,False,False,False
2026-01-27 16:22:32,22.5,55.1,30.0,19.3,4.4,30.0,73,62,136,302,69,371,False,False,False,False,False,False
2026-01-27 16:22:34,22.5,55.1,29.4,18.8,4.1,29.4,72,63,136,302,69,371,False,False,False,False,False,False
2026-01-27 16:22:36,22.5,55.1,29.4,18.6,3.9,29.4,71,64,136,302,69,371,False,False,False,False,False,False
2026-01-27 16:22:38,22.5,55.1,29.9,19.1,4.1,29.9,71,65,136,302,69,371,False,False,False,False,False,False
2026-01-27 16:22:40,22.5,55.1,28.9,18.2,3.7,28.9,70,66,136,302,69,371,False,False,False,False,False,False
2026-01-27 16:22:42,22.5,55.1,28.1,18.8,4.8,28.1,69,66,136,302,69,371,False,False,False,False,False,False
2026-01-27 16:22:44,22.5,55.1,29.2,18.3,3.8,29.2,68,67,136,302,69,371,False,False,False,False,False,False
2026-01-27 16:22:46,22.5,55.1,29.2,18.6,4.0,29.2,67,68,136,302,69,371,False,False,False,False,False,False
2026-01-27 16:22:48,22.5,55.1,29.2,18.3,3.7,29.2,66,69,136,302,69,371,False,False,False,False,False,False
2026-01-27 16:22:50,22.5,55.1,29.0,18.6,4.1,29.0,66,70,136,302,69,371,False,False,False,False,False,False
2026-01-27 16:22:52,22.5,55.1,29.0,18.4,3.9,29.0,65,71,136,302,69,371,False,False,False,False,False,False
2026-01-27 16:22:54,22.5,55.1,29.0,18.5,4.0,29.0,64,71,136,302,69,371,False,False,False,False,False,False
2026-01-27 16:22:56,22.5,55.2,28.9,18.3,3.8,28.9,63,72,136,302,69,371,False,False,False,False,False,False
2026-01-27 16:22:58,22.5,55.1,29.4,19.4,4.7,29.4,62,73,136,302,69,371,False,False,False,False,False,False
2026-01-27 16:23:00,22.5,55.1,29.0,18.6,4.1,29.0,62,74,136,302,69,371,False,False,False,False,False,False
2026-01-27 16:23:02,22.5,55.2,28.9,18.7,4.3,28.9,61,75,136,302,69,371,False,False,False,False,False,False
2026-01-27 16:23:04,22.5,55.2,28.8,18.4,4.0,28.8,60,75,136,302,69,371,False,False,False,False,False,False
2026-01-27 16:23:06,22.5,55.1,28.3,18.1,4.0,28.3,100,36,136,302,69,371,False,False,False,False,False,False
2026-01-27 16:23:08,22.5,55.2,30.8,19.7,4.3,30.8,79,56,136,302,69,371,False,False,False,False,False,False
2026-01-27 16:23:10,22.5,55.2,30.1,19.0,3.9,30.1,78,57,136,302,69,371,False,False,False,False,False,False
2026-01-27 16:23:12,22.5,55.2,30.2,20.0,4.9,30.2,77,58,136,302,69,371,False,False,False,False,False,False
2026-01-27 16:23:14,22.5,55.2,29.8,18.7,3.8,29.8,77,59,136,302,69,371,False,False,False,False,False,False
2026-01-27 16:23:16,22.4,55.2,30.1,19.0,3.9,30.1,76,60,136,302,69,371,False,False,False,False,False,False
2026-01-27 16:23:18,22.5,55.2,30.3,19.3,4.2,30.3,75,60,136,302,69,371,False,False,False,False,False,False
2026-01-27 16:23:20,22.5,55.2,30.0,19.7,4.7,30.0,74,61,136,302,69,371,False,False,False,False,False,False
2026-01-27 16:23:22,22.4,55.1,29.3,18.7,4.0,29.3,73,62,136,302,69,371,False,False,False,False,False,False
2026-01-27 16:23:24,22.5,55.1,29.6,19.0,4.2,29.6,73,63,136,302,69,371,False,False,False,False,False,False
2026-01-27 16:23:26,22.5,55.2,29.6,18.7,3.9,29.6,72,64,136,302,69,371,False,False,False,False,False,False
2026-01-27 16:23:28,22.4,55.2,29.8,19.8,4.9,29.8,71,64,136,302,69,371,False,False,False,False,False,False
2026-01-27 16:23:30,22.5,55.2,29.4,18.6,3.9,29.4,70,65,136,302,69,371,False,False,False,False,False,False
2026-01-27 16:23:32,22.5,55.2,29.3,18.9,4.2,29.3,69,66,136,302,69,371,False,False,False,False,False,False
2026-01-27 16:23:34,22.4,55.2,29.3,18.8,4.2,29.3,69,67,136,302,69,371,False,False,False,False,False,False
2026-01-27 16:23:36,22.4,55.1,29.3,18.5,3.8,29.3,68,68,136,302,69,371,False,False,False,False,False,False
2026-01-27 16:23:38,22.5,55.2,29.1,18.7,4.1,29.1,67,68,136,302,69,371,False,False,False,False,False,False
2026-01-27 16:23:40,22.4,55.2,29.1,18.4,3.9,29.1,66,69,136,302,69,371,False,False,False,False,False,False
2026-01-27 16:23:42,22.5,55.2,28.7,18.8,4.5,28.7,65,70,136,302,69,371,False,False,False,False,False,False
2026-01-27 16:23:44,22.5,55.2,29.1,18.4,3.8,29.1,64,71,136,302,69,371,False,False,False,False,False,False
2026-01-27 16:23:46,22.4,55.2,29.2,18.7,4.1,29.2,64,72,136,302,69,371,False,False,False,False,False,False
2026-01-27 16:23:48,22.4,55.2,28.7,18.3,3.9,28.7,63,73,136,302,69,371,False,False,False,False,False,False
2026-01-27 16:23:50,22.5,55.2,28.9,18.6,4.1,28.9,62,74,136,302,69,371,False,False,False,False,False,False
2026-01-27 16:23:52,22.4,55.2,28.9,18.5,4.0,28.9,61,74,136,302,69,371,False,False,False,False,False,False
2026-01-27 16:23:54,22.4,55.2,28.9,18.6,4.1,28.9,60,75,136,302,69,371,False,False,False,False,False,False
2026-01-27 16:23:56,22.4,55.2,29.1,18.3,3.7,29.1,60,76,136,302,69,371,False,False,False,False,False,False
2026-01-27 16:23:58,22.4,55.2,28.7,19.2,4.9,28.7,100,36,136,302,69,371,False,False,False,False,False,False
2026-01-27 16:24:00,22.4,55.2,30.7,19.4,4.1,30.7,79,56,136,302,69,371,False,False,False,False,False,False
2026-01-27 16:24:02,22.4,55.9,30.1,19.5,4.4,30.1,79,57,136,302,69,371,False,False,False,True,False,False
2026-01-27 16:24:04,22.5,60.7,32.6,23.3,7.0,32.6,77,58,136,302,69,371,False,False,False,True,False,False
2026-01-27 16:24:06,22.5,65.3,34.3,24.1,7.0,34.3,72,64,136,302,69,371,False,False,False,True,False,False
2026-01-27 16:24:08,22.6,67.1,34.5,23.7,6.4,34.5,71,64,136,302,69,371,False,False,False,True,False,False
2026-01-27 16:24:10,22.6,66.5,34.7,24.2,6.9,34.7,70,65,136,302,69,371,False,False,False,True,False,False
2026-01-27 16:24:12,22.6,65.1,34.2,24.7,7.6,34.2,70,66,136,302,69,371,False,False,False,True,False,False
2026-01-27 16:24:14,22.6,63.9,34.7,24.3,7.0,34.7,69,67,136,302,69,371,False,False,False,True,False,False
2026-01-27 16:24:16,22.6,63.1,34.3,23.7,6.6,34.3,68,67,136,302,69,371,False,False,False,True,False,False
2026-01-27 16:24:18,22.6,61.8,33.9,23.4,6.5,33.9,67,68,136,302,69,371,False,False,False,True,False,False
2026-01-27 16:24:20,22.6,60.8,34.0,24.1,7.1,34.0,66,69,136,302,69,371,False,False,False,False,False,False
2026-01-27 16:24:22,22.6,59.9,29.2,19.4,4.8,29.2,65,70,136,302,69,371,False,False,False,False,False,False
2026-01-27 16:24:24,22.6,59.1,29.6,19.6,4.8,29.6,65,71,136,302,69,371,False,False,False,False,False,False
2026-01-27 16:24:26,22.6,58.4,29.4,19.1,4.4,29.4,64,72,136,302,69,371,False,False,False,False,False,False
2026-01-27 16:24:28,22.6,57.8,29.7,20.3,5.4,29.7,63,72,136,302,69,371,False,False,False,False,False,False
2026-01-27 16:24:30,22.6,57.4,29.5,19.4,4.6,29.5,62,73,136,302,69,371,False,False,False,False,False,False
2026-01-27 16:24:32,22.6,56.9,29.3,19.5,4.9,29.3,61,74,136,302,69,371,False,False,False,False,False,False
2026-01-27 16:24:34,22.7,56.6,29.5,19.3,4.6,29.5,61,75,136,302,69,371,True,False,False,False,False,False
2026-01-27 16:24:36,22.6,56.4,33.4,23.5,6.8,33.4,60,76,136,302,69,371,False,False,False,False,False,False
2026-01-27 16:24:38,22.7,56.2,29.8,19.5,4.6,29.8,59,76,136,302,69,371,True,False,False,False,False,False
2026-01-27 16:24:40,22.6,56.0,33.7,23.8,6.9,33.7,58,77,136,302,69,371,False,False,False,False,False,False
2026-01-27 16:24:42,22.6,55.8,28.4,19.8,5.6,28.4,99,37,136,302,69,371,False,False,False,False,False,False
2026-01-27 16:24:44,22.6,55.7,29.1,19.5,4.9,29.1,81,54,136,302,69,371,False,False,False,False,False,False
2026-01-27 16:24:46,22.6,55.6,30.6,20.2,5.0,30.6,77,58,136,302,69,371,False,False,False,False,False,False
2026-01-27 16:24:48,22.6,55.5,30.3,19.7,4.6,30.3,76,59,136,302,69,371,False,False,False,False,False,False
2026-01-27 16:24:50,22.6,55.4,30.2,20.0,4.9,30.2,76,60,136,302,69,371,False,False,False,False,False,False
2026-01-27 16:24:52,22.6,55.3,30.0,19.6,4.6,30.0,75,61,136,302,69,371,False,False,False,False,False,False
2026-01-27 16:24:54,22.6,55.3,30.3,19.9,4.8,30.3,74,61,136,302,69,371,False,False,False,False,False,False
2026-01-27 16:24:56,22.6,55.3,30.0,19.7,4.8,30.0,73,62,136,302,69,371,False,False,False,False,False,False
2026-01-27 16:24:58,22.6,55.2,30.4,20.7,5.5,30.4,72,63,136,302,69,371,False,False,False,False,False,False
2026-01-27 16:25:00,22.6,55.2,30.1,19.6,4.6,30.1,72,64,136,302,69,371,False,False,False,False,False,False
2026-01-27 16:25:02,22.6,55.2,29.9,19.6,4.7,29.9,71,65,136,302,69,371,False,False,False,False,False,False
2026-01-27 16:25:04,22.6,55.1,29.8,19.6,4.7,29.8,70,65,136,302,69,371,False,False,False,False,False,False
2026-01-27 16:25:06,22.6,55.2,29.8,20.0,5.1,29.8,69,66,136,302,69,371,False,False,False,False,False,False
2026-01-27 16:25:08,22.6,55.1,29.6,19.5,4.8,29.6,68,67,136,302,69,371,False,False,False,False,False,False
2026-01-27 16:25:10,22.6,55.1,31.8,21.7,5.8,31.8,68,68,136,302,69,371,False,False,False,False,False,False
2026-01-27 16:25:12,22.6,55.1,29.0,19.4,4.9,29.0,67,69,136,302,69,371,False,False,False,False,False,False
2026-01-27 16:25:14,22.6,55.1,29.2,18.5,3.9,29.2,66,69,136,302,69,371,False,False,False,False,False,False
2026-01-27 16:25:16,22.5,55.1,29.0,18.5,4.0,29.0,65,70,136,302,69,371,False,False,False,False,False,False
2026-01-27 16:25:18,22.6,55.1,29.0,18.6,4.1,29.0,65,71,136,302,69,371,False,False,False,False,False,False
2026-01-27 16:25:20,22.6,55.0,29.2,19.2,4.5,29.2,64,72,136,302,69,371,False,False,False,False,False,False
2026-01-27 16:25:22,22.5,55.1,28.8,18.9,4.4,28.8,63,72,136,302,69,371,False,False,False,False,False,False
2026-01-27 16:25:24,22.6,55.1,29.0,18.6,4.1,29.0,62,73,136,302,69,371,False,False,False,False,False,False
2026-01-27 16:25:26,22.6,55.1,29.2,18.4,3.8,29.2,62,74,136,302,69,371,False,False,False,False,False,False
2026-01-27 16:25:28,22.5,55.1,29.2,19.5,4.9,29.2,61,74,136,302,69,371,False,False,False,False,False,False
2026-01-27 16:25:30,22.5,55.1,28.8,18.3,3.9,28.8,60,75,136,302,69,371,False,False,False,False,False,False
2026-01-27 16:25:32,22.5,55.2,29.0,18.6,4.1,29.0,60,76,136,302,69,371,False,False,False,False,False,False
2026-01-27 16:25:34,22.5,55.1,28.4,18.2,4.0,28.4,100,35,136,302,69,371,False,False,False,False,False,False
2026-01-27 16:25:36,22.5,55.1,30.6,19.6,4.3,30.6,79,56,136,302,69,371,False,False,False,False,False,False
2026-01-27 16:25:38,22.5,55.1,30.1,19.1,4.1,30.1,79,57,136,302,69,371,False,False,False,False,False,False
2026-01-27 16:25:40,22.5,55.1,30.0,19.2,4.2,30.0,78,58,136,302,69,371,False,False,False,False,False,False
2026-01-27 16:25:42,22.5,55.1,29.6,19.5,4.7,29.6,77,58,136,302,69,371,False,False,False,False,False,False
2026-01-27 16:25:44,22.5,55.1,29.8,18.9,4.0,29.8,76,59,136,302,69,371,False,False,False,False,False,False
2026-01-27 16:25:46,22.5,55.2,29.8,18.7,3.8,29.8,75,60,136,302,69,371,False,False,False,False,False,False
2026-01-27 16:25:48,22.5,55.1,29.7,18.8,4.0,29.7,75,61,136,302,69,371,False,False,False,False,False,False
2026-01-27 16:25:50,22.5,55.1,29.7,18.7,3.9,29.7,74,62,136,302,69,371,False,False,False,False,False,False
2026-01-27 16:25:52,22.5,55.1,29.7,19.2,4.4,29.7,73,62,136,302,69,371,False,False,False,False,False,False
2026-01-27 16:25:54,22.5,55.2,29.6,19.0,4.2,29.6,72,63,136,302,69,371,False,False,False,False,False,False
2026-01-27 16:25:56,22.5,55.1,29.5,18.8,4.1,29.5,71,64,136,302,69,371,False,False,False,False,False,False
2026-01-27 16:25:58,22.5,55.2,29.8,20.4,5.5,29.8,71,65,136,302,69,371,False,False,False,False,False,False
2026-01-27 16:26:00,22.5,55.2,29.3,18.6,4.0,29.3,70,66,136,302,69,371,False,False,False,False,False,False
2026-01-27 16:26:02,22.5,55.2,29.5,18.9,4.2,29.5,69,66,136,302,69,371,False,False,False,False,False,False
2026-01-27 16:26:04,22.5,55.2,29.1,18.5,4.0,29.1,68,67,136,302,69,371,False,False,False,False,False,False
2026-01-27 16:26:06,22.5,55.2,29.2,18.9,4.3,29.2,67,68,136,302,69,371,False,False,False,False,False,False
2026-01-27 16:26:08,22.5,55.2,28.9,18.7,4.2,28.9,67,69,136,302,69,371,False,False,False,False,False,False
2026-01-27 16:26:10,22.5,55.2,29.4,19.1,4.4,29.4,66,70,136,302,69,371,False,False,False,False,False,False
2026-01-27 16:26:12,22.5,55.2,28.9,19.6,5.2,28.9,65,71,136,302,69,371,False,False,False,False,False,False
2026-01-27 16:26:14,22.5,55.2,29.0,18.4,3.9,29.0,64,72,136,302,69,371,False,False,False,False,False,False
2026-01-27 16:26:16,22.5,55.2,29.0,18.4,3.9,29.0,63,72,136,302,69,371,False,False,False,False,False,False
2026-01-27 16:26:18,22.5,55.2,28.9,18.8,4.4,28.9,62,73,136,302,69,371,False,False,False,False,False,False
2026-01-27 16:26:20,22.5,55.2,29.1,18.9,4.3,29.1,61,74,136,303,68,371,False,False,False,False,False,False
2026-01-27 16:26:22,22.5,55.2,29.0,19.4,4.9,29.0,60,75,136,302,69,371,False,False,False,False,False,False
2026-01-27 16:26:24,22.5,55.5,29.0,18.9,4.4,29.0,60,76,136,302,69,371,False,False,False,False,False,False
2026-01-27 16:26:26,22.5,55.7,28.6,18.4,4.1,28.6,100,36,136,302,69,371,False,False,False,False,False,False
2026-01-27 16:26:28,22.5,55.6,29.1,19.5,5.0,29.1,80,56,136,302,69,371,False,False,False,False,False,False
2026-01-27 16:26:30,22.5,55.7,30.2,19.0,3.9,30.2,79,57,136,302,69,371,False,False,False,False,False,False
2026-01-27 16:26:32,22.5,55.6,30.7,19.5,4.2,30.7,78,57,136,302,69,371,False,False,False,False,False,False
2026-01-27 16:26:34,22.5,55.6,29.9,18.9,3.9,29.9,77,58,136,302,69,371,False,False,False,False,False,False
2026-01-27 16:26:36,22.5,55.6,29.9,19.5,4.6,29.9,76,59,136,302,69,371,False,False,False,False,False,False
2026-01-27 16:26:38,22.5,55.5,29.8,19.2,4.3,29.8,75,60,136,302,69,371,False,False,False,False,False,False
2026-01-27 16:26:40,22.5,55.4,29.9,19.3,4.3,29.9,75,61,136,302,69,371,False,False,False,False,False,False
2026-01-27 16:26:42,22.5,55.4,29.0,19.0,4.5,29.0,74,62,136,302,69,371,False,False,False,False,False,False
2026-01-27 16:26:44,22.5,55.4,29.5,18.6,3.9,29.5,73,63,136,302,69,371,False,False,False,False,False,False
2026-01-27 16:26:46,22.5,55.4,29.5,18.7,3.9,29.5,72,64,136,302,69,371,False,False,False,False,False,False
2026-01-27 16:26:48,22.5,55.3,29.4,19.0,4.3,29.4,71,64,136,302,69,371,False,False,False,False,False,False
2026-01-27 16:26:50,22.5,55.3,29.5,18.8,4.1,29.5,70,65,136,302,69,371,False,False,False,False,False,False
2026-01-27 16:26:52,22.5,55.4,29.1,18.6,4.1,29.1,69,66,136,302,69,371,False,False,False,False,False,False
2026-01-27 16:26:54,22.5,55.4,29.2,18.7,4.1,29.2,69,67,136,302,69,371,False,False,False,False,False,False
2026-01-27 16:26:56,22.5,55.3,29.2,18.6,4.0,29.2,68,68,136,302,69,371,False,False,False,False,False,False
2026-01-27 16:26:58,22.5,55.3,29.5,19.7,4.9,29.5,67,68,136,302,69,371,False,False,False,False,False,False
2026-01-27 16:27:00,22.5,55.3,29.2,18.5,3.9,29.2,66,69,136,302,69,371,False,False,False,False,False,False
2026-01-27 16:27:02,22.5,55.2,29.0,18.4,3.9,29.0,65,70,136,302,69,371,False,False,False,False,False,False
2026-01-27 16:27:04,22.5,55.3,29.0,18.4,3.9,29.0,65,71,136,302,69,371,False,False,False,False,False,False
2026-01-27 16:27:06,22.5,55.3,28.9,18.6,4.1,28.9,64,72,136,302,69,371,False,False,False,False,False,False
2026-01-27 16:27:08,22.5,55.2,28.9,18.5,4.0,28.9,63,72,136,302,69,371,False,False,False,False,False,False
2026-01-27 16:27:10,22.5,55.2,29.0,18.6,4.1,29.0,62,73,136,302,69,371,False,False,False,False,False,False
2026-01-27 16:27:12,22.5,55.2,28.6,19.3,5.0,28.6,61,74,136,302,69,371,False,False,False,False,False,False
2026-01-27 16:27:14,22.5,55.2,28.9,18.6,4.1,28.9,60,75,136,302,69,371,False,False,False,False,False,False
2026-01-27 16:27:16,22.5,55.1,28.8,18.2,3.7,28.8,60,76,136,302,69,371,False,False,False,False,False,False
2026-01-27 16:27:18,22.5,55.2,29.3,19.2,4.5,29.3,100,36,136,302,69,371,False,False,False,False,False,False
2026-01-27 16:27:20,22.5,55.2,30.6,19.5,4.2,30.6,80,56,136,305,66,371,False,False,False,False,False,False
2026-01-27 16:27:22,22.5,55.2,30.0,19.5,4.5,30.0,79,57,136,302,69,371,False,False,False,False,False,False
2026-01-27 16:27:24,22.5,55.2,30.0,19.0,4.0,30.0,78,57,136,302,69,371,False,False,False,False,False,False
2026-01-27 16:27:26,22.5,55.1,29.9,19.1,4.1,29.9,77,58,136,302,69,371,False,False,False,False,False,False
2026-01-27 16:27:28,22.5,55.1,28.3,18.9,4.8,28.3,76,59,136,302,69,371,False,False,False,False,False,False
2026-01-27 16:27:30,22.5,55.3,29.8,19.0,4.1,29.8,75,60,136,302,69,371,False,False,False,False,False,False
2026-01-27 16:27:32,22.5,55.3,30.0,19.8,4.9,30.0,75,61,136,302,69,371,False,False,False,False,False,False
2026-01-27 16:27:34,22.5,55.3,29.6,18.7,3.9,29.6,74,62,136,302,69,371,False,False,False,False,False,False
2026-01-27 16:27:36,22.5,55.3,29.6,18.8,4.0,29.6,73,62,136,302,69,371,False,False,False,False,False,False
2026-01-27 16:27:38,22.5,55.3,29.6,18.6,3.8,29.6,72,63,136,302,69,371,False,False,False,False,False,False
2026-01-27 16:27:40,22.5,55.4,29.4,18.7,4.0,29.4,71,64,136,302,69,371,False,False,False,False,False,False
2026-01-27 16:27:42,22.5,55.3,29.4,19.3,4.6,29.4,70,65,136,302,69,371,False,False,False,False,False,False
2026-01-27 16:27:44,22.5,55.3,29.3,18.9,4.2,29.3,69,66,136,302,69,371,False,False,False,False,False,False
2026-01-27 16:27:46,22.6,55.3,29.1,18.3,3.7,29.1,69,67,136,302,69,371,False,False,False,False,False,False
2026-01-27 16:27:48,22.5,55.2,29.4,19.1,4.4,29.4,68,68,136,302,69,371,False,False,False,False,False,False
2026-01-27 16:27:50,22.5,55.2,28.9,18.4,3.9,28.9,67,68,136,302,69,371,False,False,False,False,False,False
2026-01-27 16:27:52,22.5,55.2,29.1,18.5,4.0,29.1,66,69,136,302,69,371,False,False,False,False,False,False
2026-01-27 16:27:54,22.6,55.2,29.1,18.6,4.0,29.1,65,70,136,302,69,371,False,False,False,False,False,False
2026-01-27 16:27:56,22.5,55.2,29.0,18.6,4.2,29.0,65,71,136,302,69,371,False,False,False,False,False,False
2026-01-27 16:27:58,22.5,55.2,29.3,19.2,4.5,29.3,64,72,136,302,69,371,False,False,False,False,False,False
2026-01-27 16:28:00,22.5,55.2,29.0,18.8,4.3,29.0,63,72,136,302,69,371,False,False,False,False,False,False
2026-01-27 16:28:02,22.6,55.2,29.0,18.9,4.4,29.0,62,73,136,302,69,371,False,False,False,False,False,False
2026-01-27 16:28:04,22.5,55.2,29.0,18.5,4.1,29.0,61,74,136,302,69,371,False,False,False,False,False,False
2026-01-27 16:28:06,22.5,55.1,29.2,19.0,4.4,29.2,60,75,136,302,69,371,False,False,False,False,False,False
2026-01-27 16:28:08,22.6,55.1,28.7,18.5,4.2,28.7,60,76,136,302,69,371,False,False,False,False,False,False
2026-01-27 16:28:10,22.6,55.1,28.7,18.8,4.4,28.7,100,36,136,302,69,371,False,False,False,False,False,False
2026-01-27 16:28:12,22.5,55.2,30.4,20.3,5.1,30.4,80,56,136,302,69,371,False,False,False,False,False,False
2026-01-27 16:28:14,22.5,55.1,30.2,19.4,4.3,30.2,79,57,136,302,69,371,False,False,False,False,False,False
2026-01-27 16:28:16,22.5,55.1,30.2,19.0,3.9,30.2,78,57,136,302,69,371,False,False,False,False,False,False
2026-01-27 16:28:18,22.5,55.2,29.9,19.4,4.4,29.9,77,58,136,302,69,371,False,False,False,False,False,False
2026-01-27 16:28:20,22.5,55.1,29.8,19.0,4.1,29.8,76,59,136,302,69,371,False,False,False,False,False,False
2026-01-27 16:28:22,22.5,55.1,29.7,19.4,4.6,29.7,75,60,136,302,69,371,False,False,False,False,False,False
2026-01-27 16:28:24,22.5,55.2,29.7,18.6,3.8,29.7,75,61,136,302,69,371,False,False,False,False,False,False
2026-01-27 16:28:26,22.5,55.1,29.8,19.2,4.2,29.8,74,62,136,302,69,371,False,False,False,False,False,False
2026-01-27 16:28:28,22.5,55.2,27.9,18.5,4.6,27.9,73,62,136,302,69,371,False,False,False,False,False,False
2026-01-27 16:28:30,22.5,55.1,30.1,18.8,3.8,30.1,72,63,136,302,69,371,False,False,False,False,False,False
2026-01-27 16:28:32,22.5,55.1,29.4,18.4,3.8,29.4,71,64,136,302,69,371,False,False,False,False,False,False
2026-01-27 16:28:34,22.5,55.1,29.3,18.8,4.1,29.3,71,65,136,302,69,371,False,False,False,False,False,False
2026-01-27 16:28:36,22.5,55.1,29.6,18.9,4.1,29.6,70,66,136,302,69,371,False,False,False,False,False,False
2026-01-27 16:28:38,22.5,55.1,29.2,18.5,3.9,29.2,69,66,136,302,69,371,False,False,False,False,False,False
2026-01-27 16:28:40,22.5,55.2,29.3,18.9,4.2,29.3,68,67,136,302,69,371,False,False,False,False,False,False
2026-01-27 16:28:42,22.5,55.2,29.1,18.9,4.4,29.1,67,68,136,302,69,371,False,False,False,False,False,False
2026-01-27 16:28:44,22.5,55.2,29.2,18.8,4.2,29.2,67,69,136,302,69,371,False,False,False,False,False,False
2026-01-27 16:28:46,22.5,55.1,29.2,18.5,3.9,29.2,66,70,136,302,69,371,False,False,False,False,False,False
2026-01-27 16:28:48,22.5,55.3,29.1,19.0,4.5,29.1,65,70,136,302,69,371,False,False,False,False,False,False
2026-01-27 16:28:50,22.5,55.3,29.0,18.4,3.9,29.0,64,71,136,302,69,371,False,False,False,False,False,False
2026-01-27 16:28:52,22.5,55.4,29.0,18.5,4.0,29.0,63,72,136,302,69,371,False,False,False,False,False,False
2026-01-27 16:28:54,22.6,55.3,28.8,18.1,3.8,28.8,62,73,136,302,69,371,False,False,False,False,False,False
2026-01-27 16:28:56,22.5,55.3,29.2,18.8,4.2,29.2,62,74,136,302,69,371,False,False,False,False,False,False
2026-01-27 16:28:58,22.6,55.2,28.9,19.1,4.7,28.9,61,75,136,302,69,371,False,False,False,False,False,False
2026-01-27 16:29:00,22.5,55.1,28.9,18.4,3.9,28.9,60,75,136,302,69,371,False,False,False,False,False,False
2026-01-27 16:29:02,22.5,55.1,28.6,18.3,4.0,28.6,100,35,136,302,69,371,False,False,False,False,False,False
2026-01-27 16:29:04,22.5,55.1,30.6,19.5,4.2,30.6,79,56,136,302,69,371,False,False,False,False,False,False
2026-01-27 16:29:06,22.6,55.1,30.4,19.3,4.1,30.4,78,57,136,302,69,371,False,False,False,False,False,False
2026-01-27 16:29:08,22.6,55.1,30.0,18.8,3.8,30.0,78,58,136,302,69,371,False,False,False,False,False,False
2026-01-27 16:29:10,22.6,55.1,29.9,19.0,4.0,29.9,77,59,136,302,69,371,False,False,False,False,False,False
2026-01-27 16:29:12,22.6,55.1,29.4,19.3,4.6,29.4,76,60,136,302,69,371,False,False,False,False,False,False
2026-01-27 16:29:14,22.6,55.1,30.0,19.1,4.1,30.0,75,60,136,302,69,371,False,False,False,False,False,False
2026-01-27 16:29:16,22.6,55.1,29.6,18.8,4.0,29.6,74,61,136,302,69,371,False,False,False,False,False,False
2026-01-27 16:29:18,22.6,55.1,29.7,19.3,4.5,29.7,73,62,136,302,69,371,False,False,False,False,False,False
2026-01-27 16:29:20,22.6,55.0,29.5,18.8,4.1,29.5,73,63,136,302,69,371,False,False,False,False,False,False
2026-01-27 16:29:22,22.6,55.0,29.5,19.3,4.6,29.5,72,64,136,302,69,371,False,False,False,False,False,False
2026-01-27 16:29:24,22.6,55.0,29.6,18.6,3.8,29.6,71,64,136,302,69,371,False,False,False,False,False,False
2026-01-27 16:29:26,22.6,55.0,29.4,18.9,4.2,29.4,70,65,136,302,69,371,False,False,False,False,False,False
2026-01-27 16:29:28,22.6,55.2,28.0,18.4,4.4,28.0,69,66,136,302,69,371,False,False,False,False,False,False
2026-01-27 16:29:30,22.6,55.2,29.2,18.8,4.2,29.2,68,67,136,302,69,371,False,False,False,False,False,False
2026-01-27 16:29:32,22.6,55.2,29.2,18.6,4.0,29.2,67,68,136,302,69,371,False,False,False,False,False,False
2026-01-27 16:29:34,22.6,55.1,29.3,18.7,4.0,29.3,67,69,136,302,69,371,False,False,False,False,False,False
2026-01-27 16:29:36,22.6,55.2,29.1,18.6,4.0,29.1,66,70,136,302,69,371,False,False,False,False,False,False
2026-01-27 16:29:38,22.6,55.2,29.0,18.6,4.1,29.0,65,70,136,302,69,371,False,False,False,False,False,False
2026-01-27 16:29:40,22.6,55.1,29.0,18.5,4.0,29.0,64,71,136,302,69,371,False,False,False,False,False,False
2026-01-27 16:29:42,22.6,55.1,29.0,19.1,4.6,29.0,63,72,136,302,69,371,False,False,False,False,False,False
2026-01-27 16:29:44,22.6,55.1,29.2,18.6,4.0,29.2,62,73,136,302,69,371,False,False,False,False,False,False
2026-01-27 16:29:46,22.6,55.1,28.9,18.3,3.9,28.9,62,74,136,302,69,371,False,False,False,False,False,False
2026-01-27 16:29:48,22.6,55.0,29.0,18.8,4.3,29.0,61,75,136,302,69,371,False,False,False,False,False,False
2026-01-27 16:29:50,22.6,55.0,28.9,18.3,3.9,28.9,60,75,136,302,69,371,False,False,False,False,False,False
2026-01-27 16:29:52,22.6,55.0,28.4,18.1,3.9,28.4,100,35,136,302,69,371,False,False,False,False,False,False
2026-01-27 16:29:54,22.6,55.0,30.4,19.1,3.9,30.4,79,56,136,302,69,371,False,False,False,False,False,False
2026-01-27 16:29:56,22.6,55.0,30.1,19.3,4.3,30.1,78,57,136,302,69,371,False,False,False,False,False,False
2026-01-27 16:29:58,22.6,55.0,28.5,18.8,4.5,28.5,78,58,136,302,69,371,False,False,False,False,False,False
2026-01-27 16:30:00,22.6,55.0,29.9,19.1,4.1,29.9,77,59,136,302,69,371,False,False,False,False,False,False
2026-01-27 16:30:02,22.6,55.1,30.0,18.9,3.9,30.0,76,59,136,302,69,371,False,False,False,False,False,False
2026-01-27 16:30:04,22.6,55.1,29.7,18.9,4.0,29.7,75,60,136,302,69,371,False,False,False,False,False,False
2026-01-27 16:30:06,22.6,55.1,29.8,18.8,3.9,29.8,74,61,136,302,69,371,False,False,False,False,False,False
2026-01-27 16:30:08,22.6,55.0,29.6,19.0,4.2,29.6,73,62,136,302,69,371,False,False,False,False,False,False
2026-01-27 16:30:10,22.6,55.0,29.6,18.8,4.0,29.6,73,63,136,302,69,371,False,False,False,False,False,False
2026-01-27 16:30:12,22.6,55.0,29.5,20.3,5.6,29.5,72,64,136,302,69,371,False,False,False,False,False,False
2026-01-27 16:30:14,22.6,55.1,29.4,18.8,4.1,29.4,71,64,136,302,69,371,False,False,False,False,False,False
2026-01-27 16:30:16,22.6,55.1,29.4,18.9,4.2,29.4,70,65,136,302,69,371,False,False,False,False,False,False
2026-01-27 16:30:18,22.5,55.1,29.4,19.1,4.4,29.4,69,66,136,302,69,371,False,False,False,False,False,False
2026-01-27 16:30:20,22.6,55.1,29.2,18.9,4.3,29.2,69,67,136,302,69,371,False,False,False,False,False,False
2026-01-27 16:30:22,22.6,55.2,29.7,19.6,4.8,29.7,68,68,136,302,69,371,False,False,False,False,False,False
2026-01-27 16:30:24,22.6,55.2,29.1,18.4,3.9,29.1,67,68,136,302,69,371,False,False,False,False,False,False
2026-01-27 16:30:26,22.5,55.1,29.1,18.5,3.9,29.1,66,69,136,302,69,371,False,False,False,False,False,False
2026-01-27 16:30:28,22.5,55.1,29.3,19.1,4.5,29.3,65,70,136,302,69,371,False,False,False,False,False,False
2026-01-27 16:30:30,22.6,55.1,29.7,18.8,4.0,29.7,65,71,136,302,69,371,False,False,False,False,False,False
2026-01-27 16:30:32,22.5,55.1,29.1,18.4,3.8,29.1,64,72,136,302,69,371,False,False,False,False,False,False
2026-01-27 16:30:34,22.5,55.1,29.0,18.7,4.2,29.0,63,72,136,302,69,371,False,False,False,False,False,False
2026-01-27 16:30:36,22.6,55.1,29.0,18.4,3.9,29.0,62,73,136,302,69,371,False,False,False,False,False,False
2026-01-27 16:30:38,22.6,55.1,28.7,18.6,4.2,28.7,61,74,136,302,69,371,False,False,False,False,False,False
2026-01-27 16:30:40,22.6,55.1,29.0,18.5,4.0,29.0,60,75,136,302,69,371,False,False,False,False,False,False
2026-01-27 16:30:42,22.6,55.1,32.1,20.8,4.7,32.1,60,76,136,302,69,371,False,False,False,False,False,False
2026-01-27 16:30:44,22.6,55.1,28.5,18.4,4.2,28.5,100,35,136,302,69,371,False,False,False,False,False,False
2026-01-27 16:30:46,22.6,55.1,30.5,19.2,3.9,30.5,80,56,136,302,69,371,False,False,False,False,False,False
2026-01-27 16:30:48,22.6,55.1,30.2,19.6,4.5,30.2,79,57,136,302,69,371,False,False,False,False,False,False
2026-01-27 16:30:50,22.6,55.1,30.0,19.0,4.0,30.0,78,57,136,302,69,371,False,False,False,False,False,False
2026-01-27 16:30:52,22.6,55.1,29.9,19.0,4.0,29.9,77,58,136,302,69,371,False,False,False,False,False,False
2026-01-27 16:30:54,22.6,55.1,29.8,18.7,3.8,29.8,76,59,136,302,69,371,False,False,False,False,False,False
2026-01-27 16:30:56,22.6,55.1,29.7,18.8,3.9,29.7,76,60,136,302,69,371,False,False,False,False,False,False
2026-01-27 16:30:58,22.6,55.1,28.6,18.8,4.5,28.6,75,61,136,302,69,371,False,False,False,False,False,False
2026-01-27 16:31:00,22.6,55.1,29.8,18.9,3.9,29.8,74,61,136,302,69,371,False,False,False,False,False,False
2026-01-27 16:31:02,22.6,55.2,29.5,18.6,3.8,29.5,73,62,136,302,69,371,False,False,False,False,False,False
2026-01-27 16:31:04,22.6,55.2,29.6,19.1,4.3,29.6,72,63,136,302,69,371,False,False,False,False,False,False
2026-01-27 16:31:06,22.6,55.2,29.4,18.7,4.0,29.4,71,64,136,302,69,371,False,False,False,False,False,False
2026-01-27 16:31:08,22.6,55.2,29.1,18.5,4.0,29.1,71,65,136,302,69,371,False,False,False,False,False,False
2026-01-27 16:31:10,22.6,55.2,29.5,18.6,3.8,29.5,70,66,136,302,69,371,False,False,False,False,False,False
2026-01-27 16:31:12,22.6,55.2,29.1,19.6,5.1,29.1,69,66,136,302,69,371,False,False,False,False,False,False
2026-01-27 16:31:14,22.6,55.2,29.2,18.7,4.1,29.2,68,67,136,302,69,371,False,False,False,False,False,False
2026-01-27 16:31:16,22.6,55.2,29.2,18.6,4.0,29.2,67,68,136,302,69,371,False,False,False,False,False,False
2026-01-27 16:31:18,22.6,55.1,29.2,18.9,4.3,29.2,67,69,136,302,69,371,False,False,False,False,False,False
2026-01-27 16:31:20,22.6,55.1,29.2,18.8,4.2,29.2,66,70,136,302,69,371,False,False,False,False,False,False
2026-01-27 16:31:22,22.6,55.1,29.3,19.5,4.9,29.3,65,70,136,302,69,371,False,False,False,False,False,False
2026-01-27 16:31:24,22.6,55.1,28.8,18.2,3.8,28.8,64,71,136,302,69,371,False,False,False,False,False,False
2026-01-27 16:31:26,22.6,55.0,29.1,18.8,4.3,29.1,63,72,136,302,69,371,False,False,False,False,False,False
2026-01-27 16:31:28,22.6,55.0,29.2,19.5,4.9,29.2,63,73,136,302,69,371,False,False,False,False,False,False
2026-01-27 16:31:30,22.6,55.0,29.1,18.5,4.0,29.1,62,74,136,302,69,371,False,False,False,False,False,False
2026-01-27 16:31:32,22.6,55.0,28.8,18.3,3.8,28.8,61,74,136,302,69,371,False,False,False,False,False,False
2026-01-27 16:31:34,22.6,55.0,29.0,19.2,4.7,29.0,60,75,136,302,69,371,False,False,False,False,False,False
2026-01-27 16:31:36,22.6,55.0,28.3,18.1,3.9,28.3,100,35,136,302,69,371,False,False,False,False,False,False
2026-01-27 16:31:38,22.6,55.0,30.6,19.5,4.2,30.6,80,56,136,302,69,371,False,False,False,False,False,False
2026-01-27 16:31:40,22.6,55.0,30.4,19.2,4.0,30.4,79,57,136,302,69,371,False,False,False,False,False,False
2026-01-27 16:31:42,22.6,55.0,29.9,19.6,4.7,29.9,78,57,136,302,69,371,False,False,False,False,False,False
2026-01-27 16:31:44,22.6,54.9,30.0,19.0,4.0,30.0,77,58,136,302,69,371,False,False,False,False,False,False
2026-01-27 16:31:46,22.6,54.9,29.9,19.0,4.0,29.9,76,59,136,302,69,371,False,False,False,False,False,False
2026-01-27 16:31:48,22.6,54.9,30.0,19.1,4.1,30.0,76,60,136,302,69,371,False,False,False,False,False,False
2026-01-27 16:31:50,22.6,54.9,29.7,19.0,4.2,29.7,75,61,136,302,69,371,False,False,False,False,False,False
2026-01-27 16:31:52,22.6,55.0,29.6,19.1,4.3,29.6,74,61,136,302,69,371,False,False,False,False,False,False
2026-01-27 16:31:54,22.6,54.9,29.5,18.4,3.7,29.5,73,62,136,302,69,371,False,False,False,False,False,False
2026-01-27 16:31:56,22.6,55.0,29.6,18.7,4.0,29.6,72,63,136,302,69,371,False,False,False,False,False,False
2026-01-27 16:31:58,22.6,55.0,28.0,18.5,4.5,28.0,71,64,136,302,69,371,False,False,False,False,False,False
2026-01-27 16:32:00,22.6,55.4,29.4,18.7,4.0,29.4,71,65,136,302,69,371,False,False,False,True,False,False
2026-01-27 16:32:02,22.6,56.9,34.6,24.2,6.9,34.6,70,66,136,302,69,371,False,False,False,True,False,False
2026-01-27 16:32:04,22.8,64.8,35.7,24.8,7.0,35.7,68,68,136,302,69,371,True,False,False,True,False,False
2026-01-27 16:32:06,22.8,70.8,37.8,26.4,7.5,37.8,67,69,136,302,69,371,True,False,False,True,False,False
2026-01-27 16:32:08,22.8,72.0,37.7,26.2,7.4,37.7,66,69,136,302,69,371,True,False,False,True,False,False
2026-01-27 16:32:10,22.7,71.0,36.8,26.1,7.7,36.8,65,70,136,302,69,371,False,False,False,True,False,False
2026-01-27 16:32:12,22.8,69.8,33.7,24.7,7.8,33.7,65,71,136,302,69,371,True,False,False,True,False,False
2026-01-27 16:32:14,22.8,67.9,36.7,26.5,8.2,36.7,64,72,136,302,69,371,True,False,False,True,False,False
2026-01-27 16:32:16,22.8,66.3,36.1,25.5,7.5,36.1,63,73,136,302,69,371,True,False,False,True,False,False
2026-01-27 16:32:18,22.8,64.8,36.0,25.5,7.5,36.0,62,73,136,302,69,371,True,False,False,True,False,False
2026-01-27 16:32:20,22.8,63.3,36.0,25.8,7.8,36.0,61,74,136,302,69,371,True,False,False,False,False,False
2026-01-27 16:32:22,22.8,62.2,33.7,23.8,7.0,33.7,60,75,136,302,69,371,True,False,False,False,False,False
2026-01-27 16:32:24,22.8,61.3,33.4,23.4,6.7,33.4,59,76,136,302,69,371,True,False,False,False,False,False
2026-01-27 16:32:26,22.8,60.5,33.6,23.5,6.7,33.6,59,77,136,302,69,371,True,False,False,False,False,False
2026-01-27 16:32:28,22.8,59.7,33.9,24.2,7.2,33.9,99,36,136,302,69,371,True,False,False,False,False,False
2026-01-27 16:32:30,22.8,58.9,32.7,22.9,6.6,32.7,76,59,136,302,69,371,True,False,False,False,False,False
2026-01-27 16:32:32,22.8,58.3,34.4,23.7,6.5,34.4,72,63,136,302,69,371,True,False,False,False,False,False
2026-01-27 16:32:34,22.8,57.8,34.5,23.9,6.7,34.5,72,64,136,302,69,371,True,False,False,False,False,False
2026-01-27 16:32:36,22.8,57.3,34.3,23.8,6.7,34.3,71,65,136,302,69,371,True,False,False,False,False,False
2026-01-27 16:32:38,22.8,57.0,34.4,23.9,6.7,34.4,70,65,136,302,69,371,False,False,False,False,False,False
2026-01-27 16:32:40,22.8,56.6,29.5,19.2,4.5,29.5,69,66,136,302,69,371,False,False,False,False,False,False
2026-01-27 16:32:42,22.8,56.3,29.7,20.3,5.4,29.7,69,67,136,302,69,371,False,False,False,False,False,False
2026-01-27 16:32:44,22.8,56.0,29.8,19.5,4.6,29.8,68,68,136,302,69,371,False,False,False,False,False,False
2026-01-27 16:32:46,22.8,55.8,29.6,19.4,4.6,29.6,67,69,136,302,69,371,False,False,False,False,False,False
2026-01-27 16:32:48,22.8,55.7,29.8,19.6,4.7,29.8,66,69,136,302,69,371,False,False,False,False,False,False
2026-01-27 16:32:50,22.8,55.6,29.5,19.7,5.0,29.5,65,70,136,302,69,371,False,False,False,False,False,False
2026-01-27 16:32:52,22.8,55.4,29.7,19.9,5.1,29.7,64,71,136,302,69,371,False,False,False,False,False,False
2026-01-27 16:32:54,22.8,55.3,29.3,19.3,4.7,29.3,64,72,136,302,69,371,False,False,False,False,False,False
2026-01-27 16:32:56,22.8,55.6,29.3,19.7,5.0,29.3,63,73,136,302,69,371,False,False,False,False,False,False
2026-01-27 16:32:58,22.8,55.6,28.1,19.2,5.2,28.1,61,74,136,302,69,371,False,False,False,False,False,False
2026-01-27 16:33:00,22.8,55.7,30.1,19.8,4.8,30.1,61,75,136,302,69,371,False,False,False,False,False,False
2026-01-27 16:33:02,22.8,55.7,29.1,19.0,4.5,29.1,60,76,136,302,69,371,False,False,False,False,False,False
2026-01-27 16:33:04,22.8,55.6,29.2,19.3,4.7,29.2,59,76,136,302,69,371,False,False,False,False,False,False
2026-01-27 16:33:06,22.8,55.6,29.9,19.4,4.4,29.9,58,77,136,302,69,371,False,False,False,False,False,False
2026-01-27 16:33:08,22.8,55.5,31.1,20.9,5.4,31.1,98,37,136,302,69,371,False,False,False,False,False,False
2026-01-27 16:33:10,22.8,55.4,30.5,19.1,3.8,30.5,78,57,136,302,69,371,False,False,False,False,False,False
2026-01-27 16:33:12,22.8,55.3,30.1,20.0,4.9,30.1,78,58,136,302,69,371,False,False,False,False,False,False
2026-01-27 16:33:14,22.8,55.2,29.8,18.6,3.7,29.8,77,59,136,302,69,371,False,False,False,False,False,False
2026-01-27 16:33:16,22.8,55.2,30.1,19.0,3.9,30.1,76,59,136,302,69,371,False,False,False,False,False,False
2026-01-27 16:33:18,22.8,55.1,29.7,18.6,3.7,29.7,75,60,136,302,69,371,False,False,False,False,False,False
2026-01-27 16:33:20,22.8,55.0,29.6,18.9,4.1,29.6,75,61,136,302,69,371,False,False,False,False,False,False
2026-01-27 16:33:22,22.8,55.0,29.6,19.1,4.3,29.6,74,62,136,302,69,371,False,False,False,False,False,False
2026-01-27 16:33:24,22.8,54.9,29.4,18.5,3.8,29.4,73,62,136,302,69,371,False,False,False,False,False,False
2026-01-27 16:33:26,22.8,54.9,29.7,18.7,3.9,29.7,72,63,136,302,69,371,False,False,False,False,False,False
2026-01-27 16:33:28,22.8,55.0,28.2,18.8,4.7,28.2,72,64,136,302,69,371,False,False,False,False,False,False
2026-01-27 16:33:30,22.8,54.9,29.4,18.7,4.0,29.4,71,64,136,302,69,371,False,False,False,False,False,False
2026-01-27 16:33:32,22.8,54.9,29.3,18.7,4.1,29.3,70,65,136,302,69,371,False,False,False,False,False,False
2026-01-27 16:33:34,22.8,54.9,29.4,18.8,4.1,29.4,70,66,136,302,69,371,False,False,False,False,False,False
2026-01-27 16:33:36,22.8,54.9,29.4,18.5,3.8,29.4,69,67,136,302,69,371,False,False,False,False,False,False
2026-01-27 16:33:38,22.8,54.9,29.1,18.6,4.0,29.1,68,67,136,302,69,371,False,False,False,False,False,False
2026-01-27 16:33:40,22.8,54.8,28.9,18.3,3.8,28.9,67,68,136,302,69,371,False,False,False,False,False,False
2026-01-27 16:33:42,22.8,54.8,29.3,19.2,4.6,29.3,67,69,136,302,69,371,False,False,False,False,False,False
2026-01-27 16:33:44,22.8,54.8,29.0,18.3,3.8,29.0,66,70,136,302,69,371,False,False,False,False,False,False
2026-01-27 16:33:46,22.8,54.8,29.3,18.8,4.2,29.3,65,70,136,302,69,371,False,False,False,False,False,False
2026-01-27 16:33:48,22.7,54.9,29.0,18.5,4.0,29.0,64,71,136,302,69,371,False,False,False,False,False,False
2026-01-27 16:33:50,22.8,54.8,28.9,18.7,4.2,28.9,63,72,136,302,69,371,False,False,False,False,False,False
2026-01-27 16:33:52,22.7,54.8,29.1,18.7,4.2,29.1,62,73,136,302,69,371,False,False,False,False,False,False
2026-01-27 16:33:54,22.7,54.8,28.6,18.2,3.9,28.6,62,74,136,302,69,371,False,False,False,False,False,False
2026-01-27 16:33:56,22.7,54.9,29.0,18.6,4.1,29.0,61,75,136,302,69,371,False,False,False,False,False,False
2026-01-27 16:33:58,22.7,54.8,27.9,18.5,4.5,27.9,60,75,136,302,69,371,False,False,False,False,False,False
2026-01-27 16:34:00,22.7,54.8,28.5,18.3,4.1,28.5,100,35,136,302,69,371,False,False,False,False,False,False
2026-01-27 16:34:02,22.7,54.8,30.3,18.9,3.7,30.3,80,56,136,302,69,371,False,False,False,False,False,False
2026-01-27 16:34:04,22.7,54.9,30.3,19.1,3.9,30.3,79,57,136,302,69,371,False,False,False,False,False,False
2026-01-27 16:34:06,22.7,54.8,29.9,18.9,4.0,29.9,78,58,136,302,69,371,False,False,False,False,False,False
2026-01-27 16:34:08,22.7,54.9,30.0,19.3,4.3,30.0,77,58,136,302,69,371,False,False,False,False,False,False
2026-01-27 16:34:10,22.7,54.9,29.8,18.8,3.9,29.8,76,59,136,302,69,371,False,False,False,False,False,False
2026-01-27 16:34:12,22.7,55.0,29.8,19.6,4.7,29.8,75,60,136,302,69,371,False,False,False,False,False,False
2026-01-27 16:34:14,22.7,54.9,30.4,19.7,4.5,30.4,75,61,136,302,69,371,False,False,False,False,False,False
2026-01-27 16:34:16,22.7,54.9,29.6,18.7,3.9,29.6,74,62,136,302,69,371,False,False,False,False,False,False
2026-01-27 16:34:18,22.7,54.9,29.5,19.2,4.4,29.5,73,62,136,302,69,371,False,False,False,False,False,False
2026-01-27 16:34:20,22.7,54.9,29.5,19.4,4.6,29.5,72,63,136,302,69,371,False,False,False,False,False,False
2026-01-27 16:34:22,22.7,54.9,29.5,19.1,4.4,29.5,71,64,136,302,69,371,False,False,False,False,False,False
2026-01-27 16:34:24,22.7,55.0,29.5,18.8,4.1,29.5,71,65,136,302,69,371,False,False,False,False,False,False
2026-01-27 16:34:26,22.7,55.0,29.4,19.1,4.4,29.4,70,66,136,302,69,371,False,False,False,False,False,False
2026-01-27 16:34:28,22.7,54.9,27.8,18.5,4.6,27.8,69,66,136,302,69,371,False,False,False,False,False,False
2026-01-27 16:34:30,22.7,55.0,29.3,18.8,4.1,29.3,68,67,136,302,69,371,False,False,False,False,False,False
2026-01-27 16:34:32,22.7,55.0,29.1,18.4,3.9,29.1,67,68,136,302,69,371,False,False,False,False,False,False
2026-01-27 16:34:34,22.7,55.0,29.3,18.8,4.1,29.3,67,69,136,302,69,371,False,False,False,False,False,False
2026-01-27 16:34:36,22.7,55.0,29.0,18.4,3.9,29.0,66,70,136,302,69,371,False,False,False,False,False,False
2026-01-27 16:34:38,22.7,55.0,29.0,18.8,4.3,29.0,65,70,136,302,69,371,False,False,False,False,False,False
2026-01-27 16:34:40,22.7,55.0,28.8,18.2,3.8,28.8,64,72,136,302,69,371,False,False,False,False,False,False
2026-01-27 16:34:42,22.7,55.0,29.0,19.0,4.5,29.0,63,70,134,305,66,371,False,False,False,False,False,False
2026-01-27 16:34:44,22.7,55.0,29.6,18.6,3.8,29.6,62,73,136,302,69,371,False,False,False,False,False,False
2026-01-27 16:34:46,22.6,55.0,28.9,18.5,4.0,28.9,62,74,136,302,69,371,False,False,False,False,False,False
2026-01-27 16:34:48,22.7,55.0,28.8,18.2,3.8,28.8,61,75,136,302,69,371,False,False,False,False,False,False
2026-01-27 16:34:50,22.6,55.0,28.9,18.6,4.2,28.9,60,75,136,302,69,371,False,False,False,False,False,False
2026-01-27 16:34:52,22.7,55.0,28.6,18.1,3.8,28.6,100,35,136,302,69,371,False,False,False,False,False,False
2026-01-27 16:34:54,22.7,55.0,30.4,19.2,4.0,30.4,80,56,136,302,69,371,False,False,False,False,False,False
2026-01-27 16:34:56,22.7,55.0,30.1,19.0,4.0,30.1,78,57,136,302,69,371,False,False,False,False,False,False
2026-01-27 16:34:58,22.6,55.0,30.1,19.7,4.7,30.1,78,57,136,302,69,371,False,False,False,False,False,False
2026-01-27 16:35:00,22.6,55.0,30.0,18.9,3.9,30.0,77,58,136,302,69,371,False,False,False,False,False,False
2026-01-27 16:35:02,22.6,55.0,30.1,19.3,4.2,30.1,76,59,136,302,69,371,False,False,False,False,False,False
2026-01-27 16:35:04,22.6,55.0,29.8,19.2,4.3,29.8,75,60,136,302,69,371,False,False,False,False,False,False
2026-01-27 16:35:06,22.6,55.0,29.7,18.7,3.9,29.7,75,61,136,302,69,371,False,False,False,False,False,False
2026-01-27 16:35:08,22.6,55.1,29.7,18.9,4.1,29.7,74,62,136,302,69,371,False,False,False,False,False,False
2026-01-27 16:35:10,22.6,55.0,29.3,18.6,3.9,29.3,73,62,136,302,69,371,False,False,False,False,False,False
2026-01-27 16:35:12,22.6,55.1,30.4,20.0,4.8,30.4,72,61,134,305,66,371,False,False,False,False,False,False
2026-01-27 16:35:14,22.6,55.1,29.2,18.6,4.0,29.2,71,64,136,302,69,371,False,False,False,False,False,False
2026-01-27 16:35:16,22.6,55.1,29.3,18.5,3.9,29.3,71,65,136,302,69,371,False,False,False,False,False,False
2026-01-27 16:35:18,22.6,55.1,29.2,18.5,3.9,29.2,70,66,136,302,69,371,False,False,False,False,False,False
2026-01-27 16:35:20,22.6,55.1,29.2,19.1,4.5,29.2,69,66,136,302,69,371,False,False,False,False,False,False
2026-01-27 16:35:22,22.6,55.1,29.4,18.9,4.2,29.4,68,67,136,302,69,371,False,False,False,False,False,False
2026-01-27 16:35:24,22.6,55.1,29.2,19.1,4.5,29.2,67,68,136,302,69,371,False,False,False,False,False,False
2026-01-27 16:35:26,22.6,55.1,29.0,18.5,4.0,29.0,67,69,136,302,69,371,False,False,False,False,False,False
2026-01-27 16:35:28,22.6,55.1,27.3,18.3,4.7,27.3,66,70,136,302,69,371,False,False,False,False,False,False
2026-01-27 16:35:30,22.6,55.2,29.1,18.4,3.9,29.1,65,70,136,302,69,371,False,False,False,False,False,False
2026-01-27 16:35:32,22.6,55.2,29.2,18.7,4.1,29.2,64,71,136,302,69,371,False,False,False,False,False,False
2026-01-27 16:35:34,22.6,55.2,28.9,18.5,4.0,28.9,63,72,136,302,69,371,False,False,False,False,False,False
2026-01-27 16:35:36,22.6,55.2,28.9,18.5,4.0,28.9,62,73,136,302,69,371,False,False,False,False,False,False
2026-01-27 16:35:38,22.6,55.3,28.8,18.6,4.3,28.8,62,74,136,302,69,371,False,False,False,False,False,False
2026-01-27 16:35:40,22.6,55.4,28.9,18.3,3.8,28.9,61,75,136,302,69,371,False,False,False,False,False,False
2026-01-27 16:35:42,22.6,55.4,29.1,18.7,4.1,29.1,60,75,136,302,69,371,False,False,False,False,False,False
2026-01-27 16:35:44,22.6,55.4,28.7,18.8,4.4,28.7,100,35,136,302,69,371,False,False,False,False,False,False
2026-01-27 16:35:46,22.6,55.4,30.5,19.2,3.9,30.5,80,56,136,302,69,371,False,False,False,False,False,False
2026-01-27 16:35:48,22.6,55.4,30.1,19.4,4.3,30.1,79,57,136,302,69,371,False,False,False,False,False,False
2026-01-27 16:35:50,22.6,55.4,30.2,19.4,4.3,30.2,78,57,136,302,69,371,False,False,False,False,False,False
2026-01-27 16:35:52,22.6,55.3,29.9,18.9,3.9,29.9,77,58,136,302,69,371,False,False,False,False,False,False
2026-01-27 16:35:54,22.6,55.3,29.7,19.0,4.2,29.7,76,59,136,302,69,371,False,False,False,False,False,False
2026-01-27 16:35:56,22.6,55.3,29.7,18.8,4.0,29.7,75,60,136,302,69,371,False,False,False,False,False,False
2026-01-27 16:35:58,22.6,55.3,29.8,19.7,4.9,29.8,75,61,136,302,69,371,False,False,False,False,False,False
2026-01-27 16:36:00,22.5,55.3,29.9,19.0,4.0,29.9,74,62,136,302,69,371,False,False,False,False,False,False
2026-01-27 16:36:02,22.6,55.2,29.5,18.9,4.2,29.5,73,62,136,302,69,371,False,False,False,False,False,False
2026-01-27 16:36:04,22.5,55.2,29.5,18.8,4.1,29.5,72,63,136,302,69,371,False,False,False,False,False,False
2026-01-27 16:36:06,22.6,55.3,29.4,18.7,4.0,29.4,71,64,136,302,69,371,False,False,False,False,False,False
2026-01-27 16:36:08,22.5,55.3,29.2,18.7,4.1,29.2,71,65,136,302,69,371,False,False,False,False,False,False
2026-01-27 16:36:10,22.5,55.3,29.3,18.5,3.9,29.3,70,66,136,302,69,371,False,False,False,False,False,False
2026-01-27 16:36:12,22.5,55.3,29.2,19.0,4.4,29.2,69,67,136,302,69,371,False,False,False,False,False,False
2026-01-27 16:36:14,22.5,55.3,29.5,19.4,4.7,29.5,68,67,136,302,69,371,False,False,False,False,False,False
2026-01-27 16:36:16,22.5,55.2,29.3,19.1,4.5,29.3,67,68,136,302,69,371,False,False,False,False,False,False
2026-01-27 16:36:18,22.5,55.3,29.0,18.6,4.0,29.0,67,69,136,302,69,371,False,False,False,False,False,False
2026-01-27 16:36:20,22.5,55.3,29.9,19.5,4.6,29.9,66,70,136,302,69,371,False,False,False,False,False,False
2026-01-27 16:36:22,22.5,55.3,28.9,18.9,4.5,28.9,65,70,136,302,69,371,False,False,False,False,False,False
2026-01-27 16:36:24,22.5,55.3,29.1,19.0,4.5,29.1,64,71,136,302,69,371,False,False,False,False,False,False
2026-01-27 16:36:26,22.5,55.3,28.8,18.4,4.0,28.8,63,72,136,302,69,371,False,False,False,False,False,False
2026-01-27 16:36:28,22.5,55.3,28.3,19.1,4.9,28.3,62,73,136,302,69,371,False,False,False,False,False,False
2026-01-27 16:36:30,22.5,55.3,29.1,18.7,4.1,29.1,62,74,136,302,69,371,False,False,False,False,False,False
2026-01-27 16:36:32,22.5,55.4,28.9,18.5,4.0,28.9,61,75,136,302,69,371,False,False,False,False,False,False
2026-01-27 16:36:34,22.5,55.4,28.9,18.5,4.1,28.9,60,75,136,302,69,371,False,False,False,False,False,False
2026-01-27 16:36:36,22.5,55.4,28.4,18.2,4.0,28.4,100,35,136,302,69,371,False,False,False,False,False,False
2026-01-27 16:36:38,22.5,55.4,30.5,19.2,3.9,30.5,80,56,136,302,69,371,False,False,False,False,False,False
2026-01-27 16:36:40,22.5,55.4,30.3,19.2,4.1,30.3,79,57,136,302,69,371,False,False,False,False,False,False
2026-01-27 16:36:42,22.5,55.4,29.8,18.9,4.0,29.8,78,57,136,302,69,371,False,False,False,False,False,False
2026-01-27 16:36:44,22.5,55.4,29.0,19.0,4.5,29.0,77,58,136,302,69,371,False,False,False,False,False,False
2026-01-27 16:36:46,22.5,55.4,29.9,19.0,4.0,29.9,76,59,136,302,69,371,False,False,False,False,False,False
2026-01-27 16:36:48,22.5,55.4,29.8,18.7,3.8,29.8,75,60,136,302,69,371,False,False,False,False,False,False
2026-01-27 16:36:50,22.5,55.3,30.2,19.2,4.1,30.2,75,61,136,302,69,371,False,False,False,False,False,False
2026-01-27 16:36:52,22.5,55.4,29.5,18.5,3.8,29.5,74,62,136,302,69,371,False,False,False,False,False,False
2026-01-27 16:36:54,22.5,55.4,29.6,19.0,4.2,29.6,73,62,136,302,69,371,False,False,False,False,False,False
2026-01-27 16:36:56,22.5,55.4,30.0,18.8,3.8,30.0,72,63,136,302,69,371,False,False,False,False,False,False
2026-01-27 16:36:58,22.5,55.4,29.3,19.5,4.8,29.3,71,64,136,302,69,371,False,False,False,False,False,False
2026-01-27 16:37:00,22.5,55.4,29.3,18.5,3.8,29.3,71,65,136,302,69,371,False,False,False,False,False,False
2026-01-27 16:37:02,22.5,55.3,29.3,18.9,4.3,29.3,70,66,136,302,69,371,False,False,False,False,False,False
2026-01-27 16:37:04,22.5,55.4,29.3,18.8,4.2,29.3,69,66,136,302,69,371,False,False,False,False,False,False
2026-01-27 16:37:06,22.5,55.3,29.2,18.6,4.0,29.2,68,67,136,302,69,371,False,False,False,False,False,False
2026-01-27 16:37:08,22.5,55.4,29.3,18.5,3.9,29.3,67,68,136,302,69,371,False,False,False,False,False,False
2026-01-27 16:37:10,22.5,55.3,28.9,18.4,3.9,28.9,66,69,136,302,69,371,False,False,False,False,False,False
2026-01-27 16:37:12,22.5,55.3,29.1,18.7,4.2,29.1,66,70,136,302,69,371,False,False,False,False,False,False
2026-01-27 16:37:14,22.5,55.3,29.2,19.2,4.6,29.2,65,70,136,302,69,371,False,False,False,False,False,False
2026-01-27 16:37:16,22.5,55.3,29.0,18.5,4.0,29.0,64,71,136,302,69,371,False,False,False,False,False,False
2026-01-27 16:37:18,22.5,55.3,29.1,18.3,3.8,29.1,63,72,136,302,69,371,False,False,False,False,False,False
2026-01-27 16:37:20,22.5,55.3,29.3,19.0,4.4,29.3,62,73,136,302,69,371,False,False,False,False,False,False
2026-01-27 16:37:22,22.5,55.3,28.6,18.6,4.2,28.6,62,74,136,302,69,371,False,False,False,False,False,False
2026-01-27 16:37:24,22.5,55.3,28.9,18.5,4.0,28.9,61,75,136,302,69,371,False,False,False,False,False,False
2026-01-27 16:37:26,22.5,55.3,28.7,18.3,3.9,28.7,60,75,136,302,69,371,False,False,False,False,False,False
2026-01-27 16:37:28,22.5,55.4,27.8,18.7,4.8,27.8,100,35,136,302,69,371,False,False,False,False,False,False
2026-01-27 16:37:30,22.5,55.4,30.8,19.3,3.9,30.8,79,56,136,302,69,371,False,False,False,False,False,False
2026-01-27 16:37:32,22.5,55.4,30.1,19.7,4.7,30.1,78,57,136,302,69,371,False,False,False,False,False,False
2026-01-27 16:37:34,22.5,55.4,30.0,19.4,4.4,30.0,78,58,136,302,69,371,False,False,False,False,False,False
2026-01-27 16:37:36,22.5,55.4,29.8,18.9,4.0,29.8,77,59,136,302,69,371,False,False,False,False,False,False
2026-01-27 16:37:38,22.5,55.3,30.0,18.9,3.9,30.0,76,59,136,302,69,371,False,False,False,False,False,False
2026-01-27 16:37:40,22.5,55.3,29.6,18.6,3.8,29.6,75,60,136,302,69,371,False,False,False,False,False,False
2026-01-27 16:37:42,22.5,55.3,29.5,18.7,3.9,29.5,74,61,136,302,69,371,False,False,False,False,False,False
2026-01-27 16:37:44,22.5,55.3,29.8,19.6,4.7,29.8,73,62,136,302,69,371,False,False,False,False,False,False
2026-01-27 16:37:46,22.5,55.4,29.7,18.8,3.9,29.7,73,63,136,302,69,371,False,False,False,False,False,False
2026-01-27 16:37:48,22.5,55.4,29.4,18.6,3.9,29.4,72,64,136,302,69,371,False,False,False,False,False,False
2026-01-27 16:37:50,22.5,55.3,29.4,18.8,4.1,29.4,71,64,136,302,69,371,False,False,False,False,False,False
2026-01-27 16:37:52,22.5,55.3,29.3,18.4,3.8,29.3,70,65,136,302,69,371,False,False,False,False,False,False
2026-01-27 16:37:54,22.5,55.3,29.4,19.0,4.3,29.4,69,66,136,302,69,371,False,False,False,False,False,False
2026-01-27 16:37:56,22.5,55.4,29.4,18.6,3.9,29.4,69,67,136,302,69,371,False,False,False,False,False,False
2026-01-27 16:37:58,22.5,55.3,28.9,19.1,4.7,28.9,68,68,136,302,69,371,False,False,False,False,False,False
2026-01-27 16:38:00,22.5,55.3,29.0,18.3,3.8,29.0,67,68,136,302,69,371,False,False,False,False,False,False
2026-01-27 16:38:02,22.5,55.3,29.1,18.8,4.2,29.1,66,69,136,302,69,371,False,False,False,False,False,False
2026-01-27 16:38:04,22.5,55.3,29.0,18.3,3.8,29.0,65,70,136,302,69,371,False,False,False,False,False,False
2026-01-27 16:38:06,22.5,55.3,29.2,18.8,4.2,29.2,65,71,136,302,69,371,False,False,False,False,False,False
2026-01-27 16:38:08,22.5,55.3,28.9,18.5,4.0,28.9,64,72,136,302,69,371,False,False,False,False,False,False
2026-01-27 16:38:10,22.5,55.3,28.9,18.5,4.0,28.9,63,72,136,302,69,371,False,False,False,False,False,False
2026-01-27 16:38:12,22.5,55.3,29.0,18.7,4.2,29.0,62,73,136,302,69,371,False,False,False,False,False,False
2026-01-27 16:38:14,22.5,55.4,28.9,19.0,4.5,28.9,61,74,136,302,69,371,False,False,False,False,False,False
2026-01-27 16:38:16,22.5,55.4,29.3,19.2,4.5,29.3,60,75,136,302,69,371,False,False,False,False,False,False
2026-01-27 16:38:18,22.5,55.3,28.9,18.6,4.2,28.9,60,76,136,302,69,371,False,False,False,False,False,False
2026-01-27 16:38:20,22.5,55.3,29.0,18.7,4.2,29.0,100,35,136,302,69,371,False,False,False,False,False,False
2026-01-27 16:38:22,22.5,55.4,30.1,19.4,4.4,30.1,79,56,136,302,69,371,False,False,False,False,False,False
2026-01-27 16:38:24,22.5,55.5,30.1,19.0,4.0,30.1,78,57,136,302,69,371,False,False,False,False,False,False
2026-01-27 16:38:26,22.5,55.5,30.1,19.0,3.9,30.1,78,58,136,302,69,371,False,False,False,False,False,False
2026-01-27 16:38:28,22.5,55.5,29.4,20.2,5.5,29.4,77,58,136,302,69,371,False,False,False,False,False,False
2026-01-27 16:38:30,22.5,55.5,29.9,18.9,3.9,29.9,76,59,136,302,69,371,False,False,False,False,False,False
2026-01-27 16:38:32,22.5,55.5,29.9,19.2,4.3,29.9,75,60,136,302,69,371,False,False,False,False,False,False
2026-01-27 16:38:34,22.5,55.4,29.7,19.2,4.3,29.7,74,61,136,302,69,371,False,False,False,False,False,False
2026-01-27 16:38:36,22.5,55.4,29.8,19.0,4.1,29.8,73,62,136,302,69,371,False,False,False,False,False,False
2026-01-27 16:38:38,22.5,55.4,29.5,18.7,4.0,29.5,73,63,136,302,69,371,False,False,False,False,False,False
2026-01-27 16:38:40,22.5,55.3,29.9,19.0,4.0,29.9,72,64,136,302,69,371,False,False,False,False,False,False
2026-01-27 16:38:42,22.5,55.4,29.3,18.4,3.8,29.3,71,65,136,302,69,371,False,False,False,False,False,False
2026-01-27 16:38:44,22.5,55.4,29.7,19.6,4.8,29.7,70,65,136,302,69,371,False,False,False,False,False,False
2026-01-27 16:38:46,22.5,55.4,29.4,18.7,4.0,29.4,69,66,136,302,69,371,False,False,False,False,False,False
2026-01-27 16:38:48,22.5,55.5,29.2,18.8,4.2,29.2,69,67,136,302,69,371,False,False,False,False,False,False
2026-01-27 16:38:50,22.5,55.4,29.3,18.8,4.2,29.3,68,68,136,302,69,371,False,False,False,False,False,False
2026-01-27 16:38:52,22.5,55.4,29.1,18.6,4.0,29.1,67,68,136,302,69,371,False,False,False,False,False,False
2026-01-27 16:38:54,22.5,55.4,29.3,19.0,4.3,29.3,66,69,136,302,69,371,False,False,False,False,False,False
2026-01-27 16:38:56,22.5,55.4,29.7,18.8,3.9,29.7,65,70,136,302,69,371,False,False,False,False,False,False
2026-01-27 16:38:58,22.5,55.4,28.8,19.1,4.7,28.8,65,71,136,302,69,371,False,False,False,False,False,False
2026-01-27 16:39:00,22.5,55.4,29.0,18.3,3.8,29.0,64,72,136,302,69,371,False,False,False,False,False,False
2026-01-27 16:39:02,22.5,55.4,29.0,18.5,4.0,29.0,63,72,136,302,69,371,False,False,False,False,False,False
2026-01-27 16:39:04,22.4,55.4,29.1,18.4,3.9,29.1,62,73,136,302,69,371,False,False,False,False,False,False
2026-01-27 16:39:06,22.5,55.4,28.9,18.5,4.0,28.9,61,74,136,302,69,371,False,False,False,False,False,False
2026-01-27 16:39:08,22.5,55.4,28.8,18.4,4.0,28.8,60,75,136,302,69,371,False,False,False,False,False,False
2026-01-27 16:39:10,22.5,55.4,29.0,18.6,4.1,29.0,60,76,136,302,69,371,False,False,False,False,False,False
2026-01-27 16:39:12,22.5,55.4,28.5,18.2,3.9,28.5,100,35,136,302,69,371,False,False,False,False,False,False
2026-01-27 16:39:14,22.4,55.4,29.3,19.4,4.7,29.3,79,56,136,302,69,371,False,False,False,False,False,False
2026-01-27 16:39:16,22.5,55.4,30.1,18.8,3.8,30.1,78,57,136,302,69,371,False,False,False,False,False,False
2026-01-27 16:39:18,22.5,55.4,29.9,18.9,4.0,29.9,78,58,136,302,69,371,False,False,False,False,False,False
2026-01-27 16:39:20,22.5,55.4,29.9,18.9,3.9,29.9,77,59,136,302,69,371,False,False,False,False,False,False
2026-01-27 16:39:22,22.5,55.5,30.0,19.8,4.8,30.0,76,59,136,302,69,371,False,False,False,False,False,False
2026-01-27 16:39:24,22.5,55.5,30.0,19.1,4.1,30.0,75,60,136,302,69,371,False,False,False,False,False,False
2026-01-27 16:39:26,22.5,55.4,29.7,18.9,4.0,29.7,74,61,136,302,69,371,False,False,False,False,False,False
2026-01-27 16:39:28,22.5,55.4,29.1,19.2,4.7,29.1,74,62,136,302,69,371,False,False,False,False,False,False
2026-01-27 16:39:30,22.4,55.4,29.5,18.5,3.8,29.5,73,63,136,302,69,371,False,False,False,False,False,False
2026-01-27 16:39:32,22.5,55.4,29.6,18.8,4.0,29.6,72,64,136,302,69,371,False,False,False,False,False,False
2026-01-27 16:39:34,22.5,55.4,29.5,18.9,4.2,29.5,71,64,136,302,69,371,False,False,False,False,False,False
2026-01-27 16:39:36,22.5,55.5,29.4,18.8,4.1,29.4,70,65,136,302,69,371,False,False,False,False,False,False
2026-01-27 16:39:38,22.5,55.4,29.2,18.5,3.9,29.2,69,66,136,302,69,371,False,False,False,False,False,False
2026-01-27 16:39:40,22.4,55.4,29.3,18.8,4.2,29.3,69,67,136,302,69,371,False,False,False,False,False,False
2026-01-27 16:39:42,22.5,55.4,29.3,18.4,3.8,29.3,68,68,136,302,69,371,False,False,False,False,False,False
2026-01-27 16:39:44,22.4,55.5,29.3,19.4,4.8,29.3,67,68,136,302,69,371,False,False,False,False,False,False
2026-01-27 16:39:46,22.4,55.5,29.1,18.4,3.8,29.1,66,69,136,302,69,371,False,False,False,False,False,False
2026-01-27 16:39:48,22.5,55.5,29.0,18.6,4.1,29.0,65,70,136,302,69,371,False,False,False,False,False,False
2026-01-27 16:39:50,22.4,55.5,29.1,18.6,4.0,29.1,65,71,136,302,69,371,False,False,False,False,False,False
2026-01-27 16:39:52,22.4,55.5,29.1,18.7,4.2,29.1,64,72,136,302,69,371,False,False,False,False,False,False
2026-01-27 16:39:54,22.4,55.5,28.9,18.2,3.8,28.9,63,72,136,302,69,371,False,False,False,False,False,False
2026-01-27 16:39:56,22.5,55.5,28.9,18.7,4.2,28.9,62,73,136,302,69,371,False,False,False,False,False,False
2026-01-27 16:39:58,22.4,55.5,28.7,19.1,4.7,28.7,61,74,136,302,69,371,False,False,False,False,False,False
2026-01-27 16:40:00,22.4,55.5,28.7,18.5,4.1,28.7,60,75,136,302,69,371,False,False,False,False,False,False
2026-01-27 16:40:02,22.5,55.5,29.2,18.7,4.2,29.2,60,76,136,302,69,371,False,False,False,False,False,False
2026-01-27 16:40:04,25.4,54.4,28.5,18.1,3.9,28.5,100,35,136,302,69,371,True,False,False,True,False,False
2026-01-27 16:40:06,25.0,53.2,35.4,25.8,8.1,35.4,74,61,136,302,69,371,True,False,False,True,False,False
2026-01-27 16:40:08,24.8,52.7,36.4,25.7,7.5,36.4,70,65,136,302,69,371,True,False,False,True,False,False
2026-01-27 16:40:10,24.7,52.3,36.6,25.9,7.7,36.6,69,66,136,302,69,371,True,False,False,True,False,False
2026-01-27 16:40:12,24.8,52.0,36.8,26.1,7.6,36.8,68,67,136,302,69,371,True,False,False,True,False,False
2026-01-27 16:40:14,24.8,51.8,36.4,25.8,7.6,36.4,68,68,136,302,69,371,True,False,False,True,False,False
2026-01-27 16:40:16,24.8,51.5,36.6,26.4,8.1,36.6,67,69,136,302,69,371,True,False,False,True,False,False
2026-01-27 16:40:18,24.8,51.3,36.6,25.6,7.3,36.6,66,69,136,302,69,371,True,False,False,True,False,False
2026-01-27 16:40:20,24.8,51.1,36.2,25.7,7.6,36.2,65,70,136,302,69,371,True,False,False,True,False,False
2026-01-27 16:40:22,24.8,51.0,36.3,26.4,8.2,36.3,64,71,136,302,69,371,True,False,False,True,False,False
2026-01-27 16:40:24,24.8,50.9,36.2,25.6,7.6,36.2,64,72,136,302,69,371,True,False,False,True,False,False
2026-01-27 16:40:26,24.7,50.7,35.8,25.6,7.6,35.8,63,73,136,302,69,371,True,False,False,True,False,False
2026-01-27 16:40:28,24.7,50.6,35.8,26.1,8.2,35.8,62,73,136,302,69,371,True,False,False,True,False,False
2026-01-27 16:40:30,24.7,50.6,36.1,25.6,7.6,36.1,61,74,136,302,69,371,True,False,False,True,False,False
2026-01-27 16:40:32,24.7,50.6,36.1,25.9,7.9,36.1,60,75,136,302,69,371,True,False,False,True,False,False
2026-01-27 16:40:34,24.7,50.5,35.6,25.2,7.4,35.6,59,76,136,302,69,371,True,False,False,True,False,False
2026-01-27 16:40:36,24.6,50.5,35.8,25.7,7.8,35.8,59,77,136,302,69,371,True,False,False,True,False,False
2026-01-27 16:40:38,24.6,50.5,35.4,25.0,7.3,35.4,99,36,136,302,69,371,True,False,False,True,False,False
2026-01-27 16:40:40,24.6,50.5,35.0,25.2,7.6,35.0,73,62,136,302,69,371,False,False,False,True,False,False
2026-01-27 16:40:42,24.6,50.6,34.4,24.0,6.7,34.4,72,63,136,302,69,371,False,False,False,True,False,False
2026-01-27 16:40:44,24.5,50.5,32.7,23.5,7.1,32.7,71,64,136,302,69,371,False,False,False,True,False,False
2026-01-27 16:40:46,24.5,50.5,34.3,23.8,6.6,34.3,70,65,136,302,69,371,False,False,False,True,False,False
2026-01-27 16:40:48,24.5,50.6,34.1,23.6,6.6,34.1,70,66,136,302,69,371,False,False,False,True,False,False
2026-01-27 16:40:50,24.4,50.6,34.6,23.7,6.4,34.6,69,67,136,302,69,371,False,False,False,True,False,False
2026-01-27 16:40:52,24.4,50.7,34.4,23.8,6.6,34.4,68,67,136,302,69,371,False,False,False,True,False,False
2026-01-27 16:40:54,24.4,50.7,33.9,23.3,6.4,33.9,67,68,136,302,69,371,False,False,False,False,False,False
2026-01-27 16:40:56,24.4,50.7,29.5,19.2,4.5,29.5,66,69,136,302,69,371,False,False,False,False,False,False
2026-01-27 16:40:58,24.4,50.8,29.6,19.9,5.2,29.6,66,70,136,302,69,371,False,False,False,False,False,False
2026-01-27 16:41:00,24.3,50.8,33.0,21.3,4.8,33.0,65,71,136,302,69,371,False,False,False,False,False,False
2026-01-27 16:41:02,24.3,50.9,29.4,19.5,4.8,29.4,64,71,136,302,69,371,False,False,False,False,False,False
2026-01-27 16:41:04,24.3,50.9,29.3,19.1,4.5,29.3,63,72,136,302,69,371,False,False,False,False,False,False
2026-01-27 16:41:06,24.3,51.0,29.2,19.2,4.6,29.2,62,73,136,302,69,371,False,False,False,False,False,False
2026-01-27 16:41:08,24.2,51.0,29.1,18.9,4.4,29.1,61,74,136,302,69,371,False,False,False,False,False,False
2026-01-27 16:41:10,24.2,51.0,29.5,19.6,4.8,29.5,61,75,136,302,69,371,False,False,False,False,False,False
2026-01-27 16:41:12,24.2,51.0,29.2,19.3,4.7,29.2,60,76,136,302,69,371,False,False,False,False,False,False
2026-01-27 16:41:14,24.2,51.2,29.5,19.9,5.2,29.5,59,76,136,302,69,371,False,False,False,False,False,False
2026-01-27 16:41:16,24.1,51.2,29.4,19.2,4.5,29.4,58,77,136,302,69,371,False,False,False,False,False,False
2026-01-27 16:41:18,24.1,51.2,28.9,19.1,4.7,28.9,98,37,136,302,69,371,False,False,False,False,False,False
2026-01-27 16:41:20,24.0,51.3,29.0,19.3,4.8,29.0,81,54,136,302,69,371,False,False,False,False,False,False
2026-01-27 16:41:22,24.0,51.4,30.9,21.1,5.6,30.9,77,58,136,302,69,371,False,False,False,False,False,False
2026-01-27 16:41:24,24.0,51.4,32.1,21.4,5.4,32.1,75,60,136,302,69,371,False,False,False,False,False,False
2026-01-27 16:41:26,24.0,51.4,29.6,18.9,4.1,29.6,74,61,136,302,69,371,False,False,False,False,False,False
2026-01-27 16:41:28,24.0,51.4,29.4,19.3,4.6,29.4,74,62,136,302,69,371,False,False,False,False,False,False
2026-01-27 16:41:30,23.9,51.5,29.7,18.8,4.0,29.7,73,63,136,302,69,371,False,False,False,False,False,False
2026-01-27 16:41:32,23.9,51.5,29.4,18.5,3.8,29.4,72,63,136,302,69,371,False,False,False,False,False,False
2026-01-27 16:41:34,23.9,51.6,29.4,18.6,3.9,29.4,71,64,136,302,69,371,False,False,False,False,False,False
2026-01-27 16:41:36,23.9,51.6,29.4,18.9,4.2,29.4,70,65,136,302,69,371,False,False,False,False,False,False
2026-01-27 16:41:38,23.9,51.6,29.3,18.8,4.2,29.3,70,66,136,302,69,371,False,False,False,False,False,False
2026-01-27 16:41:40,23.8,51.7,29.5,18.9,4.1,29.5,69,66,136,302,69,371,False,False,False,False,False,False
2026-01-27 16:41:42,23.8,51.7,29.1,18.2,3.6,29.1,68,67,136,302,69,371,False,False,False,False,False,False
2026-01-27 16:41:44,23.8,51.8,27.3,18.6,5.0,27.3,68,68,136,302,69,371,False,False,False,False,False,False
2026-01-27 16:41:46,23.8,51.8,29.1,18.4,3.8,29.1,67,68,136,302,69,371,False,False,False,False,False,False
2026-01-27 16:41:48,23.8,51.9,29.1,18.7,4.1,29.1,66,69,136,302,69,371,False,False,False,False,False,False
2026-01-27 16:41:50,23.8,51.9,29.2,18.6,4.0,29.2,65,70,136,302,69,371,False,False,False,False,False,False
2026-01-27 16:41:52,23.7,51.9,29.1,18.6,4.1,29.1,65,71,136,302,69,371,False,False,False,False,False,False
2026-01-27 16:41:54,23.7,52.0,29.0,18.3,3.9,29.0,64,71,136,302,69,371,False,False,False,False,False,False
2026-01-27 16:41:56,23.7,52.0,29.0,18.8,4.3,29.0,63,72,136,302,69,371,False,False,False,False,False,False
2026-01-27 16:41:58,23.7,52.1,29.5,19.4,4.7,29.5,62,73,136,302,69,371,False,False,False,False,False,False
2026-01-27 16:42:00,23.7,52.1,28.8,18.4,4.0,28.8,62,74,136,302,69,371,False,False,False,False,False,False
2026-01-27 16:42:02,23.6,52.1,29.0,18.7,4.2,29.0,61,75,136,302,69,371,False,False,False,False,False,False
2026-01-27 16:42:04,23.6,52.2,29.0,18.6,4.2,29.0,60,75,136,302,69,371,False,False,False,False,False,False
2026-01-27 16:42:06,23.6,52.2,28.4,18.2,4.0,28.4,100,35,136,302,69,371,False,False,False,False,False,False
2026-01-27 16:42:08,23.6,52.3,30.5,19.3,4.1,30.5,79,56,136,302,69,371,False,False,False,False,False,False
2026-01-27 16:42:10,23.6,52.4,30.1,19.2,4.1,30.1,78,57,136,302,69,371,False,False,False,False,False,False
2026-01-27 16:42:12,23.5,52.3,29.9,19.0,4.0,29.9,78,58,136,302,69,371,False,False,False,False,False,False
2026-01-27 16:42:14,23.5,52.4,28.5,18.9,4.7,28.5,77,59,136,302,69,371,False,False,False,False,False,False
2026-01-27 16:42:16,23.5,52.5,29.7,19.0,4.1,29.7,76,59,136,302,69,371,False,False,False,False,False,False
2026-01-27 16:42:18,23.5,52.5,30.2,19.8,4.7,30.2,75,60,136,302,69,371,False,False,False,False,False,False
2026-01-27 16:42:20,23.5,52.6,29.6,18.5,3.7,29.6,74,61,136,302,69,371,False,False,False,False,False,False
2026-01-27 16:42:22,23.4,52.6,29.8,19.8,4.9,29.8,73,62,136,302,69,371,False,False,False,False,False,False
2026-01-27 16:42:24,23.5,52.7,29.4,18.4,3.7,29.4,73,63,136,302,69,371,False,False,False,False,False,False
2026-01-27 16:42:26,23.4,52.7,29.5,18.7,3.9,29.5,72,64,136,302,69,371,False,False,False,False,False,False
2026-01-27 16:42:28,23.4,52.7,29.3,19.2,4.5,29.3,71,64,136,302,69,371,False,False,False,False,False,False
2026-01-27 16:42:30,23.4,52.8,29.3,18.7,4.0,29.3,70,65,136,302,69,371,False,False,False,False,False,False
2026-01-27 16:42:32,23.4,52.8,29.2,18.3,3.7,29.2,69,66,136,302,69,371,False,False,False,False,False,False
2026-01-27 16:42:34,23.4,52.8,29.2,18.6,4.0,29.2,69,67,136,302,69,371,False,False,False,False,False,False
2026-01-27 16:42:36,23.3,52.9,29.2,18.2,3.6,29.2,68,68,136,302,69,371,False,False,False,False,False,False
2026-01-27 16:42:38,23.4,52.9,29.9,19.3,4.3,29.9,67,68,136,302,69,371,False,False,False,False,False,False
2026-01-27 16:42:40,23.3,52.9,29.4,18.8,4.1,29.4,66,69,136,302,69,371,False,False,False,False,False,False
2026-01-27 16:42:42,23.3,52.9,28.7,18.4,4.0,28.7,65,70,136,302,69,371,False,False,False,False,False,False
2026-01-27 16:42:44,23.3,53.0,29.4,19.7,5.0,29.4,65,71,136,302,69,371,False,False,False,False,False,False
2026-01-27 16:42:46,23.3,53.0,29.1,18.3,3.7,29.1,64,72,136,302,69,371,False,False,False,False,False,False
2026-01-27 16:42:48,23.3,52.9,28.9,18.9,4.5,28.9,63,72,136,302,69,371,False,False,False,False,False,False
2026-01-27 16:42:50,23.3,53.1,29.0,18.7,4.2,29.0,62,73,136,302,69,371,False,False,False,False,False,False
2026-01-27 16:42:52,23.3,53.1,29.0,18.7,4.2,29.0,61,74,136,302,69,371,False,False,False,False,False,False
2026-01-27 16:42:54,23.2,53.1,28.8,18.2,3.8,28.8,60,75,136,302,69,371,False,False,False,False,False,False
2026-01-27 16:42:56,23.2,53.2,29.2,18.8,4.2,29.2,60,76,136,302,69,371,False,False,False,False,False,False
2026-01-27 16:42:58,23.2,53.2,28.1,18.5,4.5,28.1,100,36,136,302,69,371,False,False,False,False,False,False
2026-01-27 16:43:00,23.2,53.2,30.5,19.3,4.0,30.5,79,56,136,302,69,371,False,False,False,False,False,False
2026-01-27 16:43:02,23.2,53.2,30.2,19.1,4.0,30.2,79,57,136,302,69,371,False,False,False,False,False,False
2026-01-27 16:43:04,23.2,53.3,30.0,19.2,4.3,30.0,78,57,136,302,69,371,False,False,False,False,False,False
2026-01-27 16:43:06,23.1,53.3,30.2,18.9,3.8,30.2,77,58,136,302,69,371,False,False,False,False,False,False
2026-01-27 16:43:08,23.2,53.3,29.8,19.0,4.1,29.8,76,59,136,302,69,371,False,False,False,False,False,False
2026-01-27 16:43:10,23.1,53.4,29.8,18.8,3.9,29.8,75,60,136,302,69,371,False,False,False,False,False,False
2026-01-27 16:43:12,23.1,53.4,29.7,19.0,4.1,29.7,75,61,136,302,69,371,False,False,False,False,False,False
2026-01-27 16:43:14,23.1,53.4,28.5,19.0,4.8,28.5,74,62,136,302,69,371,False,False,False,False,False,False
2026-01-27 16:43:16,23.1,53.4,29.3,18.6,3.9,29.3,73,62,136,302,69,371,False,False,False,False,False,False
2026-01-27 16:43:18,23.1,53.5,29.6,18.9,4.1,29.6,72,63,136,302,69,371,False,False,False,False,False,False
2026-01-27 16:43:20,23.1,53.5,29.4,18.9,4.2,29.4,71,64,136,302,69,371,False,False,False,False,False,False
2026-01-27 16:43:22,23.1,53.5,29.4,19.4,4.7,29.4,71,65,136,302,69,371,False,False,False,False,False,False
2026-01-27 16:43:24,23.1,53.5,29.2,18.4,3.8,29.2,70,66,136,302,69,371,False,False,False,False,False,False
2026-01-27 16:43:26,23.1,53.5,29.5,18.8,4.1,29.5,69,66,136,302,69,371,False,False,False,False,False,False
2026-01-27 16:43:28,23.1,53.6,29.0,19.1,4.6,29.0,68,67,136,302,69,371,False,False,False,False,False,False
2026-01-27 16:43:30,23.0,53.6,29.0,18.7,4.2,29.0,67,68,136,302,69,371,False,False,False,False,False,False
2026-01-27 16:43:32,23.1,53.6,28.9,18.3,3.8,28.9,67,69,136,302,69,371,False,False,False,False,False,False
2026-01-27 16:43:34,23.1,53.7,29.1,18.6,4.1,29.1,66,70,136,302,69,371,False,False,False,False,False,False
2026-01-27 16:43:36,23.0,53.7,29.3,18.6,3.9,29.3,65,70,136,302,69,371,False,False,False,False,False,False
2026-01-27 16:43:38,23.0,53.7,29.0,18.8,4.4,29.0,64,71,136,302,69,371,False,False,False,False,False,False
2026-01-27 16:43:40,23.0,53.8,29.0,18.2,3.7,29.0,63,72,136,302,69,371,False,False,False,False,False,False
2026-01-27 16:43:42,23.0,53.8,28.9,18.5,4.0,28.9,62,73,136,302,69,371,False,False,False,False,False,False
2026-01-27 16:43:44,23.0,53.8,29.4,19.3,4.6,29.4,62,74,136,302,69,371,False,False,False,False,False,False
2026-01-27 16:43:46,23.0,53.8,28.7,18.2,3.9,28.7,61,75,136,302,69,371,False,False,False,False,False,False
2026-01-27 16:43:48,23.0,53.9,29.4,19.0,4.3,29.4,60,75,136,302,69,371,False,False,False,False,False,False
2026-01-27 16:43:50,23.0,53.9,28.2,18.1,4.0,28.2,100,35,136,302,69,371,False,False,False,False,False,False
2026-01-27 16:43:52,23.0,53.9,30.3,19.1,3.9,30.3,80,56,136,302,69,371,False,False,False,False,False,False
2026-01-27 16:43:54,22.9,53.9,30.2,18.8,3.8,30.2,79,57,136,302,69,371,False,False,False,False,False,False
2026-01-27 16:43:56,22.9,53.9,30.0,19.1,4.1,30.0,78,57,136,302,69,371,False,False,False,False,False,False
2026-01-27 16:43:58,22.9,54.0,29.6,19.1,4.3,29.6,77,58,136,302,69,371,False,False,False,False,False,False
2026-01-27 16:44:00,22.9,54.1,29.8,19.1,4.1,29.8,76,59,136,302,69,371,False,False,False,False,False,False
2026-01-27 16:44:02,22.9,54.1,29.7,18.6,3.8,29.7,75,60,136,302,69,371,False,False,False,False,False,False
2026-01-27 16:44:04,22.9,54.1,29.8,19.2,4.3,29.8,75,61,136,302,69,371,False,False,False,False,False,False
2026-01-27 16:44:06,22.9,54.3,29.6,18.8,4.0,29.6,74,62,136,302,69,371,False,False,False,False,False,False
2026-01-27 16:44:08,22.9,54.3,29.4,18.8,4.1,29.4,73,62,136,302,69,371,False,False,False,False,False,False
2026-01-27 16:44:10,22.9,54.3,29.5,18.6,3.8,29.5,72,63,136,302,69,371,False,False,False,False,False,False
2026-01-27 16:44:12,22.9,54.3,29.4,19.0,4.3,29.4,71,64,136,302,69,371,False,False,False,False,False,False
2026-01-27 16:44:14,22.9,54.3,28.0,18.6,4.6,28.0,71,65,136,302,69,371,False,False,False,False,False,False
2026-01-27 16:44:16,22.9,54.4,29.3,18.7,4.0,29.3,70,66,136,302,69,371,False,False,False,False,False,False
2026-01-27 16:44:18,22.9,54.3,29.4,19.5,4.8,29.4,69,66,136,302,69,371,False,False,False,False,False,False
2026-01-27 16:44:20,22.9,54.3,29.3,19.0,4.4,29.3,68,67,136,302,69,371,False,False,False,False,False,False
2026-01-27 16:44:22,22.9,54.3,29.4,19.8,5.1,29.4,67,68,136,302,69,371,False,False,False,False,False,False
2026-01-27 16:44:24,22.9,54.2,29.2,18.3,3.7,29.2,67,69,136,302,69,371,False,False,False,False,False,False
2026-01-27 16:44:26,22.9,54.3,29.2,18.7,4.1,29.2,66,70,136,302,69,371,False,False,False,False,False,False
2026-01-27 16:44:28,22.9,54.3,28.9,18.8,4.4,28.9,65,70,136,302,69,371,False,False,False,False,False,False
2026-01-27 16:44:30,22.9,54.2,28.9,18.5,4.0,28.9,64,72,136,302,69,371,False,False,False,False,False,False
2026-01-27 16:44:32,22.9,54.2,28.7,18.1,3.8,28.7,63,72,136,302,69,371,False,False,False,False,False,False
2026-01-27 16:44:34,22.8,54.3,29.1,18.7,4.2,29.1,62,73,136,302,69,371,False,False,False,False,False,False
2026-01-27 16:44:36,22.9,54.3,29.5,18.5,3.8,29.5,61,74,136,302,69,371,False,False,False,False,False,False
2026-01-27 16:44:38,22.9,54.3,28.9,18.9,4.4,28.9,60,75,136,302,69,371,False,False,False,False,False,False
2026-01-27 16:44:40,22.9,54.3,28.9,18.2,3.8,28.9,60,76,136,302,69,371,False,False,False,False,False,False
2026-01-27 16:44:42,22.9,54.3,28.8,18.6,4.2,28.8,100,36,136,302,69,371,False,False,False,False,False,False
2026-01-27 16:44:44,22.9,54.3,29.5,19.4,4.6,29.5,79,56,136,302,69,371,False,False,False,False,False,False
2026-01-27 16:44:46,22.9,54.3,29.9,19.1,4.2,29.9,78,57,136,302,69,371,False,False,False,False,False,False
2026-01-27 16:44:48,22.8,54.4,29.8,18.7,3.8,29.8,77,58,136,302,69,371,False,False,False,False,False,False
2026-01-27 16:44:50,22.8,54.3,30.0,19.6,4.6,30.0,77,59,136,302,69,371,False,False,False,False,False,False
2026-01-27 16:44:52,22.8,54.4,30.4,19.4,4.2,30.4,76,59,136,302,69,371,False,False,False,False,False,False
2026-01-27 16:44:54,22.8,54.4,29.5,18.7,3.9,29.5,75,60,136,302,69,371,False,False,False,False,False,False
2026-01-27 16:44:56,22.8,54.4,29.8,19.1,4.2,29.8,74,61,136,302,69,371,False,False,False,False,False,False
2026-01-27 16:44:58,22.8,54.3,29.5,19.1,4.4,29.5,74,62,136,302,69,371,False,False,False,False,False,False
2026-01-27 16:45:00,22.8,54.4,29.6,19.0,4.2,29.6,73,63,136,302,69,371,False,False,False,False,False,False
2026-01-27 16:45:02,22.8,54.4,29.5,18.5,3.8,29.5,72,64,136,302,69,371,False,False,False,False,False,False
2026-01-27 16:45:04,22.8,54.3,29.3,19.0,4.3,29.3,71,64,136,302,69,371,False,False,False,False,False,False
2026-01-27 16:45:06,22.8,54.3,29.3,18.6,3.9,29.3,70,65,136,302,69,371,False,False,False,False,False,False
2026-01-27 16:45:08,22.8,54.4,29.3,19.1,4.4,29.3,69,66,136,302,69,371,False,False,False,False,False,False
2026-01-27 16:45:10,22.8,54.4,29.1,18.3,3.7,29.1,69,67,136,302,69,371,False,False,False,False,False,False
2026-01-27 16:45:12,22.8,54.4,29.5,19.4,4.7,29.5,68,68,136,302,69,371,False,False,False,False,False,False
2026-01-27 16:45:14,22.8,54.4,27.6,18.6,4.8,27.6,67,68,136,304,67,371,False,False,False,False,False,False
2026-01-27 16:45:16,22.8,54.4,29.0,18.7,4.2,29.0,66,69,136,302,69,371,False,False,False,False,False,False
2026-01-27 16:45:18,22.8,54.4,28.9,18.6,4.1,28.9,65,70,136,302,69,371,False,False,False,False,False,False
2026-01-27 16:45:20,22.8,54.4,29.0,18.7,4.2,29.0,65,71,136,302,69,371,False,False,False,False,False,False
2026-01-27 16:45:22,22.8,54.5,29.4,19.6,4.9,29.4,64,72,136,302,69,371,False,False,False,False,False,False
2026-01-27 16:45:24,22.8,54.5,28.9,18.5,4.1,28.9,63,72,136,302,69,371,False,False,False,False,False,False
2026-01-27 16:45:26,22.8,54.5,29.3,19.0,4.4,29.3,62,73,136,302,69,371,False,False,False,False,False,False
2026-01-27 16:45:28,22.8,54.5,28.7,19.1,4.8,28.7,61,74,136,302,69,371,False,False,False,False,False,False
2026-01-27 16:45:30,22.7,54.5,29.0,19.1,4.6,29.0,60,75,136,302,69,371,False,False,False,False,False,False
2026-01-27 16:45:32,22.7,54.5,28.7,18.2,3.8,28.7,100,35,136,302,69,371,False,False,False,False,False,False
2026-01-27 16:45:34,22.7,54.5,30.5,19.5,4.3,30.5,80,56,136,302,69,371,False,False,False,False,False,False
2026-01-27 16:45:36,22.7,54.6,30.0,18.9,3.9,30.0,79,57,136,302,69,371,False,False,False,False,False,False
2026-01-27 16:45:38,22.7,54.6,30.5,19.8,4.5,30.5,78,57,136,302,69,371,False,False,False,False,False,False
2026-01-27 16:45:40,22.7,54.6,30.1,18.9,3.9,30.1,77,58,136,302,69,371,False,False,False,False,False,False
2026-01-27 16:45:42,22.7,54.6,29.9,19.2,4.2,29.9,76,59,136,302,69,371,False,False,False,False,False,False
2026-01-27 16:45:44,22.7,54.6,28.7,19.0,4.6,28.7,75,60,136,302,69,371,False,False,False,False,False,False
2026-01-27 16:45:46,22.7,54.6,29.6,18.8,4.0,29.6,74,61,136,302,69,371,False,False,False,False,False,False
2026-01-27 16:45:48,22.7,54.7,29.6,18.8,4.0,29.6,73,62,136,302,69,371,False,False,False,False,False,False
2026-01-27 16:45:50,22.7,54.7,29.7,19.5,4.6,29.7,73,63,136,302,69,371,False,False,False,False,False,False
2026-01-27 16:45:52,22.7,54.7,29.5,18.9,4.1,29.5,72,64,136,302,69,371,False,False,False,False,False,False
2026-01-27 16:45:54,22.7,54.8,29.4,18.8,4.1,29.4,71,64,136,302,69,371,False,False,False,False,False,False
2026-01-27 16:45:56,22.7,54.7,29.7,19.1,4.3,29.7,70,65,136,302,69,371,False,False,False,False,False,False
2026-01-27 16:45:58,22.7,54.7,29.1,19.2,4.6,29.1,70,66,136,302,69,371,False,False,False,False,False,False
2026-01-27 16:46:00,22.7,54.7,29.3,18.9,4.3,29.3,69,67,136,302,69,371,False,False,False,False,False,False
2026-01-27 16:46:02,22.7,54.7,29.0,18.4,3.9,29.0,68,68,136,302,69,371,False,False,False,False,False,False
2026-01-27 16:46:04,22.7,54.7,29.1,18.6,4.1,29.1,67,69,136,302,69,371,False,False,False,False,False,False
2026-01-27 16:46:06,22.7,54.7,29.0,18.4,3.9,29.0,66,69,136,302,69,371,False,False,False,False,False,False
2026-01-27 16:46:08,22.7,54.7,29.0,18.7,4.2,29.0,65,70,136,302,69,371,False,False,False,False,False,False
2026-01-27 16:46:10,22.7,54.8,29.1,18.4,3.8,29.1,65,71,136,302,69,371,False,False,False,False,False,False
2026-01-27 16:46:12,22.6,54.8,29.0,18.9,4.4,29.0,64,72,136,302,69,371,False,False,False,False,False,False
2026-01-27 16:46:14,22.6,54.8,27.1,17.7,4.2,27.1,63,72,136,302,69,371,False,False,False,False,False,False
2026-01-27 16:46:16,22.7,54.8,29.0,18.7,4.2,29.0,62,73,136,302,69,371,False,False,False,False,False,False
2026-01-27 16:46:18,22.7,54.7,28.9,19.1,4.7,28.9,61,74,136,302,69,371,False,False,False,False,False,False
2026-01-27 16:46:20,22.6,54.8,29.1,19.1,4.6,29.1,60,75,136,302,69,371,False,False,False,False,False,False
2026-01-27 16:46:22,22.6,54.8,29.1,19.4,4.8,29.1,60,76,136,302,69,371,False,False,False,False,False,False
2026-01-27 16:46:24,22.6,54.8,28.6,18.6,4.3,28.6,100,36,136,302,69,371,False,False,False,False,False,False
2026-01-27 16:46:26,22.6,54.8,30.5,19.5,4.3,30.5,79,56,136,302,69,371,False,False,False,False,False,False
2026-01-27 16:46:28,22.6,54.8,30.1,19.8,4.7,30.1,78,57,136,302,69,371,False,False,False,False,False,False
2026-01-27 16:46:30,22.6,54.9,30.8,19.6,4.2,30.8,78,58,136,302,69,371,False,False,False,False,False,False
2026-01-27 16:46:32,22.6,54.9,29.6,18.6,3.8,29.6,77,59,136,302,69,371,False,False,False,False,False,False
2026-01-27 16:46:34,22.6,54.9,29.7,19.0,4.2,29.7,76,59,136,302,69,371,False,False,False,False,False,False
2026-01-27 16:46:36,22.6,54.9,30.3,19.0,3.9,30.3,75,60,136,302,69,371,False,False,False,False,False,False
2026-01-27 16:46:38,22.7,54.9,30.0,19.4,4.4,30.0,74,61,136,302,69,371,False,False,False,False,False,False
2026-01-27 16:46:40,22.6,54.9,29.5,18.6,3.8,29.5,73,62,136,302,69,371,False,False,False,False,False,False
2026-01-27 16:46:42,22.6,54.9,29.6,19.0,4.2,29.6,73,63,136,302,69,371,False,False,False,False,False,False
2026-01-27 16:46:44,22.6,55.0,28.1,18.4,4.3,28.1,72,64,136,302,69,371,False,False,False,False,False,False
2026-01-27 16:46:46,22.6,55.0,29.4,18.6,4.0,29.4,71,64,136,302,69,371,False,False,False,False,False,False
2026-01-27 16:46:48,22.6,54.9,29.5,18.8,4.0,29.5,70,65,136,302,69,371,False,False,False,False,False,False
2026-01-27 16:46:50,22.6,55.0,29.2,19.5,4.9,29.2,69,66,136,302,69,371,False,False,False,False,False,False
2026-01-27 16:46:52,22.6,55.0,29.2,19.1,4.5,29.2,69,67,136,303,68,371,False,False,False,False,False,False
2026-01-27 16:46:54,22.6,54.9,29.2,18.8,4.2,29.2,68,68,136,302,69,371,False,False,False,False,False,False
2026-01-27 16:46:56,22.6,55.0,29.3,18.9,4.3,29.3,67,68,136,302,69,371,False,False,False,False,False,False
2026-01-27 16:46:58,22.6,55.0,29.4,19.0,4.3,29.4,66,67,134,305,66,371,False,False,False,False,False,False
2026-01-27 16:47:00,22.6,55.0,29.1,18.4,3.8,29.1,65,70,136,302,69,371,False,False,False,False,False,False
2026-01-27 16:47:02,22.6,55.1,28.9,18.4,3.9,28.9,64,71,136,302,69,371,False,False,False,False,False,False
2026-01-27 16:47:04,22.6,55.1,29.1,18.8,4.2,29.1,64,72,136,302,69,371,False,False,False,False,False,False
2026-01-27 16:47:06,22.6,55.1,28.9,18.4,3.9,28.9,63,72,136,302,69,371,False,False,False,False,False,False
2026-01-27 16:47:08,22.6,55.1,29.1,18.9,4.3,29.1,62,73,136,302,69,371,False,False,False,False,False,False
2026-01-27 16:47:10,22.6,55.1,28.8,18.2,3.8,28.8,61,74,136,302,69,371,False,False,False,False,False,False
2026-01-27 16:47:12,22.6,55.1,29.0,18.8,4.3,29.0,60,75,136,302,69,371,False,False,False,False,False,False
2026-01-27 16:47:14,22.6,55.1,27.6,18.0,4.2,27.6,60,76,136,302,69,371,False,False,False,False,False,False
2026-01-27 16:47:16,22.6,55.2,29.0,18.5,4.1,29.0,99,36,136,302,69,371,False,False,False,False,False,False
2026-01-27 16:47:18,22.6,55.1,30.7,19.3,3.9,30.7,79,57,136,302,69,371,False,False,False,False,False,False
2026-01-27 16:47:20,22.6,55.2,30.2,19.5,4.5,30.2,78,57,136,302,69,371,False,False,False,False,False,False
2026-01-27 16:47:22,22.6,55.1,30.1,19.6,4.6,30.1,78,58,136,302,69,371,False,False,False,False,False,False
2026-01-27 16:47:24,22.6,55.2,29.9,18.8,3.9,29.9,77,59,136,302,69,371,False,False,False,False,False,False
2026-01-27 16:47:26,22.6,55.2,30.0,19.1,4.1,30.0,76,59,136,302,69,371,False,False,False,False,False,False
2026-01-27 16:47:28,22.6,55.2,30.6,20.0,4.7,30.6,75,58,134,305,66,371,False,False,False,False,False,False
2026-01-27 16:47:30,22.6,55.1,30.0,19.4,4.4,30.0,74,61,136,302,69,371,False,False,False,False,False,False
2026-01-27 16:47:32,22.5,55.1,29.6,19.2,4.4,29.6,73,62,136,302,69,371,False,False,False,False,False,False
2026-01-27 16:47:34,22.6,55.1,29.5,18.9,4.1,29.5,73,63,136,302,69,371,False,False,False,False,False,False
2026-01-27 16:47:36,22.6,55.1,29.7,18.8,4.0,29.7,72,64,136,302,69,371,False,False,False,False,False,False
2026-01-27 16:47:38,22.6,55.2,29.5,18.9,4.1,29.5,71,64,136,302,69,371,False,False,False,False,False,False
2026-01-27 16:47:40,22.6,55.1,29.3,18.5,3.9,29.3,70,65,136,302,69,371,False,False,False,False,False,False
2026-01-27 16:47:42,22.6,55.1,29.4,19.0,4.3,29.4,69,66,136,302,69,371,False,False,False,False,False,False
2026-01-27 16:47:44,22.6,55.1,29.1,19.1,4.6,29.1,69,67,136,302,69,371,False,False,False,False,False,False
2026-01-27 16:47:46,22.6,55.2,29.5,18.9,4.1,29.5,68,68,136,302,69,371,False,False,False,False,False,False
2026-01-27 16:47:48,22.5,55.1,29.0,18.4,3.9,29.0,67,68,136,302,69,371,False,False,False,False,False,False
2026-01-27 16:47:50,22.5,55.1,29.0,19.0,4.5,29.0,66,69,136,302,69,371,False,False,False,False,False,False
2026-01-27 16:47:52,22.6,55.1,28.8,18.3,3.9,28.8,65,70,136,302,69,371,False,False,False,False,False,False
2026-01-27 16:47:54,22.5,55.2,29.0,18.5,4.0,29.0,65,71,136,302,69,371,False,False,False,False,False,False
2026-01-27 16:47:56,22.5,55.2,29.3,18.7,4.1,29.3,64,72,136,302,69,371,False,False,False,False,False,False
2026-01-27 16:47:58,22.5,55.2,28.9,18.6,4.1,28.9,63,72,136,302,69,371,False,False,False,False,False,False
2026-01-27 16:48:00,22.5,55.2,29.2,19.2,4.6,29.2,62,73,136,302,69,371,False,False,False,False,False,False
2026-01-27 16:48:02,23.0,55.2,28.9,18.5,4.0,28.9,61,74,136,302,69,371,False,False,False,False,False,False
2026-01-27 16:48:04,24.9,54.2,29.0,18.6,4.1,29.0,60,75,136,302,69,371,True,False,False,False,False,False
2026-01-27 16:48:06,26.0,52.4,34.4,24.2,7.0,34.4,60,76,136,302,69,371,True,False,False,True,False,False
2026-01-27 16:48:08,25.6,51.6,35.7,25.7,7.8,35.7,98,37,136,302,69,371,True,False,False,True,False,False
2026-01-27 16:48:10,25.5,51.1,34.5,24.7,7.4,34.5,74,62,136,302,69,371,True,False,False,True,False,False
2026-01-27 16:48:12,25.5,51.0,36.4,26.2,8.0,36.4,69,66,136,302,69,371,True,False,False,True,False,False
2026-01-27 16:48:14,25.5,50.9,36.7,26.5,8.2,36.7,68,67,136,302,69,371,True,False,False,True,False,False
2026-01-27 16:48:16,25.5,50.9,36.6,26.1,7.8,36.6,68,68,136,302,69,371,True,False,False,True,False,False
2026-01-27 16:48:18,25.5,50.7,36.3,25.5,7.4,36.3,67,69,136,302,69,371,True,False,False,True,False,False
2026-01-27 16:48:20,25.5,50.4,36.1,26.3,8.2,36.1,66,69,136,302,69,371,True,False,False,True,False,False
2026-01-27 16:48:22,25.5,50.1,36.1,26.2,8.2,36.1,65,70,136,302,69,371,True,False,False,True,False,False
2026-01-27 16:48:24,25.4,49.9,36.5,25.8,7.6,36.5,64,71,136,302,69,371,True,False,False,True,False,False
2026-01-27 16:48:26,25.4,49.6,36.3,25.9,7.7,36.3,64,72,136,302,69,371,True,False,False,True,False,False
2026-01-27 16:48:28,25.4,49.5,35.9,25.6,7.6,35.9,63,73,136,302,69,371,True,False,False,True,False,False
2026-01-27 16:48:30,25.4,49.4,36.4,26.1,7.9,36.4,62,73,136,302,69,371,True,False,False,True,False,False
2026-01-27 16:48:32,25.3,49.3,35.9,25.5,7.6,35.9,61,74,136,302,69,371,True,False,False,True,False,False
2026-01-27 16:48:34,25.3,49.3,35.6,25.5,7.6,35.6,60,75,136,302,69,371,True,False,False,True,False,False
2026-01-27 16:48:36,25.3,49.2,36.2,25.8,7.7,36.2,59,76,136,302,69,371,True,False,False,True,False,False
2026-01-27 16:48:38,25.3,49.1,35.7,25.5,7.7,35.7,59,77,136,302,69,371,True,False,False,True,False,False
2026-01-27 16:48:40,25.2,49.2,35.8,25.2,7.3,35.8,99,36,136,302,69,371,False,False,False,True,False,False
2026-01-27 16:48:42,25.2,49.2,32.4,22.8,6.5,32.4,76,59,136,302,69,371,False,False,False,True,False,False
2026-01-27 16:48:44,25.1,49.2,33.1,23.5,7.0,33.1,76,59,136,302,69,371,False,False,False,True,False,False
2026-01-27 16:48:46,25.1,49.2,35.1,24.4,6.9,35.1,72,63,136,302,69,371,False,False,False,True,False,False
2026-01-27 16:48:48,25.1,49.3,34.1,23.7,6.7,34.1,71,64,136,302,69,371,False,False,False,True,False,False
2026-01-27 16:48:50,25.0,49.3,34.1,23.9,6.9,34.1,70,65,136,302,69,371,False,False,False,True,False,False
2026-01-27 16:48:52,25.0,49.3,34.2,23.9,6.8,34.2,70,66,136,302,69,371,False,False,False,True,False,False
2026-01-27 16:48:54,24.9,49.3,34.5,24.3,7.1,34.5,69,67,136,302,69,371,False,False,False,True,False,False
2026-01-27 16:48:56,24.9,49.4,34.4,23.8,6.6,34.4,68,67,136,302,69,371,False,False,False,False,False,False
2026-01-27 16:48:58,24.8,49.5,29.7,19.6,4.8,29.7,67,68,136,302,69,371,False,False,False,False,False,False
2026-01-27 16:49:00,24.8,49.5,30.0,20.2,5.2,30.0,66,69,136,302,69,371,False,False,False,False,False,False
2026-01-27 16:49:02,24.7,49.6,29.7,19.7,4.8,29.7,66,70,136,302,69,371,False,False,False,False,False,False
2026-01-27 16:49:04,24.7,49.7,29.6,19.2,4.4,29.6,65,71,136,302,69,371,False,False,False,False,False,False
2026-01-27 16:49:06,24.7,49.7,29.4,19.2,4.5,29.4,64,71,136,302,69,371,False,False,False,False,False,False
2026-01-27 16:49:08,24.6,49.8,29.6,20.1,5.3,29.6,63,72,136,302,69,371,False,False,False,False,False,False
2026-01-27 16:49:10,24.6,49.9,29.4,19.7,5.0,29.4,62,73,136,302,69,371,False,False,False,False,False,False
2026-01-27 16:49:12,24.6,49.9,29.5,19.9,5.2,29.5,61,74,136,302,69,371,False,False,False,False,False,False
2026-01-27 16:49:14,24.5,50.0,29.4,19.7,5.0,29.4,61,75,136,302,69,371,False,False,False,False,False,False
2026-01-27 16:49:16,24.5,50.1,29.5,19.6,4.9,29.5,60,76,136,302,69,371,False,False,False,False,False,False
2026-01-27 16:49:18,24.5,50.1,29.2,19.1,4.5,29.2,59,76,136,302,69,371,False,False,False,False,False,False
2026-01-27 16:49:20,24.4,50.2,29.1,19.3,4.8,29.1,58,77,136,302,69,371,False,False,False,False,False,False
2026-01-27 16:49:22,24.4,50.3,28.9,19.7,5.3,28.9,98,37,136,302,69,371,False,False,False,False,False,False
2026-01-27 16:49:24,24.4,50.3,28.9,19.0,4.6,28.9,81,54,136,302,69,371,False,False,False,False,False,False
2026-01-27 16:49:26,24.3,50.4,33.4,22.1,5.4,33.4,74,61,136,302,69,371,False,False,False,False,False,False
2026-01-27 16:49:28,24.3,50.5,29.6,19.1,4.3,29.6,73,62,136,302,69,371,False,False,False,False,False,False
2026-01-27 16:49:30,24.3,50.5,28.1,18.6,4.5,28.1,73,63,136,302,69,371,False,False,False,False,False,False
2026-01-27 16:49:32,24.2,50.6,29.6,19.2,4.4,29.6,72,64,136,302,69,371,False,False,False,False,False,False
2026-01-27 16:49:34,24.2,50.7,29.7,19.0,4.1,29.7,71,64,136,302,69,371,False,False,False,False,False,False
2026-01-27 16:49:36,24.2,50.7,29.1,18.5,3.9,29.1,70,65,136,302,69,371,False,False,False,False,False,False
2026-01-27 16:49:38,24.1,50.8,29.3,18.6,4.0,29.3,70,66,136,302,69,371,False,False,False,False,False,False
2026-01-27 16:49:40,24.1,50.9,29.3,18.8,4.1,29.3,69,66,136,302,69,371,False,False,False,False,False,False
2026-01-27 16:49:42,24.1,50.9,29.2,18.5,3.9,29.2,68,67,136,302,69,371,False,False,False,False,False,False
2026-01-27 16:49:44,24.1,51.0,29.2,19.3,4.7,29.2,68,68,136,302,69,371,False,False,False,False,False,False
2026-01-27 16:49:46,24.0,51.1,29.1,18.6,4.1,29.1,66,69,136,302,69,371,False,False,False,False,False,False
2026-01-27 16:49:48,24.0,51.2,29.0,18.3,3.9,29.0,66,70,136,302,69,371,False,False,False,False,False,False
2026-01-27 16:49:50,23.9,51.3,29.1,19.1,4.5,29.1,65,70,136,302,69,371,False,False,False,False,False,False
2026-01-27 16:49:52,23.9,51.3,29.2,18.5,3.9,29.2,64,71,136,302,69,371,False,False,False,False,False,False
2026-01-27 16:49:54,23.9,51.4,28.9,18.4,3.9,28.9,64,72,136,302,69,371,False,False,False,False,False,False
2026-01-27 16:49:56,23.9,51.4,28.9,18.3,3.8,28.9,63,73,136,302,69,371,False,False,False,False,False,False
2026-01-27 16:49:58,23.9,51.5,29.0,18.6,4.1,29.0,62,73,136,302,69,371,False,False,False,False,False,False
2026-01-27 16:50:00,23.9,51.6,29.2,19.1,4.5,29.2,61,74,136,302,69,371,False,False,False,False,False,False
2026-01-27 16:50:02,23.8,51.6,29.1,18.6,4.0,29.1,60,75,136,302,69,371,False,False,False,False,False,False
2026-01-27 16:50:04,23.8,51.7,28.8,18.3,3.9,28.8,60,76,136,302,69,371,False,False,False,False,False,False
2026-01-27 16:50:06,23.8,51.7,28.6,18.6,4.3,28.6,100,36,136,302,69,371,False,False,False,False,False,False
2026-01-27 16:50:08,23.7,51.7,30.5,19.2,3.9,30.5,80,56,136,302,69,371,False,False,False,False,False,False
2026-01-27 16:50:10,23.7,51.8,30.1,19.3,4.2,30.1,79,57,136,302,69,371,False,False,False,False,False,False
2026-01-27 16:50:12,23.7,51.9,30.4,19.6,4.4,30.4,78,57,136,302,69,371,False,False,False,False,False,False
2026-01-27 16:50:14,23.7,51.9,30.3,19.7,4.5,30.3,77,58,136,302,69,371,False,False,False,False,False,False
2026-01-27 16:50:16,23.7,52.0,29.9,18.9,3.9,29.9,76,59,136,302,69,371,False,False,False,False,False,False
2026-01-27 16:50:18,23.6,52.1,29.8,18.6,3.7,29.8,75,60,136,302,69,371,False,False,False,False,False,False
2026-01-27 16:50:20,23.6,52.1,30.0,20.1,5.0,30.0,75,61,136,302,69,371,False,False,False,False,False,False
2026-01-27 16:50:22,23.6,52.2,30.0,19.7,4.7,30.0,74,62,136,302,69,371,False,False,False,False,False,False
2026-01-27 16:50:24,23.6,52.1,29.7,19.1,4.2,29.7,73,62,136,302,69,371,False,False,False,False,False,False
2026-01-27 16:50:26,23.5,52.2,29.5,18.8,4.0,29.5,72,63,136,302,69,371,False,False,False,False,False,False
2026-01-27 16:50:28,23.5,52.3,29.5,18.7,4.0,29.5,71,64,136,302,69,371,False,False,False,False,False,False
2026-01-27 16:50:30,23.5,52.3,27.7,18.1,4.3,27.7,71,65,136,302,69,371,False,False,False,False,False,False
2026-01-27 16:50:32,23.5,52.4,29.5,18.6,3.9,29.5,70,66,136,302,69,371,False,False,False,False,False,False
2026-01-27 16:50:34,23.5,52.4,29.2,18.5,3.9,29.2,69,66,136,302,69,371,False,False,False,False,False,False
2026-01-27 16:50:36,23.5,52.5,29.1,18.7,4.2,29.1,68,67,136,302,69,371,False,False,False,False,False,False
2026-01-27 16:50:38,23.5,52.5,29.2,18.5,3.9,29.2,67,68,136,302,69,371,False,False,False,False,False,False
2026-01-27 16:50:40,23.4,52.5,29.1,18.8,4.2,29.1,67,69,136,302,69,371,False,False,False,False,False,False
2026-01-27 16:50:42,23.4,52.6,29.8,18.9,4.0,29.8,66,70,136,302,69,371,False,False,False,False,False,False
2026-01-27 16:50:44,23.4,52.6,29.1,19.2,4.6,29.1,65,70,136,302,69,371,False,False,False,False,False,False
2026-01-27 16:50:46,23.4,52.7,29.1,18.6,4.0,29.1,64,71,136,302,69,371,False,False,False,False,False,False
2026-01-27 16:50:48,23.4,52.8,29.0,18.6,4.1,29.0,63,72,136,302,69,371,False,False,False,False,False,False
2026-01-27 16:50:50,23.4,52.8,29.2,19.0,4.4,29.2,62,73,136,302,69,371,False,False,False,False,False,False
2026-01-27 16:50:52,23.3,52.8,28.9,18.6,4.1,28.9,62,74,136,302,69,371,False,False,False,False,False,False
2026-01-27 16:50:54,23.3,52.9,29.0,18.4,3.9,29.0,61,75,136,302,69,371,False,False,False,False,False,False
2026-01-27 16:50:56,23.3,52.9,28.9,18.3,3.9,28.9,60,75,136,302,69,371,False,False,False,False,False,False
2026-01-27 16:50:58,23.3,53.0,28.7,18.7,4.4,28.7,100,35,136,302,69,371,False,False,False,False,False,False
2026-01-27 16:51:00,23.3,53.1,29.4,19.3,4.6,29.4,79,56,136,302,69,371,False,False,False,False,False,False
2026-01-27 16:51:02,23.2,53.0,30.1,19.3,4.3,30.1,78,57,136,302,69,371,False,False,False,False,False,False
2026-01-27 16:51:04,23.3,53.1,29.8,18.8,3.9,29.8,77,58,136,302,69,371,False,False,False,False,False,False
2026-01-27 16:51:06,23.2,53.1,30.0,19.3,4.3,30.0,77,59,136,302,69,371,False,False,False,False,False,False
2026-01-27 16:51:08,23.2,53.2,29.7,18.7,3.8,29.7,76,59,136,302,69,371,False,False,False,False,False,False
2026-01-27 16:51:10,23.2,53.2,29.9,19.0,4.1,29.9,75,60,136,302,69,371,False,False,False,False,False,False
2026-01-27 16:51:12,23.2,53.2,29.8,19.3,4.4,29.8,74,61,136,302,69,371,False,False,False,False,False,False
2026-01-27 16:51:14,23.2,53.3,29.4,19.5,4.8,29.4,74,62,136,302,69,371,False,False,False,False,False,False
2026-01-27 16:51:16,23.1,53.3,29.5,18.7,3.9,29.5,73,63,136,302,69,371,False,False,False,False,False,False
2026-01-27 16:51:18,23.1,53.4,29.4,18.6,3.9,29.4,72,64,136,302,69,371,False,False,False,False,False,False
2026-01-27 16:51:20,23.2,53.4,32.8,21.0,4.6,32.8,71,65,136,302,69,371,False,False,False,False,False,False
2026-01-27 16:51:22,23.1,53.4,29.5,19.4,4.6,29.5,70,65,136,302,69,371,False,False,False,False,False,False
2026-01-27 16:51:24,23.1,53.5,29.3,18.5,3.8,29.3,69,66,136,302,69,371,False,False,False,False,False,False
2026-01-27 16:51:26,23.1,53.5,29.2,18.5,3.9,29.2,69,67,136,302,69,371,False,False,False,False,False,False
2026-01-27 16:51:28,23.1,53.5,29.3,18.8,4.2,29.3,68,68,136,302,69,371,False,False,False,False,False,False
2026-01-27 16:51:30,23.1,53.5,27.6,18.3,4.5,27.6,67,68,136,302,69,371,False,False,False,False,False,False
2026-01-27 16:51:32,23.0,53.5,29.2,18.8,4.2,29.2,66,69,136,302,69,371,False,False,False,False,False,False
2026-01-27 16:51:34,23.1,53.6,29.0,18.4,3.9,29.0,65,70,136,302,69,371,False,False,False,False,False,False
2026-01-27 16:51:36,23.0,53.6,28.9,18.8,4.3,28.9,65,71,136,302,69,371,False,False,False,False,False,False
2026-01-27 16:51:38,23.0,53.7,29.1,18.6,4.0,29.1,64,72,136,302,69,371,False,False,False,False,False,False
2026-01-27 16:51:40,23.0,53.6,29.0,18.8,4.3,29.0,63,72,136,302,69,371,False,False,False,False,False,False
2026-01-27 16:51:42,23.0,53.7,28.9,18.4,4.0,28.9,62,73,136,302,69,371,False,False,False,False,False,False
2026-01-27 16:51:44,23.0,53.7,28.8,19.2,4.8,28.8,61,74,136,302,69,371,False,False,False,False,False,False
2026-01-27 16:51:46,23.0,53.7,29.0,18.6,4.1,29.0,60,75,136,302,69,371,False,False,False,False,False,False
2026-01-27 16:51:48,23.0,53.7,29.1,18.8,4.3,29.1,60,76,136,302,69,371,False,False,False,False,False,False
2026-01-27 16:51:50,23.0,53.8,28.6,18.8,4.5,28.6,100,36,136,302,69,371,False,False,False,False,False,False
2026-01-27 16:51:52,23.0,53.8,30.6,19.5,4.2,30.6,80,56,136,302,69,371,False,False,False,False,False,False
2026-01-27 16:51:54,22.9,53.9,30.4,19.4,4.1,30.4,79,57,136,302,69,371,False,False,False,False,False,False
2026-01-27 16:51:56,22.9,53.9,29.8,18.9,4.0,29.8,78,57,136,302,69,371,False,False,False,False,False,False
2026-01-27 16:51:58,22.9,53.9,30.2,19.3,4.1,30.2,77,58,136,302,69,371,False,False,False,False,False,False
2026-01-27 16:52:00,22.9,53.9,28.7,19.3,5.0,28.7,76,59,136,302,69,371,False,False,False,False,False,False
2026-01-27 16:52:02,22.9,54.0,29.9,19.3,4.4,29.9,75,60,136,302,69,371,False,False,False,False,False,False
2026-01-27 16:52:04,22.9,54.0,29.7,18.8,4.0,29.7,75,61,136,302,69,371,False,False,False,False,False,False
2026-01-27 16:52:06,22.9,54.0,29.7,19.0,4.1,29.7,74,62,136,302,69,371,False,False,False,False,False,False
2026-01-27 16:52:08,22.9,54.1,29.6,18.8,4.0,29.6,73,62,136,302,69,371,False,False,False,False,False,False
2026-01-27 16:52:10,22.9,54.1,29.4,18.7,4.0,29.4,72,63,136,302,69,371,False,False,False,False,False,False
2026-01-27 16:52:12,22.9,54.1,29.4,18.9,4.2,29.4,71,64,136,302,69,371,False,False,False,False,False,False
2026-01-27 16:52:14,22.9,54.1,29.8,19.4,4.5,29.8,71,65,136,302,69,371,False,False,False,False,False,False
2026-01-27 16:52:16,22.9,54.1,29.3,18.4,3.7,29.3,70,66,136,302,69,371,False,False,False,False,False,False
2026-01-27 16:52:18,22.9,54.1,29.3,18.7,4.0,29.3,69,66,136,302,69,371,False,False,False,False,False,False
2026-01-27 16:52:20,22.8,54.1,29.3,19.1,4.5,29.3,68,67,136,302,69,371,False,False,False,False,False,False
2026-01-27 16:52:22,22.8,54.2,29.4,19.9,5.2,29.4,67,68,136,302,69,371,False,False,False,False,False,False
2026-01-27 16:52:24,22.8,54.2,29.1,18.4,3.9,29.1,67,69,136,302,69,371,False,False,False,False,False,False
2026-01-27 16:52:26,22.8,54.2,29.0,18.5,4.0,29.0,66,70,136,302,69,371,False,False,False,False,False,False
2026-01-27 16:52:28,22.8,54.3,29.2,18.6,4.0,29.2,65,70,136,302,69,371,False,False,False,False,False,False
2026-01-27 16:52:30,22.8,54.3,27.2,18.2,4.6,27.2,64,72,136,302,69,371,False,False,False,False,False,False
2026-01-27 16:52:32,22.8,54.3,29.4,18.7,4.0,29.4,63,72,136,302,69,371,False,False,False,False,False,False
2026-01-27 16:52:34,22.8,54.4,28.9,18.2,3.7,28.9,62,73,136,302,69,371,False,False,False,False,False,False
2026-01-27 16:52:36,22.8,54.3,29.2,18.5,4.0,29.2,61,74,136,302,69,371,False,False,False,False,False,False
2026-01-27 16:52:38,22.8,54.3,28.9,18.3,3.9,28.9,60,75,136,302,69,371,False,False,False,False,False,False
2026-01-27 16:52:40,22.7,54.4,29.0,18.8,4.3,29.0,60,76,136,302,69,371,False,False,False,False,False,False
2026-01-27 16:52:42,22.7,54.4,28.5,18.0,3.8,28.5,100,36,136,302,69,371,False,False,False,False,False,False
2026-01-27 16:52:44,22.7,54.4,30.7,20.0,4.7,30.7,80,56,136,302,69,371,False,False,False,False,False,False
2026-01-27 16:52:46,22.7,54.4,30.3,18.9,3.8,30.3,79,57,136,302,69,371,False,False,False,False,False,False
2026-01-27 16:52:48,22.7,54.5,30.0,19.1,4.1,30.0,78,57,136,302,69,371,False,False,False,False,False,False
2026-01-27 16:52:50,22.7,54.5,29.9,19.2,4.3,29.9,77,58,136,302,69,371,False,False,False,False,False,False
2026-01-27 16:52:52,22.7,54.5,29.8,19.1,4.2,29.8,76,59,136,302,69,371,False,False,False,False,False,False
2026-01-27 16:52:54,22.7,54.4,29.9,19.0,4.0,29.9,75,60,136,302,69,371,False,False,False,False,False,False
2026-01-27 16:52:56,22.7,54.5,30.0,19.2,4.2,30.0,75,61,136,302,69,371,False,False,False,False,False,False
2026-01-27 16:52:58,22.7,54.5,29.7,18.9,4.0,29.7,74,62,136,302,69,371,False,False,False,False,False,False
2026-01-27 16:53:00,22.7,54.6,28.4,18.8,4.6,28.4,73,62,136,302,69,371,False,False,False,False,False,False
2026-01-27 16:53:02,22.7,54.6,29.7,19.3,4.5,29.7,72,63,136,302,69,371,False,False,False,False,False,False
2026-01-27 16:53:04,22.7,54.6,29.5,18.9,4.1,29.5,71,64,136,302,69,371,False,False,False,False,False,False
2026-01-27 16:53:06,22.7,54.6,29.5,18.9,4.1,29.5,71,65,136,302,69,371,False,False,False,False,False,False
2026-01-27 16:53:08,22.7,54.6,29.2,18.9,4.3,29.2,70,66,136,302,69,371,False,False,False,False,False,False
2026-01-27 16:53:10,22.7,54.6,29.3,18.8,4.2,29.3,69,66,136,302,69,371,False,False,False,False,False,False
2026-01-27 16:53:12,22.7,54.5,29.2,18.8,4.2,29.2,68,67,136,302,69,371,False,False,False,False,False,False
2026-01-27 16:53:14,22.7,54.5,29.2,19.4,4.7,29.2,68,68,136,302,69,371,False,False,False,False,False,False
2026-01-27 16:53:16,22.7,54.6,29.2,18.4,3.8,29.2,67,69,136,302,69,371,False,False,False,False,False,False
2026-01-27 16:53:18,22.7,54.6,29.1,18.6,4.1,29.1,66,70,136,302,69,371,False,False,False,False,False,False
2026-01-27 16:53:20,22.7,54.6,29.1,18.8,4.3,29.1,65,70,136,302,69,371,False,False,False,False,False,False
2026-01-27 16:53:22,22.6,54.6,29.1,19.3,4.8,29.1,64,71,136,302,69,371,False,False,False,False,False,False
2026-01-27 16:53:24,22.7,54.6,28.8,18.3,3.9,28.8,63,72,136,302,69,371,False,False,False,False,False,False
2026-01-27 16:53:26,22.7,54.7,29.1,18.6,4.1,29.1,62,73,136,302,69,371,False,False,False,False,False,False
2026-01-27 16:53:28,22.7,54.7,29.0,18.5,4.1,29.0,62,74,136,302,69,371,False,False,False,False,False,False
2026-01-27 16:53:30,22.6,54.7,29.2,19.2,4.6,29.2,61,75,136,302,69,371,False,False,False,False,False,False
2026-01-27 16:53:32,22.7,54.8,29.0,18.8,4.3,29.0,60,75,136,302,69,371,False,False,False,False,False,False
2026-01-27 16:53:34,22.6,54.7,28.7,18.2,3.9,28.7,100,35,136,302,69,371,False,False,False,False,False,False
2026-01-27 16:53:36,22.6,54.7,30.4,18.9,3.8,30.4,80,56,136,302,69,371,False,False,False,False,False,False
2026-01-27 16:53:38,22.6,54.7,30.1,18.8,3.8,30.1,79,57,136,302,69,371,False,False,False,False,False,False
2026-01-27 16:53:40,22.6,54.8,30.0,19.3,4.3,30.0,78,57,136,302,69,371,False,False,False,False,False,False
2026-01-27 16:53:42,22.6,54.7,29.8,18.7,3.9,29.8,77,59,136,302,69,371,False,False,False,False,False,False
2026-01-27 16:53:44,22.6,54.8,30.1,19.9,4.8,30.1,76,59,136,302,69,371,False,False,False,False,False,False
2026-01-27 16:53:46,22.6,54.8,29.7,18.6,3.8,29.7,75,60,136,302,69,371,False,False,False,False,False,False
2026-01-27 16:53:48,22.6,54.8,29.7,18.9,4.1,29.7,75,61,136,302,69,371,False,False,False,False,False,False
2026-01-27 16:53:50,22.6,54.8,29.5,19.0,4.3,29.5,73,62,136,302,69,371,False,False,False,False,False,False
2026-01-27 16:53:52,22.6,54.8,0.0,0.0,0.0,0.0,73,62,136,302,69,371,False,False,False,False,False,False
2026-01-27 16:53:54,22.6,54.9,29.8,18.8,3.9,29.8,72,63,136,302,69,371,False,False,False,False,False,False
2026-01-27 16:53:56,22.6,54.9,29.4,18.8,4.1,29.4,71,64,136,302,69,371,False,False,False,False,False,False
2026-01-27 16:53:58,22.6,54.9,29.5,18.8,4.1,29.5,71,65,136,302,69,371,False,False,False,False,False,False
2026-01-27 16:54:00,22.6,54.9,27.8,18.5,4.6,27.8,70,66,136,302,69,371,False,False,False,False,False,False
2026-01-27 16:54:02,22.6,54.9,29.3,18.6,4.0,29.3,69,66,136,302,69,371,False,False,False,False,False,False
2026-01-27 16:54:04,22.6,54.9,29.4,18.8,4.1,29.4,68,67,136,302,69,371,False,False,False,False,False,False
2026-01-27 16:54:06,22.6,54.8,29.0,18.4,3.9,29.0,67,68,136,302,69,371,False,False,False,False,False,False
2026-01-27 16:54:08,22.6,54.9,29.1,18.4,3.9,29.1,67,69,136,302,69,371,False,False,False,False,False,False
2026-01-27 16:54:10,22.6,54.9,29.2,18.9,4.3,29.2,66,70,136,302,69,371,False,False,False,False,False,False
2026-01-27 16:54:12,22.6,54.9,29.7,19.0,4.2,29.7,65,70,136,302,69,371,False,False,False,False,False,False
2026-01-27 16:54:14,22.6,54.9,29.4,19.3,4.6,29.4,64,71,136,302,69,371,False,False,False,False,False,False
2026-01-27 16:54:16,22.6,54.9,28.9,18.3,3.9,28.9,63,72,136,302,69,371,False,False,False,False,False,False
2026-01-27 16:54:18,22.6,55.0,29.0,18.5,4.0,29.0,62,73,136,302,69,371,False,False,False,False,False,False
2026-01-27 16:54:20,22.6,55.0,28.9,18.8,4.3,28.9,62,74,136,302,69,371,False,False,False,False,False,False
2026-01-27 16:54:22,22.6,54.9,29.5,20.1,5.3,29.5,61,75,136,302,69,371,False,False,False,False,False,False
2026-01-27 16:54:24,22.6,55.0,28.9,18.2,3.8,28.9,60,75,136,302,69,371,False,False,False,False,False,False
2026-01-27 16:54:26,22.6,55.0,28.5,18.4,4.1,28.5,100,35,136,302,69,371,False,False,False,False,False,False
2026-01-27 16:54:28,22.6,55.0,30.5,19.1,3.8,30.5,80,56,136,302,69,371,False,False,False,False,False,False
2026-01-27 16:54:30,22.5,55.1,29.2,19.1,4.6,29.2,79,57,136,302,69,371,False,False,False,False,False,False
2026-01-27 16:54:32,22.6,55.0,30.3,19.3,4.1,30.3,78,57,136,302,69,371,False,False,False,False,False,False
2026-01-27 16:54:34,22.5,55.0,29.9,19.1,4.1,29.9,77,58,136,302,69,371,False,False,False,False,False,False
2026-01-27 16:54:36,22.6,55.0,29.8,19.2,4.3,29.8,76,59,136,302,69,371,False,False,False,False,False,False
2026-01-27 16:54:38,22.5,55.1,29.7,18.8,3.9,29.7,76,60,136,302,69,371,False,False,False,False,False,False
2026-01-27 16:54:40,22.6,55.1,29.7,19.1,4.2,29.7,74,61,136,302,69,371,False,False,False,False,False,False
2026-01-27 16:54:42,22.5,55.1,29.8,18.7,3.8,29.8,74,61,136,302,69,371,False,False,False,False,False,False
2026-01-27 16:54:44,22.5,55.1,29.8,19.5,4.6,29.8,73,62,136,302,69,371,False,False,False,False,False,False
2026-01-27 16:54:46,22.5,55.1,29.4,18.4,3.7,29.4,72,63,136,302,69,371,False,False,False,False,False,False
2026-01-27 16:54:48,22.5,55.1,29.5,18.8,4.1,29.5,71,64,136,302,69,371,False,False,False,False,False,False
2026-01-27 16:54:50,22.5,55.1,29.3,18.9,4.2,29.3,71,65,136,302,69,371,False,False,False,False,False,False
2026-01-27 16:54:52,22.5,55.1,29.6,19.1,4.3,29.6,70,66,136,302,69,371,False,False,False,False,False,False
2026-01-27 16:54:54,22.5,55.1,29.0,18.3,3.8,29.0,69,66,136,302,69,371,False,False,False,False,False,False
2026-01-27 16:54:56,22.5,55.1,29.0,18.4,3.9,29.0,68,67,136,302,69,371,False,False,False,False,False,False
2026-01-27 16:54:58,22.5,55.1,29.2,18.5,3.9,29.2,67,68,136,302,69,371,False,False,False,False,False,False
2026-01-27 16:55:00,22.5,55.1,27.5,18.3,4.6,27.5,67,69,136,302,69,371,False,False,False,False,False,False
2026-01-27 16:55:02,22.5,55.1,29.3,18.5,3.9,29.3,66,70,136,302,69,371,False,False,False,False,False,False
2026-01-27 16:55:04,22.5,55.2,29.0,18.6,4.1,29.0,65,70,136,302,69,371,False,False,False,False,False,False
2026-01-27 16:55:06,22.5,55.1,29.0,18.4,3.9,29.0,64,71,136,302,69,371,False,False,False,False,False,False
2026-01-27 16:55:08,22.5,55.2,29.0,18.6,4.1,29.0,63,72,136,302,69,371,False,False,False,False,False,False
2026-01-27 16:55:10,22.5,55.2,29.0,18.8,4.3,29.0,63,73,136,302,69,371,False,False,False,False,False,False
2026-01-27 16:55:12,22.5,55.2,29.3,19.2,4.5,29.3,62,74,136,302,69,371,False,False,False,False,False,False
2026-01-27 16:55:14,22.5,55.2,29.0,19.2,4.6,29.0,61,72,134,305,66,371,False,False,False,False,False,False
2026-01-27 16:55:16,22.5,55.2,29.0,18.4,3.9,29.0,60,75,136,302,69,371,False,False,False,False,False,False
2026-01-27 16:55:18,22.5,55.2,28.5,18.2,3.9,28.5,100,35,136,302,69,371,False,False,False,False,False,False
2026-01-27 16:55:20,22.5,55.2,30.3,19.2,4.0,30.3,80,56,136,302,69,371,False,False,False,False,False,False
2026-01-27 16:55:22,22.5,55.2,30.4,20.1,4.9,30.4,78,57,136,302,69,371,False,False,False,False,False,False
2026-01-27 16:55:24,22.5,55.2,30.0,18.8,3.8,30.0,78,57,136,302,69,371,False,False,False,False,False,False
2026-01-27 16:55:26,22.4,55.3,30.0,19.2,4.2,30.0,77,58,136,302,69,371,False,False,False,False,False,False
2026-01-27 16:55:28,22.4,55.3,29.8,18.7,3.8,29.8,76,59,136,302,69,371,False,False,False,False,False,False
2026-01-27 16:55:30,22.4,55.2,28.9,19.0,4.5,28.9,76,60,136,302,69,371,False,False,False,False,False,False
2026-01-27 16:55:32,22.4,55.3,29.8,18.8,3.9,29.8,75,61,136,302,69,371,False,False,False,False,False,False
2026-01-27 16:55:34,22.4,55.2,29.6,18.8,4.0,29.6,74,61,136,302,69,371,False,False,False,False,False,False
2026-01-27 16:55:36,22.4,55.3,29.6,18.6,3.8,29.6,73,62,136,302,69,371,False,False,False,False,False,False
2026-01-27 16:55:38,22.4,55.3,29.3,18.7,4.0,29.3,72,63,136,302,69,371,False,False,False,False,False,False
2026-01-27 16:55:40,22.4,55.3,29.6,18.7,3.9,29.6,71,64,136,302,69,371,False,False,False,False,False,False
2026-01-27 16:55:42,22.4,55.2,29.3,18.7,4.0,29.3,71,65,136,302,69,371,False,False,False,False,False,False
2026-01-27 16:55:44,22.4,55.3,29.2,19.3,4.7,29.2,69,64,134,305,66,371,False,False,False,False,False,False
2026-01-27 16:55:46,22.4,55.2,29.7,19.0,4.2,29.7,69,67,136,302,69,371,False,False,False,False,False,False
2026-01-27 16:55:48,22.4,55.1,29.2,18.8,4.2,29.2,68,68,136,302,69,371,False,False,False,False,False,False
2026-01-27 16:55:50,22.4,55.1,29.3,18.9,4.2,29.3,67,68,136,302,69,371,False,False,False,False,False,False
2026-01-27 16:55:52,22.5,55.0,29.1,19.2,4.6,29.1,66,70,136,302,69,371,False,False,False,False,False,False
2026-01-27 16:55:54,22.5,55.1,28.7,18.1,3.7,28.7,65,70,136,302,69,371,False,False,False,False,False,False
2026-01-27 16:55:56,22.5,55.2,28.9,18.4,4.0,28.9,64,72,136,302,69,371,False,False,False,False,False,False
2026-01-27 16:55:58,22.5,55.1,28.9,18.2,3.7,28.9,63,72,136,302,69,371,False,False,False,False,False,False
2026-01-27 16:56:00,22.4,55.2,27.5,18.4,4.6,27.5,63,73,136,302,69,371,False,False,False,False,False,False
2026-01-27 16:56:02,22.4,55.1,28.9,18.1,3.6,28.9,62,74,136,302,69,371,False,False,False,False,False,False
2026-01-27 16:56:04,24.5,54.6,28.7,18.0,3.6,28.7,61,74,136,302,69,371,True,False,False,False,False,False
2026-01-27 16:56:06,27.5,52.1,34.1,23.9,6.9,34.1,60,75,136,302,69,371,True,False,False,True,False,False
2026-01-27 16:56:08,28.6,49.2,36.5,25.8,7.6,36.5,99,36,136,302,69,371,True,False,False,True,False,False
2026-01-27 16:56:10,27.9,47.9,34.6,24.8,7.5,34.6,74,62,136,302,69,371,True,False,False,True,False,False
2026-01-27 16:56:12,27.8,47.6,36.4,26.1,7.9,36.4,69,66,136,302,69,371,True,False,False,True,False,False
2026-01-27 16:56:14,27.7,47.1,36.2,25.7,7.7,36.2,68,67,136,302,69,371,True,False,False,True,False,False
2026-01-27 16:56:16,27.7,47.0,36.4,25.9,7.7,36.4,68,68,136,302,69,371,True,False,False,True,False,False
2026-01-27 16:56:18,27.7,46.6,36.6,26.3,8.0,36.6,67,69,136,302,69,371,True,False,False,True,False,False
2026-01-27 16:56:20,27.7,46.4,36.3,25.7,7.5,36.3,66,69,136,302,69,371,True,False,False,True,False,False
2026-01-27 16:56:22,27.7,46.3,36.4,27.0,8.8,36.4,65,70,136,302,69,371,True,False,False,True,False,False
2026-01-27 16:56:24,27.6,46.0,36.0,25.5,7.5,36.0,64,71,136,302,69,371,True,False,False,True,False,False
2026-01-27 16:56:26,27.6,45.8,36.0,25.4,7.4,36.0,64,72,136,302,69,371,True,False,False,True,False,False
2026-01-27 16:56:28,27.5,45.6,35.8,25.3,7.4,35.8,63,73,136,302,69,371,True,False,False,True,False,False
2026-01-27 16:56:30,27.5,45.5,35.6,25.8,8.0,35.6,62,73,136,302,69,371,True,False,False,True,False,False
2026-01-27 16:56:32,27.4,45.4,36.2,25.7,7.6,36.2,61,74,136,302,69,371,True,False,False,True,False,False
2026-01-27 16:56:34,27.4,45.3,35.6,25.4,7.6,35.6,60,75,136,302,69,371,True,False,False,True,False,False
2026-01-27 16:56:36,27.3,45.3,36.4,25.8,7.6,36.4,59,76,136,302,69,371,True,False,False,True,False,False
2026-01-27 16:56:38,27.3,45.3,36.3,25.6,7.5,36.3,59,77,136,302,69,371,True,False,False,True,False,False
2026-01-27 16:56:40,27.2,45.3,35.8,25.4,7.6,35.8,99,36,136,302,69,371,False,False,False,True,False,False
2026-01-27 16:56:42,27.1,45.3,32.3,22.7,6.6,32.3,76,59,136,302,69,371,False,False,False,True,False,False
2026-01-27 16:56:44,27.0,45.3,34.2,23.3,6.2,34.2,72,63,136,302,69,371,False,False,False,True,False,False
2026-01-27 16:56:46,27.0,45.3,32.8,23.5,7.1,32.8,72,64,136,302,69,371,False,False,False,True,False,False
2026-01-27 16:56:48,26.9,45.4,34.9,24.4,6.9,34.9,71,65,136,302,69,371,False,False,False,True,False,False
2026-01-27 16:56:50,26.9,45.5,34.2,23.7,6.6,34.2,70,65,136,302,69,371,False,False,False,True,False,False
2026-01-27 16:56:52,26.8,45.6,34.2,23.9,6.8,34.2,69,66,136,302,69,371,False,False,False,True,False,False
2026-01-27 16:56:54,26.8,45.6,33.8,23.3,6.4,33.8,68,67,136,302,69,371,False,False,False,False,False,False
2026-01-27 16:56:56,26.7,45.7,29.7,19.6,4.7,29.7,68,68,136,302,69,371,False,False,False,False,False,False
2026-01-27 16:56:58,26.6,45.7,29.7,19.3,4.4,29.7,67,69,136,302,69,371,False,False,False,False,False,False
2026-01-27 16:57:00,26.6,45.7,29.7,20.1,5.3,29.7,66,69,136,302,69,371,False,False,False,False,False,False
2026-01-27 16:57:02,26.5,45.9,29.7,19.4,4.6,29.7,65,70,136,302,69,371,False,False,False,False,False,False
2026-01-27 16:57:04,26.5,45.9,29.4,19.2,4.5,29.4,64,71,136,302,69,371,False,False,False,False,False,False
2026-01-27 16:57:06,26.4,46.0,29.2,19.1,4.5,29.2,64,72,136,302,69,371,False,False,False,False,False,False
2026-01-27 16:57:08,26.3,46.1,29.6,19.5,4.7,29.6,63,73,136,302,69,371,False,False,False,False,False,False
2026-01-27 16:57:10,26.3,46.2,29.1,19.2,4.7,29.1,62,73,136,302,69,371,False,False,False,False,False,False
2026-01-27 16:57:12,26.2,46.3,29.5,20.0,5.3,29.5,61,74,136,302,69,371,False,False,False,False,False,False
2026-01-27 16:57:14,26.2,46.4,29.4,19.3,4.6,29.4,60,75,136,302,69,371,False,False,False,False,False,False
2026-01-27 16:57:16,26.1,46.5,29.5,20.4,5.7,29.5,59,76,136,302,69,371,False,False,False,False,False,False
2026-01-27 16:57:18,26.0,46.6,29.8,19.8,4.9,29.8,59,77,136,302,69,371,False,False,False,False,False,False
2026-01-27 16:57:20,26.0,46.7,28.8,18.9,4.5,28.8,99,37,136,302,69,371,False,False,False,False,False,False
2026-01-27 16:57:22,25.9,46.8,28.8,19.8,5.4,28.8,82,54,136,302,69,371,False,False,False,False,False,False
2026-01-27 16:57:24,25.9,46.8,32.6,21.8,5.5,32.6,74,61,136,302,69,371,False,False,False,False,False,False
2026-01-27 16:57:26,25.8,47.0,29.6,18.7,3.9,29.6,74,62,136,302,69,371,False,False,False,False,False,False
2026-01-27 16:57:28,25.8,47.0,29.7,18.5,3.6,29.7,73,62,136,302,69,371,False,False,False,False,False,False
2026-01-27 16:57:30,25.7,47.2,29.2,19.3,4.7,29.2,72,63,136,302,69,371,False,False,False,False,False,False
2026-01-27 16:57:32,25.6,47.3,29.4,19.1,4.4,29.4,72,64,136,302,69,371,False,False,False,False,False,False
2026-01-27 16:57:34,25.6,47.3,29.4,18.7,4.0,29.4,71,65,136,302,69,371,False,False,False,False,False,False
2026-01-27 16:57:36,25.5,47.5,29.2,18.4,3.8,29.2,70,65,136,302,69,371,False,False,False,False,False,False
2026-01-27 16:57:38,25.5,47.6,29.5,18.8,4.1,29.5,69,66,136,302,69,371,False,False,False,False,False,False
2026-01-27 16:57:40,25.4,47.7,29.1,18.4,3.8,29.1,69,67,136,302,69,371,False,False,False,False,False,False
2026-01-27 16:57:42,25.4,47.8,29.4,18.9,4.1,29.4,68,67,136,302,69,371,False,False,False,False,False,False
2026-01-27 16:57:44,25.4,47.9,29.1,18.3,3.8,29.1,67,68,136,302,69,371,False,False,False,False,False,False
2026-01-27 16:57:46,25.3,48.0,29.6,19.5,4.7,29.6,66,69,136,302,69,371,False,False,False,False,False,False
2026-01-27 16:57:48,25.3,48.1,29.0,18.5,4.0,29.0,66,70,136,302,69,371,False,False,False,False,False,False
2026-01-27 16:57:50,25.2,48.2,29.0,18.6,4.1,29.0,65,70,136,302,69,371,False,False,False,False,False,False
2026-01-27 16:57:52,25.2,48.3,29.2,19.1,4.5,29.2,64,71,136,302,69,371,False,False,False,False,False,False
2026-01-27 16:57:54,25.2,48.3,29.0,18.5,4.0,29.0,64,72,136,302,69,371,False,False,False,False,False,False
2026-01-27 16:57:56,25.1,48.5,29.8,18.8,3.9,29.8,63,72,136,302,69,371,False,False,False,False,False,False
2026-01-27 16:57:58,25.1,48.5,28.7,18.0,3.7,28.7,62,73,136,302,69,371,False,False,False,False,False,False
2026-01-27 16:58:00,25.0,48.6,28.8,19.1,4.7,28.8,61,74,136,302,69,371,False,False,False,False,False,False
2026-01-27 16:58:02,25.0,48.7,28.9,18.2,3.8,28.9,60,75,136,302,69,371,False,False,False,False,False,False
2026-01-27 16:58:04,24.9,48.8,29.0,18.7,4.1,29.0,60,76,136,302,69,371,False,False,False,False,False,False
2026-01-27 16:58:06,24.9,48.9,28.6,18.1,3.8,28.6,100,36,136,302,69,371,False,False,False,False,False,False
2026-01-27 16:58:08,24.9,48.9,30.7,19.4,4.0,30.7,80,56,136,302,69,371,False,False,False,False,False,False
2026-01-27 16:58:10,24.8,49.1,30.1,18.9,3.9,30.1,79,57,136,302,69,371,False,False,False,False,False,False
2026-01-27 16:58:12,24.8,49.1,30.1,19.3,4.3,30.1,78,57,136,302,69,371,False,False,False,False,False,False
2026-01-27 16:58:14,24.7,49.2,29.8,18.9,3.9,29.8,77,58,136,302,69,371,False,False,False,False,False,False
2026-01-27 16:58:16,24.7,49.3,28.8,19.3,4.9,28.8,76,59,136,302,69,371,False,False,False,False,False,False
2026-01-27 16:58:18,24.7,49.4,29.8,18.8,3.9,29.8,75,60,136,302,69,371,False,False,False,False,False,False
2026-01-27 16:58:20,24.6,49.5,29.8,19.4,4.5,29.8,75,61,136,302,69,371,False,False,False,False,False,False
2026-01-27 16:58:22,24.6,49.4,29.9,19.7,4.8,29.9,74,62,136,302,69,371,False,False,False,False,False,False
2026-01-27 16:58:24,24.6,49.5,29.7,19.4,4.6,29.7,73,62,136,302,69,371,False,False,False,False,False,False
2026-01-27 16:58:26,24.5,49.6,29.7,19.1,4.2,29.7,72,64,136,302,69,371,False,False,False,False,False,False
2026-01-27 16:58:28,24.5,49.7,29.4,18.3,3.7,29.4,71,64,136,302,69,371,False,False,False,False,False,False
2026-01-27 16:58:30,24.5,49.8,29.2,19.3,4.7,29.2,71,65,136,302,69,371,False,False,False,False,False,False
2026-01-27 16:58:32,24.5,49.8,29.2,18.5,3.9,29.2,70,66,136,302,69,371,False,False,False,False,False,False
2026-01-27 16:58:34,24.4,49.9,29.3,18.8,4.1,29.3,69,66,136,302,69,371,False,False,False,False,False,False
2026-01-27 16:58:36,24.4,50.0,29.4,18.7,4.0,29.4,68,67,136,302,69,371,False,False,False,False,False,False
2026-01-27 16:58:38,24.4,50.1,29.1,18.7,4.1,29.1,67,68,136,302,69,371,False,False,False,False,False,False
2026-01-27 16:58:40,24.3,50.2,29.0,18.2,3.7,29.0,67,69,136,302,69,371,False,False,False,False,False,False
2026-01-27 16:58:42,24.3,50.2,28.9,18.5,4.0,28.9,66,70,136,302,69,371,False,False,False,False,False,False
2026-01-27 16:58:44,24.3,50.3,29.2,18.4,3.8,29.2,65,70,136,302,69,371,False,False,False,False,False,False
2026-01-27 16:58:46,24.2,50.3,29.3,19.5,4.9,29.3,64,71,136,302,69,371,False,False,False,False,False,False
2026-01-27 16:58:48,24.2,50.4,29.0,18.4,3.9,29.0,63,72,136,302,69,371,False,False,False,False,False,False
2026-01-27 16:58:50,24.2,50.5,28.8,18.7,4.3,28.8,62,73,136,302,69,371,False,False,False,False,False,False
2026-01-27 16:58:52,24.2,50.6,29.0,18.6,4.1,29.0,62,74,136,302,69,371,False,False,False,False,False,False
2026-01-27 16:58:54,24.1,50.6,29.1,18.6,4.0,29.1,61,75,136,302,69,371,False,False,False,False,False,False
2026-01-27 16:58:56,24.1,50.7,28.9,18.6,4.2,28.9,60,75,136,302,69,371,False,False,False,False,False,False
2026-01-27 16:58:58,24.1,50.7,28.4,18.2,3.9,28.4,100,36,136,302,69,371,False,False,False,False,False,False
2026-01-27 16:59:00,24.0,50.8,30.3,19.8,4.7,30.3,80,56,136,302,69,371,False,False,False,False,False,False
2026-01-27 16:59:02,24.0,50.8,30.0,18.8,3.8,30.0,79,57,136,302,69,371,False,False,False,False,False,False
2026-01-27 16:59:04,24.0,50.9,30.3,19.2,4.1,30.3,78,57,136,302,69,371,False,False,False,False,False,False
2026-01-27 16:59:06,24.0,50.9,29.9,18.6,3.7,29.9,77,58,136,302,69,371,False,False,False,False,False,False
2026-01-27 16:59:08,24.0,51.0,29.9,19.0,4.0,29.9,76,59,136,302,69,371,False,False,False,False,False,False
2026-01-27 16:59:10,23.9,51.0,29.7,18.9,4.1,29.7,75,60,136,302,69,371,False,False,False,False,False,False
2026-01-27 16:59:12,23.9,51.1,29.8,19.3,4.4,29.8,75,61,136,302,69,371,False,False,False,False,False,False
2026-01-27 16:59:14,23.9,51.1,29.6,18.6,3.7,29.6,74,62,136,302,69,371,False,False,False,False,False,False
2026-01-27 16:59:16,23.9,51.1,28.2,18.9,4.8,28.2,73,62,136,302,69,371,False,False,False,False,False,False
2026-01-27 16:59:18,23.9,51.2,29.6,18.9,4.1,29.6,72,63,136,302,69,371,False,False,False,False,False,False
2026-01-27 16:59:20,23.8,51.3,29.4,19.0,4.2,29.4,71,64,136,302,69,371,False,False,False,False,False,False
2026-01-27 16:59:22,23.8,51.4,29.6,20.0,5.2,29.6,71,65,136,302,69,371,False,False,False,False,False,False
2026-01-27 16:59:24,23.8,51.4,29.5,18.8,4.1,29.5,70,66,136,302,69,371,False,False,False,False,False,False
2026-01-27 16:59:26,23.8,51.4,29.3,19.0,4.4,29.3,69,66,136,302,69,371,False,False,False,False,False,False
2026-01-27 16:59:28,23.8,51.6,29.2,18.6,4.0,29.2,68,67,136,302,69,371,False,False,False,False,False,False
2026-01-27 16:59:30,23.7,51.6,28.8,19.0,4.6,28.8,68,68,136,302,69,371,False,False,False,False,False,False
2026-01-27 16:59:32,23.7,51.6,29.5,18.6,3.9,29.5,67,69,136,302,69,371,False,False,False,False,False,False
2026-01-27 16:59:34,23.7,51.7,29.3,18.8,4.1,29.3,66,70,136,302,69,371,False,False,False,False,False,False
2026-01-27 16:59:36,23.7,51.8,29.0,18.3,3.8,29.0,65,70,136,302,69,371,False,False,False,False,False,False
2026-01-27 16:59:38,23.7,51.8,29.1,18.6,4.0,29.1,64,71,136,302,69,371,False,False,False,False,False,False
2026-01-27 16:59:40,23.7,51.8,28.9,18.3,3.9,28.9,63,72,136,302,69,371,False,False,False,False,False,False
2026-01-27 16:59:42,23.7,51.9,28.9,18.5,4.0,28.9,62,73,136,302,69,371,False,False,False,False,False,False
2026-01-27 16:59:44,23.6,51.9,29.2,18.3,3.7,29.2,62,74,136,302,69,371,False,False,False,False,False,False
2026-01-27 16:59:46,23.6,52.0,29.1,19.3,4.7,29.1,61,75,136,302,69,371,False,False,False,False,False,False
2026-01-27 16:59:48,23.6,51.9,28.8,18.3,3.8,28.8,60,75,136,302,69,371,False,False,False,False,False,False
2026-01-27 16:59:50,23.6,52.0,28.5,18.7,4.5,28.5,100,35,136,302,69,371,False,False,False,False,False,False
2026-01-27 16:59:52,23.5,52.1,30.7,19.4,4.1,30.7,79,56,136,302,69,371,False,False,False,False,False,False
2026-01-27 16:59:54,23.5,52.1,29.9,18.9,3.9,29.9,78,57,136,302,69,371,False,False,False,False,False,False
2026-01-27 16:59:56,23.5,52.1,30.7,19.5,4.2,30.7,78,58,136,302,69,371,False,False,False,False,False,False
2026-01-27 16:59:58,23.5,52.1,29.8,18.9,3.9,29.8,77,59,136,302,69,371,False,False,False,False,False,False
2026-01-27 17:00:00,23.5,52.2,29.8,19.7,4.8,29.8,76,59,136,302,69,371,False,False,False,False,False,False
2026-01-27 17:00:02,23.5,52.1,29.8,18.9,4.0,29.8,75,60,136,302,69,371,False,False,False,False,False,False
2026-01-27 17:00:04,23.4,52.1,29.7,19.0,4.2,29.7,74,61,136,302,69,371,False,False,False,False,False,False
2026-01-27 17:00:06,23.4,52.2,29.5,18.6,3.8,29.5,73,62,136,302,69,371,False,False,False,False,False,False
2026-01-27 17:00:08,23.5,52.3,29.6,18.8,4.0,29.6,73,63,136,302,69,371,False,False,False,False,False,False
