ts,temp,hum,mp_cpu,cpu_total,cpu_core0,cpu_core1,mp_used_kb,mp_free_kb,mp_total_kb,idf_used_kb,idf_free_kb,idf_total_kb,temp_zscore_anomaly,temp_ewma_anomaly,temp_rulebased_anomaly,hum_zscore_anomaly,hum_ewma_anomaly,hum_rulebased_anomaly
2026-01-28 07:37:03,23.4,52.3,0.0,0.0,0.0,0.0,73,63,137,302,69,371,False,False,False,False,False,False
2026-01-28 07:37:05,20.4,58.4,29.1,20.8,6.2,29.1,64,73,137,302,69,371,False,False,False,False,False,False
2026-01-28 07:37:07,20.4,58.5,26.5,17.2,4.0,26.5,63,73,137,302,69,371,False,False,False,False,False,False
2026-01-28 08:00:30,20.4,58.4,0.0,0.0,0.0,0.0,75,63,138,301,70,371,False,False,False,False,False,False
2026-01-28 08:00:32,21.9,57.1,27.0,19.6,6.1,27.0,67,71,138,301,70,371,False,False,False,False,False,False
2026-01-28 08:00:34,21.9,57.0,26.6,17.3,4.0,26.6,66,71,138,301,70,371,False,False,False,False,False,False
2026-01-28 08:00:36,21.9,57.0,26.6,17.7,4.4,26.6,66,72,138,301,70,371,False,False,False,False,False,False
2026-01-28 08:00:38,21.9,57.0,26.5,17.1,3.9,26.5,65,73,138,301,70,371,False,False,False,False,False,False
2026-01-28 08:00:40,21.9,56.9,26.7,17.2,3.8,26.7,64,73,138,301,70,371,False,False,False,False,False,False
2026-01-28 08:00:42,21.9,56.9,26.4,17.5,4.3,26.4,63,74,138,301,70,371,False,False,False,False,False,False
2026-01-28 08:00:44,21.9,56.8,26.3,16.9,3.8,26.3,63,75,138,301,70,371,False,False,False,False,False,False
2026-01-28 08:00:46,21.9,56.7,26.5,18.1,4.9,26.5,62,75,138,301,70,371,False,False,False,False,False,False
2026-01-28 08:00:48,21.9,56.8,26.4,17.2,4.0,26.4,61,76,138,301,70,371,False,False,False,False,False,False
2026-01-28 08:00:50,21.9,56.7,27.0,17.6,4.1,27.0,61,77,138,301,70,371,False,False,False,False,False,False
2026-01-28 08:00:52,21.9,56.7,26.2,17.0,3.9,26.2,60,78,138,301,70,371,False,False,False,False,False,False
2026-01-28 08:00:54,21.9,56.8,26.2,17.0,3.9,26.2,59,78,138,301,70,371,False,False,False,False,False,False
2026-01-28 08:00:56,21.9,56.7,26.3,17.4,4.3,26.3,59,79,138,301,70,371,False,False,False,False,False,False
2026-01-28 08:00:58,21.9,56.7,26.3,17.3,4.2,26.3,58,80,138,301,70,371,False,False,False,False,False,False
2026-01-28 08:01:00,21.9,56.7,26.6,17.3,4.0,26.6,57,80,138,301,70,371,False,False,False,False,False,False
2026-01-28 08:01:02,21.9,56.7,26.6,18.2,4.9,26.6,56,81,138,301,70,371,False,False,False,False,False,False
2026-01-28 08:01:04,21.9,56.7,26.4,17.3,4.1,26.4,56,82,138,301,70,371,False,False,False,False,False,False
2026-01-28 08:01:06,21.9,56.8,26.5,17.5,4.2,26.5,55,83,138,301,70,371,False,False,False,False,False,False
2026-01-28 08:01:08,21.9,56.7,26.9,17.4,4.0,26.9,54,83,138,301,70,371,False,False,False,False,False,False
2026-01-28 08:01:10,21.9,56.7,26.2,17.3,4.3,26.2,94,43,138,301,70,371,False,False,False,False,False,False
2026-01-28 08:01:12,21.9,56.7,27.4,17.6,3.9,27.4,76,61,138,301,70,371,False,False,False,False,False,False
2026-01-28 08:01:14,21.9,56.6,27.3,17.6,3.9,27.3,75,62,138,301,70,371,False,False,False,False,False,False
2026-01-28 08:01:16,21.9,56.7,27.3,18.4,4.8,27.3,75,63,138,301,70,371,False,False,False,False,False,False
2026-01-28 08:01:18,21.9,56.7,27.3,17.8,4.1,27.3,74,64,138,301,70,371,False,False,False,False,False,False
2026-01-28 08:01:20,21.9,56.7,26.9,17.6,4.1,26.9,72,65,138,301,70,371,False,False,False,False,False,False
2026-01-28 08:01:22,21.9,56.7,27.0,17.6,4.1,27.0,72,66,138,301,70,371,False,False,False,False,False,False
2026-01-28 08:01:24,21.9,56.7,27.0,17.9,4.4,27.0,71,66,138,301,70,371,False,False,False,False,False,False
2026-01-28 08:01:26,21.9,56.7,26.9,17.5,4.0,26.9,70,67,138,301,70,371,False,False,False,False,False,False
2026-01-28 08:01:28,21.9,56.7,27.3,18.4,4.8,27.3,69,68,138,301,70,371,False,False,False,False,False,False
2026-01-28 08:01:30,21.9,56.7,26.7,17.1,3.8,26.7,69,69,138,301,70,371,False,False,False,False,False,False
2026-01-28 08:01:32,21.9,56.7,26.6,18.1,4.8,26.6,68,70,138,301,70,371,False,False,False,False,False,False
2026-01-28 08:01:34,21.9,56.7,26.5,17.2,4.0,26.5,67,70,138,301,70,371,False,False,False,False,False,False
2026-01-28 08:01:36,21.9,56.6,26.6,17.5,4.2,26.6,66,71,138,301,70,371,False,False,False,False,False,False
2026-01-28 08:01:38,21.9,56.6,26.7,17.2,3.8,26.7,65,72,138,301,70,371,False,False,False,False,False,False
2026-01-28 08:01:40,21.9,56.6,26.4,17.2,4.0,26.4,65,73,138,301,70,371,False,False,False,False,False,False
2026-01-28 08:01:42,21.9,56.6,26.4,17.3,4.1,26.4,64,74,138,301,70,371,False,False,False,False,False,False
2026-01-28 08:01:44,21.9,56.6,26.4,17.2,4.0,26.4,63,74,138,301,70,371,False,False,False,False,False,False
2026-01-28 08:01:46,21.9,56.7,26.5,17.7,4.5,26.5,62,75,138,301,70,371,False,False,False,False,False,False
2026-01-28 08:01:48,21.9,56.6,26.6,17.1,3.8,26.6,61,76,138,301,70,371,False,False,False,False,False,False
2026-01-28 08:01:50,21.9,56.6,26.2,17.2,4.1,26.2,61,77,138,301,70,371,False,False,False,False,False,False
2026-01-28 08:01:52,21.9,56.6,26.4,17.1,3.9,26.4,60,78,138,301,70,371,False,False,False,False,False,False
2026-01-28 08:01:54,21.9,56.6,26.2,17.1,4.0,26.2,59,79,138,301,70,371,False,False,False,False,False,False
2026-01-28 08:01:56,21.9,56.6,26.3,17.1,4.0,26.3,58,79,138,301,70,371,False,False,False,False,False,False
2026-01-28 08:01:58,22.0,56.7,26.6,17.3,4.0,26.6,57,80,138,301,70,371,False,False,False,False,False,False
2026-01-28 08:02:00,21.9,56.6,26.3,17.0,3.9,26.3,56,81,138,301,70,371,False,False,False,False,False,False
2026-01-28 08:02:02,21.9,56.7,26.5,17.9,4.7,26.5,56,82,138,301,70,371,False,False,False,False,False,False
2026-01-28 08:02:04,21.9,56.7,26.4,17.1,3.9,26.4,55,83,138,301,70,371,False,False,False,False,False,False
2026-01-28 08:02:06,22.0,56.7,26.8,17.6,4.2,26.8,54,83,138,301,70,371,False,False,False,False,False,False
2026-01-28 08:02:08,22.0,56.8,26.1,17.0,4.0,26.1,94,43,138,301,70,371,False,False,False,False,False,False
2026-01-28 08:02:10,21.9,56.8,27.4,17.8,4.1,27.4,76,61,138,301,70,371,False,False,False,False,False,False
2026-01-28 08:02:12,21.9,56.8,27.3,17.5,3.9,27.3,75,62,138,301,70,371,False,False,False,False,False,False
2026-01-28 08:02:14,21.9,56.9,27.2,17.8,4.2,27.2,74,63,138,301,70,371,False,False,False,False,False,False
2026-01-28 08:02:16,22.0,56.8,27.3,18.3,4.6,27.3,74,64,138,301,70,371,False,False,False,False,False,False
2026-01-28 08:02:18,21.9,56.8,26.9,17.7,4.2,26.9,72,65,138,301,70,371,False,False,False,False,False,False
2026-01-28 08:02:20,22.0,56.8,26.9,17.4,3.9,26.9,72,66,138,301,70,371,False,False,False,False,False,False
2026-01-28 08:02:22,22.0,56.7,26.9,17.5,4.1,26.9,71,66,138,301,70,371,False,False,False,False,False,False
2026-01-28 08:02:24,22.0,56.7,26.9,17.6,4.1,26.9,70,67,138,301,70,371,False,False,False,False,False,False
2026-01-28 08:02:26,22.0,56.7,27.4,17.8,4.1,27.4,69,68,138,301,70,371,False,False,False,False,False,False
2026-01-28 08:02:28,22.0,56.7,26.9,18.2,4.8,26.9,69,69,138,301,70,371,False,False,False,False,False,False
2026-01-28 08:02:30,22.0,56.7,26.6,17.0,3.7,26.6,68,70,138,301,70,371,False,False,False,False,False,False
2026-01-28 08:02:32,22.0,56.7,25.9,17.6,4.7,25.9,67,70,138,301,70,371,False,False,False,False,False,False
2026-01-28 08:02:34,22.0,56.6,26.4,17.2,4.0,26.4,66,72,138,301,70,371,False,False,False,False,False,False
2026-01-28 08:02:36,22.0,56.5,26.7,17.7,4.4,26.7,65,72,138,301,70,371,False,False,False,False,False,False
2026-01-28 08:02:38,22.0,56.6,26.4,17.3,4.1,26.4,64,73,138,301,70,371,False,False,False,False,False,False
2026-01-28 08:02:40,22.0,56.6,26.8,17.6,4.2,26.8,63,74,138,301,70,371,False,False,False,False,False,False
2026-01-28 08:02:42,22.0,56.6,26.3,16.9,3.8,26.3,63,75,138,301,70,371,False,False,False,False,False,False
2026-01-28 08:02:44,22.0,56.5,26.4,17.2,4.0,26.4,62,76,138,301,70,371,False,False,False,False,False,False
2026-01-28 08:02:46,22.0,56.6,26.7,18.0,4.6,26.7,61,76,138,301,70,371,False,False,False,False,False,False
2026-01-28 08:02:48,22.0,56.6,26.2,16.9,3.9,26.2,60,77,138,301,70,371,False,False,False,False,False,False
2026-01-28 08:02:50,22.0,56.6,26.3,17.2,4.1,26.3,59,78,138,301,70,371,False,False,False,False,False,False
2026-01-28 08:02:52,22.0,56.7,26.3,17.0,3.8,26.3,58,79,138,301,70,371,False,False,False,False,False,False
2026-01-28 08:02:54,22.0,56.7,26.3,17.0,3.9,26.3,58,80,138,301,70,371,False,False,False,False,False,False
2026-01-28 08:02:56,22.0,56.7,26.6,17.5,4.2,26.6,57,81,138,301,70,371,False,False,False,False,False,False
2026-01-28 08:02:58,21.9,56.7,26.4,17.2,4.0,26.4,56,81,138,301,70,371,False,False,False,False,False,False
2026-01-28 08:03:00,22.0,56.7,26.4,16.9,3.7,26.4,55,82,138,301,70,371,False,False,False,False,False,False
2026-01-28 08:03:02,22.0,56.7,26.7,18.1,4.7,26.7,54,83,138,301,70,371,False,False,False,False,False,False
2026-01-28 08:03:04,22.0,56.8,26.7,17.3,3.9,26.7,54,84,138,301,70,371,False,False,False,False,False,False
2026-01-28 08:03:06,22.0,56.7,26.0,17.2,4.2,26.0,93,44,138,301,70,371,False,False,False,False,False,False
2026-01-28 08:03:08,22.0,56.7,27.5,17.4,3.7,27.5,76,61,138,301,70,371,False,False,False,False,False,False
2026-01-28 08:03:10,22.0,56.7,27.5,17.7,4.0,27.5,75,62,138,301,70,371,False,False,False,False,False,False
2026-01-28 08:03:12,22.0,56.8,27.3,17.5,3.8,27.3,74,63,138,301,70,371,False,False,False,False,False,False
2026-01-28 08:03:14,22.0,56.8,27.5,17.6,3.8,27.5,74,64,138,301,70,371,False,False,False,False,False,False
2026-01-28 08:03:16,22.0,56.8,27.1,18.1,4.5,27.1,73,65,138,301,70,371,False,False,False,False,False,False
2026-01-28 08:03:18,22.0,56.8,27.1,17.4,3.8,27.1,72,66,138,301,70,371,False,False,False,False,False,False
2026-01-28 08:03:20,22.0,56.7,26.9,17.4,3.9,26.9,71,66,138,301,70,371,False,False,False,False,False,False
2026-01-28 08:03:22,22.0,56.7,26.8,17.2,3.8,26.8,70,67,138,301,70,371,False,False,False,False,False,False
2026-01-28 08:03:24,22.0,56.7,27.2,17.5,3.9,27.2,69,68,138,301,70,371,False,False,False,False,False,False
2026-01-28 08:03:26,22.0,56.6,26.8,17.3,3.9,26.8,69,69,138,301,70,371,False,False,False,False,False,False
2026-01-28 08:03:28,22.0,56.7,27.0,18.4,4.9,27.0,68,70,138,301,70,371,False,False,False,False,False,False
2026-01-28 08:03:30,22.0,56.6,27.4,17.6,3.9,27.4,67,70,138,301,70,371,False,False,False,False,False,False
2026-01-28 08:03:32,22.0,56.6,25.6,17.7,4.9,25.6,66,71,138,301,70,371,False,False,False,False,False,False
2026-01-28 08:03:34,22.0,56.6,27.0,17.9,4.4,27.0,65,72,138,301,70,371,False,False,False,False,False,False
2026-01-28 08:03:36,22.0,56.6,26.5,17.7,4.5,26.5,65,73,138,301,70,371,False,False,False,False,False,False
2026-01-28 08:03:38,22.0,56.6,26.5,16.9,3.7,26.5,64,74,138,301,70,371,False,False,False,False,False,False
2026-01-28 08:03:40,22.0,56.6,26.4,17.1,3.9,26.4,63,74,138,301,70,371,False,False,False,False,False,False
2026-01-28 08:03:42,22.0,56.6,26.4,17.1,3.9,26.4,62,75,138,301,70,371,False,False,False,False,False,False
2026-01-28 08:03:44,22.0,56.5,26.7,17.4,4.1,26.7,61,76,138,301,70,371,False,False,False,False,False,False
2026-01-28 08:03:46,22.0,56.6,26.3,17.7,4.5,26.3,61,77,138,301,70,371,False,False,False,False,False,False
2026-01-28 08:03:48,22.0,56.6,26.2,17.1,4.0,26.2,60,78,138,301,70,371,False,False,False,False,False,False
2026-01-28 08:03:50,22.0,56.6,26.2,17.0,3.9,26.2,58,79,138,301,70,371,False,False,False,False,False,False
2026-01-28 08:03:52,22.0,56.6,26.4,17.2,4.1,26.4,58,79,138,301,70,371,False,False,False,False,False,False
2026-01-28 08:03:54,22.0,56.6,27.5,17.5,3.8,27.5,57,80,138,301,70,371,False,False,False,False,False,False
2026-01-28 08:03:56,22.0,56.6,26.4,17.3,4.1,26.4,56,81,138,301,70,371,False,False,False,False,False,False
2026-01-28 08:03:58,22.0,56.7,26.6,17.7,4.4,26.6,56,82,138,301,70,371,False,False,False,False,False,False
2026-01-28 08:04:00,22.0,56.6,26.6,17.2,3.9,26.6,55,83,138,301,70,371,False,False,False,False,False,False
2026-01-28 08:04:02,22.0,56.6,27.2,18.1,4.4,27.2,54,83,138,301,70,371,False,False,False,False,False,False
2026-01-28 08:04:04,22.0,56.6,26.1,17.2,4.2,26.1,94,44,138,301,70,371,False,False,False,False,False,False
2026-01-28 08:04:06,22.0,56.6,27.5,17.8,4.1,27.5,76,61,138,301,70,371,False,False,False,False,False,False
2026-01-28 08:04:08,22.0,56.6,27.5,18.1,4.3,27.5,75,62,138,301,70,371,False,False,False,False,False,False
2026-01-28 08:04:10,22.0,56.6,27.3,17.5,3.9,27.3,74,63,138,301,70,371,False,False,False,False,False,False
2026-01-28 08:04:12,22.0,56.6,27.5,17.7,4.0,27.5,74,64,138,301,70,371,False,False,False,False,False,False
2026-01-28 08:04:14,22.0,56.5,27.1,17.5,3.9,27.1,73,65,138,301,70,371,False,False,False,False,False,False
2026-01-28 08:04:16,22.0,56.6,27.0,18.0,4.5,27.0,72,65,138,301,70,371,False,False,False,False,False,False
2026-01-28 08:04:18,22.0,56.5,27.0,17.6,4.1,27.0,71,66,138,301,70,371,False,False,False,False,False,False
2026-01-28 08:04:20,22.0,56.6,26.8,17.2,3.8,26.8,70,67,138,301,70,371,False,False,False,False,False,False
2026-01-28 08:04:22,22.0,56.6,27.2,17.7,4.1,27.2,69,68,138,301,70,371,False,False,False,False,False,False
2026-01-28 08:04:24,22.0,56.5,26.7,17.3,4.0,26.7,69,69,138,301,70,371,False,False,False,False,False,False
2026-01-28 08:04:26,22.0,56.5,26.7,17.5,4.1,26.7,68,70,138,301,70,371,False,False,False,False,False,False
2026-01-28 08:04:28,22.0,56.5,26.8,18.2,4.7,26.8,67,70,138,301,70,371,False,False,False,False,False,False
2026-01-28 08:04:30,22.0,56.5,27.0,17.0,3.5,27.0,66,71,138,301,70,371,False,False,False,False,False,False
2026-01-28 08:04:32,22.0,56.5,26.1,17.6,4.6,26.1,65,72,138,301,70,371,False,False,False,False,False,False
2026-01-28 08:04:34,22.0,56.5,26.6,17.3,4.0,26.6,65,73,138,301,70,371,False,False,False,False,False,False
2026-01-28 08:04:36,22.0,56.5,26.4,17.5,4.3,26.4,64,74,138,301,70,371,False,False,False,False,False,False
2026-01-28 08:04:38,22.0,56.5,26.5,17.2,3.9,26.5,63,74,138,301,70,371,False,False,False,False,False,False
2026-01-28 08:04:40,22.0,56.6,26.4,17.4,4.2,26.4,62,75,138,301,70,371,False,False,False,False,False,False
2026-01-28 08:04:42,22.0,56.5,26.8,17.5,4.1,26.8,61,76,138,301,70,371,False,False,False,False,False,False
2026-01-28 08:04:44,22.0,56.6,26.3,17.1,3.9,26.3,61,77,138,301,70,371,False,False,False,False,False,False
2026-01-28 08:04:46,22.0,56.6,26.2,17.5,4.4,26.2,60,78,138,301,70,371,False,False,False,False,False,False
2026-01-28 08:04:48,22.0,56.5,26.2,17.2,4.0,26.2,58,79,138,301,70,371,False,False,False,False,False,False
2026-01-28 08:04:50,22.0,56.5,26.3,17.1,3.9,26.3,58,79,138,301,70,371,False,False,False,False,False,False
2026-01-28 08:04:52,22.0,56.6,26.6,17.2,3.9,26.6,57,80,138,301,70,371,False,False,False,False,False,False
2026-01-28 08:04:54,22.0,56.5,26.3,16.9,3.8,26.3,56,81,138,301,70,371,False,False,False,False,False,False
2026-01-28 08:04:56,22.0,56.5,26.5,17.5,4.2,26.5,56,82,138,301,70,371,False,False,False,False,False,False
2026-01-28 08:04:58,22.0,56.5,26.6,17.4,4.1,26.6,55,83,138,301,70,371,False,False,False,False,False,False
2026-01-28 08:05:00,22.0,56.5,26.9,17.1,3.7,26.9,54,83,138,301,70,371,False,False,False,False,False,False
2026-01-28 08:05:02,22.0,56.5,26.3,17.7,4.5,26.3,94,44,138,301,70,371,False,False,False,False,False,False
2026-01-28 08:05:04,22.0,56.5,27.6,17.9,4.1,27.6,76,61,138,301,70,371,False,False,False,False,False,False
2026-01-28 08:05:06,22.0,56.5,28.1,18.5,4.4,28.1,75,62,138,301,70,371,False,False,False,False,False,False
2026-01-28 08:05:08,22.0,56.4,26.8,17.4,4.0,26.8,74,63,138,301,70,371,False,False,False,False,False,False
2026-01-28 08:05:10,22.0,56.5,27.5,17.7,4.0,27.5,74,64,138,301,70,371,False,False,False,False,False,False
2026-01-28 08:05:12,22.1,56.6,27.2,17.7,4.1,27.2,73,65,138,301,70,371,False,True,False,False,False,False
2026-01-28 08:05:14,22.1,56.6,32.5,23.2,7.0,32.5,70,67,138,301,70,371,False,False,False,False,False,False
2026-01-28 08:05:16,22.0,56.5,27.2,18.9,5.3,27.2,67,70,138,301,70,371,False,False,False,False,False,False
2026-01-28 08:05:18,22.1,56.5,27.3,18.6,5.0,27.3,67,71,138,301,70,371,False,False,False,False,False,False
2026-01-28 08:05:20,22.1,56.5,27.2,18.3,4.7,27.2,66,72,138,301,70,371,False,False,False,False,False,False
2026-01-28 08:05:22,22.1,56.5,26.9,18.2,4.7,26.9,65,72,138,301,70,371,False,False,False,False,False,False
2026-01-28 08:05:24,22.1,56.5,26.9,17.8,4.3,26.9,64,73,138,301,70,371,False,False,False,False,False,False
2026-01-28 08:05:26,22.1,56.5,27.7,18.6,4.8,27.7,63,74,138,301,70,371,False,False,False,False,False,False
2026-01-28 08:05:28,22.1,56.4,27.1,18.8,5.2,27.1,62,75,138,301,70,371,False,False,False,False,False,False
2026-01-28 08:05:30,22.1,56.4,26.9,18.0,4.5,26.9,62,76,138,301,70,371,False,False,False,False,False,False
2026-01-28 08:05:32,22.1,56.4,26.7,18.8,5.5,26.7,61,77,138,301,70,371,False,False,False,False,False,False
2026-01-28 08:05:34,22.1,56.4,27.0,18.7,5.2,27.0,60,77,138,301,70,371,False,False,False,False,False,False
2026-01-28 08:05:36,22.1,56.4,26.6,18.2,4.9,26.6,59,78,138,301,70,371,False,False,False,False,False,False
2026-01-28 08:05:38,22.1,56.4,26.7,18.1,4.8,26.7,58,79,138,301,70,371,False,False,False,False,False,False
2026-01-28 08:05:40,22.1,56.4,27.1,18.3,4.7,27.1,58,80,138,301,70,371,False,False,False,False,False,False
2026-01-28 08:05:42,22.1,56.3,26.4,17.9,4.7,26.4,57,81,138,301,70,371,False,False,False,False,False,False
2026-01-28 08:05:44,22.1,56.3,28.7,20.0,5.6,28.7,56,81,138,301,70,371,False,False,False,False,False,False
2026-01-28 08:05:46,22.1,56.3,26.3,17.7,4.5,26.3,55,82,138,301,70,371,False,False,False,False,False,False
2026-01-28 08:05:48,22.1,56.3,26.3,17.3,4.2,26.3,54,83,138,301,70,371,False,False,False,False,False,False
2026-01-28 08:05:50,22.1,56.3,26.5,17.4,4.1,26.5,54,84,138,301,70,371,False,False,False,False,False,False
2026-01-28 08:05:52,22.1,56.3,26.4,17.2,4.0,26.4,53,84,138,301,70,371,False,False,False,False,False,False
2026-01-28 08:05:54,22.1,56.3,26.3,17.0,3.9,26.3,52,85,138,301,70,371,False,False,False,False,False,False
2026-01-28 08:05:56,22.1,56.3,26.2,17.3,4.2,26.2,93,45,138,301,70,371,False,False,False,False,False,False
2026-01-28 08:05:58,22.1,56.3,27.5,17.8,4.1,27.5,75,63,138,301,70,371,False,False,False,False,False,False
2026-01-28 08:06:00,22.1,56.3,27.3,17.5,3.9,27.3,74,63,138,301,70,371,False,False,False,False,False,False
2026-01-28 08:06:02,22.1,56.3,26.9,18.0,4.5,26.9,73,65,138,301,70,371,False,False,False,False,False,False
2026-01-28 08:06:04,22.1,56.3,27.2,17.6,4.0,27.2,73,65,138,301,70,371,False,False,False,False,False,False
2026-01-28 08:06:06,22.1,56.3,27.1,18.1,4.5,27.1,72,66,138,301,70,371,False,False,False,False,False,False
2026-01-28 08:06:08,22.2,56.3,27.3,17.5,3.9,27.3,71,66,138,301,70,371,False,False,False,False,False,False
2026-01-28 08:06:10,22.2,56.2,27.0,17.3,3.8,27.0,70,67,138,301,70,371,False,False,False,False,False,False
2026-01-28 08:06:12,22.2,56.3,26.9,17.2,3.7,26.9,70,68,138,301,70,371,False,False,False,False,False,False
2026-01-28 08:06:14,22.2,56.3,27.3,17.5,3.8,27.3,69,68,138,301,70,371,False,False,False,False,False,False
2026-01-28 08:06:16,22.1,56.3,26.7,18.0,4.6,26.7,69,69,138,301,70,371,False,False,False,False,False,False
2026-01-28 08:06:18,22.2,56.2,26.9,17.9,4.4,26.9,68,70,138,301,70,371,False,False,False,False,False,False
2026-01-28 08:06:20,22.2,56.2,26.7,17.2,3.9,26.7,67,71,138,301,70,371,False,False,False,False,False,False
2026-01-28 08:06:22,22.1,56.2,26.6,17.3,4.0,26.6,66,71,138,301,70,371,False,False,False,False,False,False
2026-01-28 08:06:24,22.2,56.2,26.4,17.0,3.8,26.4,65,72,138,301,70,371,False,False,False,False,False,False
2026-01-28 08:06:26,22.2,56.3,26.6,17.4,4.1,26.6,64,73,138,301,70,371,False,False,False,False,False,False
2026-01-28 08:06:28,22.2,56.2,27.0,18.4,4.9,27.0,64,74,138,301,70,371,False,False,False,False,False,False
2026-01-28 08:06:30,22.1,56.2,26.5,17.3,4.0,26.5,63,75,138,301,70,371,False,False,False,False,False,False
2026-01-28 08:06:32,22.2,56.2,25.6,17.4,4.6,25.6,62,75,138,301,70,371,False,False,False,False,False,False
2026-01-28 08:06:34,22.2,56.1,26.5,17.4,4.1,26.5,61,76,138,301,70,371,False,False,False,False,False,False
2026-01-28 08:06:36,22.2,56.2,26.3,17.4,4.2,26.3,60,77,138,301,70,371,False,False,False,False,False,False
2026-01-28 08:06:38,22.1,56.2,26.7,17.7,4.4,26.7,59,78,138,301,70,371,False,False,False,False,False,False
2026-01-28 08:06:40,22.2,56.1,26.4,17.4,4.2,26.4,59,79,138,301,70,371,False,False,False,False,False,False
2026-01-28 08:06:42,22.1,56.2,26.5,17.7,4.4,26.5,58,80,138,301,70,371,False,False,False,False,False,False
2026-01-28 08:06:44,22.2,56.1,26.3,17.2,4.1,26.3,57,80,138,301,70,371,False,False,False,False,False,False
2026-01-28 08:06:46,22.2,56.2,26.7,18.2,4.9,26.7,56,81,138,301,70,371,False,False,False,False,False,False
2026-01-28 08:06:48,22.2,56.2,26.8,17.4,4.0,26.8,55,82,138,301,70,371,False,False,False,False,False,False
2026-01-28 08:06:50,22.2,56.2,26.5,17.2,3.9,26.5,55,83,138,301,70,371,False,False,False,False,False,False
2026-01-28 08:06:52,22.2,56.2,26.6,17.3,4.0,26.6,54,84,138,301,70,371,False,False,False,False,False,False
2026-01-28 08:06:54,22.2,56.4,26.2,17.2,4.1,26.2,94,43,138,301,70,371,False,False,False,False,False,False
2026-01-28 08:06:56,22.2,56.8,27.6,18.3,4.4,27.6,76,62,138,301,70,371,False,False,False,False,True,False
2026-01-28 08:06:58,22.2,56.9,31.0,22.2,6.7,31.0,74,63,138,301,70,371,False,False,False,False,False,False
2026-01-28 08:07:00,22.2,57.0,27.6,18.6,4.8,27.6,71,66,138,301,70,371,False,False,False,False,False,False
2026-01-28 08:07:02,22.2,57.1,27.6,19.4,5.6,27.6,71,67,138,301,70,371,False,False,False,False,False,False
2026-01-28 08:07:04,22.2,57.0,27.8,19.0,5.1,27.8,70,68,138,301,70,371,False,False,False,False,False,False
2026-01-28 08:07:06,22.2,57.0,27.7,18.8,4.9,27.7,69,68,138,301,70,371,False,False,False,False,False,False
2026-01-28 08:07:08,22.2,56.9,27.2,18.2,4.6,27.2,68,69,138,301,70,371,False,False,False,False,False,False
2026-01-28 08:07:10,22.2,56.8,27.2,18.4,4.8,27.2,67,70,138,301,70,371,False,False,False,False,False,False
2026-01-28 08:07:12,22.2,56.8,27.3,18.5,4.8,27.3,67,71,138,301,70,371,False,False,False,False,False,False
2026-01-28 08:07:14,22.2,56.6,27.1,18.3,4.8,27.1,66,72,138,301,70,371,False,False,False,False,False,False
2026-01-28 08:07:16,22.2,56.6,27.6,19.3,5.5,27.6,65,72,138,301,70,371,False,False,False,False,False,False
2026-01-28 08:07:18,22.2,56.5,27.2,18.8,5.2,27.2,64,74,138,301,70,371,False,False,False,False,False,False
2026-01-28 08:07:20,22.2,56.6,27.7,18.5,4.7,27.7,63,74,138,301,70,371,False,False,False,False,False,False
2026-01-28 08:07:22,22.2,56.6,26.8,18.1,4.7,26.8,62,75,138,301,70,371,False,False,False,False,False,False
2026-01-28 08:07:24,22.2,56.7,26.9,18.0,4.6,26.9,62,76,138,301,70,371,False,False,False,False,False,False
2026-01-28 08:07:26,22.2,56.8,27.1,18.1,4.6,27.1,61,77,138,301,70,371,False,False,False,False,False,False
2026-01-28 08:07:28,22.2,56.7,29.5,21.2,6.4,29.5,60,77,138,301,70,371,False,False,False,False,False,False
2026-01-28 08:07:30,22.2,56.7,26.3,17.0,3.9,26.3,59,78,138,301,70,371,False,False,False,False,False,False
2026-01-28 08:07:32,22.2,56.7,26.1,17.7,4.6,26.1,59,79,138,301,70,371,False,False,False,False,False,False
2026-01-28 08:07:34,22.2,56.6,26.2,17.7,4.6,26.2,58,78,136,302,69,371,False,False,False,False,False,False
2026-01-28 08:07:36,22.2,56.5,26.5,17.3,4.0,26.5,57,78,136,302,69,371,False,False,False,False,False,False
2026-01-28 08:07:38,22.2,56.5,26.1,17.1,4.0,26.1,56,79,136,302,69,371,False,False,False,False,False,False
2026-01-28 08:07:40,22.2,56.5,26.3,17.2,4.0,26.3,56,80,136,302,69,371,False,False,False,False,False,False
2026-01-28 08:07:42,22.2,56.5,26.4,17.3,4.1,26.4,55,80,136,302,69,371,False,False,False,False,False,False
2026-01-28 08:07:44,22.2,56.5,26.4,17.3,4.1,26.4,54,81,136,302,69,371,False,False,False,False,False,False
2026-01-28 08:07:46,22.3,56.4,26.8,18.0,4.6,26.8,54,82,136,302,69,371,False,True,False,False,False,False
2026-01-28 08:07:48,22.3,56.3,31.3,22.3,6.6,31.3,53,82,136,302,69,371,False,False,False,False,False,False
2026-01-28 08:07:50,22.3,56.3,26.6,18.0,4.7,26.6,92,44,136,302,69,371,False,False,False,False,False,False
2026-01-28 08:07:52,22.3,56.3,26.2,18.0,4.9,26.2,78,58,136,302,69,371,False,False,False,False,False,False
2026-01-28 08:07:54,22.3,56.3,28.3,18.6,4.4,28.3,73,62,136,302,69,371,False,False,False,False,False,False
2026-01-28 08:07:56,22.3,56.3,27.6,18.3,4.5,27.6,72,63,136,302,69,371,False,False,False,False,False,False
2026-01-28 08:07:58,22.3,56.2,27.6,18.4,4.6,27.6,71,64,136,302,69,371,False,False,False,False,False,False
2026-01-28 08:08:00,22.3,56.2,27.5,18.5,4.7,27.5,71,65,136,302,69,371,False,False,False,False,False,False
2026-01-28 08:08:02,22.3,56.2,27.5,19.0,5.3,27.5,70,66,136,302,69,371,False,False,False,False,False,False
2026-01-28 08:08:04,22.3,56.2,28.0,18.9,4.9,28.0,69,66,136,302,69,371,False,False,False,False,False,False
2026-01-28 08:08:06,22.3,56.1,27.5,18.5,4.8,27.5,68,67,136,302,69,371,False,False,False,False,False,False
2026-01-28 08:08:08,22.3,56.1,27.3,18.2,4.6,27.3,67,68,136,302,69,371,False,False,False,False,False,False
2026-01-28 08:08:10,22.3,56.2,27.2,17.9,4.3,27.2,67,69,136,302,69,371,False,False,False,False,False,False
2026-01-28 08:08:12,22.3,56.1,27.1,18.2,4.7,27.1,66,70,136,302,69,371,False,False,False,False,False,False
2026-01-28 08:08:14,22.3,56.1,27.4,18.1,4.4,27.4,65,70,136,302,69,371,False,False,False,False,False,False
2026-01-28 08:08:16,22.3,57.0,27.3,18.6,5.0,27.3,64,71,136,302,69,371,False,False,False,False,False,False
2026-01-28 08:08:18,22.3,62.8,29.4,20.6,5.9,29.4,63,72,136,302,69,371,False,False,False,False,True,False
2026-01-28 08:08:20,22.4,63.6,31.3,22.1,6.4,31.3,63,73,136,302,69,371,False,False,False,False,False,False
2026-01-28 08:08:22,22.4,63.4,26.7,17.9,4.6,26.7,62,74,136,302,69,371,False,False,False,False,False,False
2026-01-28 08:08:24,22.4,62.6,26.9,18.0,4.5,26.9,61,75,136,302,69,371,False,False,False,False,False,False
2026-01-28 08:08:26,22.4,61.5,26.8,18.1,4.6,26.8,60,75,136,302,69,371,False,False,False,False,False,False
2026-01-28 08:08:28,22.5,60.6,26.8,18.4,5.0,26.8,59,76,136,302,69,371,False,False,False,False,False,False
2026-01-28 08:08:30,22.5,59.9,26.7,17.9,4.5,26.7,58,77,136,302,69,371,False,False,False,False,False,False
2026-01-28 08:08:32,22.5,59.2,26.6,18.6,5.3,26.6,58,78,136,302,69,371,False,False,False,False,False,False
2026-01-28 08:08:34,22.5,58.6,27.1,18.1,4.6,27.1,57,79,136,302,69,371,False,False,False,False,False,False
2026-01-28 08:08:36,22.5,58.1,26.7,17.8,4.5,26.7,56,79,136,302,69,371,False,False,False,False,False,False
2026-01-28 08:08:38,22.5,57.8,26.5,17.8,4.5,26.5,55,80,136,302,69,371,False,False,False,False,False,False
2026-01-28 08:08:40,22.5,57.6,26.7,17.8,4.5,26.7,54,81,136,302,69,371,False,False,False,False,False,False
2026-01-28 08:08:42,22.5,57.4,26.8,18.0,4.6,26.8,54,82,136,302,69,371,False,False,False,False,False,False
2026-01-28 08:08:44,22.5,57.1,27.1,18.0,4.4,27.1,53,83,136,302,69,371,False,False,False,False,False,False
2026-01-28 08:08:46,22.5,56.9,27.1,18.8,5.3,27.1,52,83,136,305,66,371,False,False,False,False,False,False
2026-01-28 08:08:48,22.5,56.7,26.4,17.9,4.7,26.4,92,43,136,302,69,371,False,False,False,False,False,False
2026-01-28 08:08:50,22.5,56.6,28.3,19.5,5.4,28.3,78,58,136,302,69,371,False,False,False,False,False,False
2026-01-28 08:08:52,22.5,56.4,27.6,17.7,3.9,27.6,74,61,136,302,69,371,False,False,False,False,False,False
2026-01-28 08:08:54,22.5,56.3,27.2,17.1,3.5,27.2,74,62,136,302,69,371,False,False,False,False,False,False
2026-01-28 08:08:56,22.5,56.3,27.2,17.6,4.0,27.2,73,63,136,302,69,371,False,False,False,False,False,False
2026-01-28 08:08:58,22.5,56.2,27.2,17.5,4.0,27.2,72,63,136,302,69,371,False,False,False,False,False,False
2026-01-28 08:09:00,22.5,56.1,27.0,17.7,4.2,27.0,72,64,136,302,69,371,False,False,False,False,False,False
2026-01-28 08:09:02,22.5,56.1,27.3,18.1,4.5,27.3,71,65,136,302,69,371,False,False,False,False,False,False
2026-01-28 08:09:04,22.5,56.1,26.9,17.3,3.9,26.9,70,65,136,302,69,371,False,False,False,False,False,False
2026-01-28 08:09:06,22.5,56.0,27.4,17.6,3.9,27.4,69,66,136,302,69,371,False,False,False,False,False,False
2026-01-28 08:09:08,22.5,55.9,26.8,17.8,4.4,26.8,69,67,136,302,69,371,False,False,False,False,False,False
2026-01-28 08:09:10,22.5,55.9,26.7,17.1,3.8,26.7,68,67,136,302,69,371,False,False,False,False,False,False
2026-01-28 08:09:12,22.5,55.9,27.1,17.8,4.2,27.1,67,68,136,302,69,371,False,False,False,False,False,False
2026-01-28 08:09:14,22.5,55.9,26.6,17.1,3.8,26.6,67,69,136,302,69,371,False,False,False,False,False,False
2026-01-28 08:09:16,22.5,55.8,27.1,18.2,4.7,27.1,66,69,136,302,69,371,False,False,False,False,False,False
2026-01-28 08:09:18,22.5,55.8,26.2,17.3,4.2,26.2,65,70,136,302,69,371,False,False,False,False,False,False
2026-01-28 08:09:20,22.5,55.8,26.6,17.2,4.0,26.6,65,71,136,302,69,371,False,False,False,False,False,False
2026-01-28 08:09:22,22.5,55.8,26.7,17.3,4.0,26.7,64,71,136,302,69,371,False,False,False,False,False,False
2026-01-28 08:09:24,22.5,55.7,26.4,17.0,3.8,26.4,63,72,136,302,69,371,False,False,False,False,False,False
2026-01-28 08:09:26,22.5,55.8,26.4,17.3,4.1,26.4,62,73,136,302,69,371,False,False,False,False,False,False
2026-01-28 08:09:28,22.4,55.8,26.7,18.3,5.0,26.7,62,74,136,302,69,371,False,False,False,False,False,False
2026-01-28 08:09:30,22.5,55.8,26.3,17.1,3.9,26.3,61,75,136,302,69,371,False,False,False,False,False,False
2026-01-28 08:09:32,22.5,55.8,25.9,17.4,4.4,25.9,60,76,136,302,69,371,False,False,False,False,False,False
2026-01-28 08:09:34,22.4,55.7,26.4,17.4,4.2,26.4,59,76,136,302,69,371,False,False,False,False,False,False
2026-01-28 08:09:36,22.5,55.7,26.7,17.3,4.0,26.7,58,77,136,302,69,371,False,False,False,False,False,False
2026-01-28 08:09:38,22.4,55.7,26.3,17.1,4.0,26.3,57,78,136,302,69,371,False,False,False,False,False,False
2026-01-28 08:09:40,22.5,55.7,26.8,17.3,3.9,26.8,57,79,136,302,69,371,False,False,False,False,False,False
2026-01-28 08:09:42,22.5,55.7,26.5,17.5,4.2,26.5,56,80,136,302,69,371,False,False,False,False,False,False
2026-01-28 08:09:44,22.4,55.7,26.6,17.6,4.3,26.6,55,80,136,302,69,371,False,False,False,False,False,False
2026-01-28 08:09:46,22.5,55.7,27.0,18.2,4.7,27.0,54,79,134,305,66,371,False,False,False,False,False,False
2026-01-28 08:09:48,22.4,55.7,25.9,16.9,3.9,25.9,94,41,136,302,69,371,False,False,False,False,False,False
2026-01-28 08:09:50,22.4,55.7,27.7,18.0,4.2,27.7,76,60,136,302,69,371,False,False,False,False,False,False
2026-01-28 08:09:52,22.4,55.7,27.3,17.9,4.3,27.3,75,60,136,302,69,371,False,False,False,False,False,False
2026-01-28 08:09:54,22.4,55.7,27.3,17.7,4.0,27.3,74,61,136,302,69,371,False,False,False,False,False,False
2026-01-28 08:09:56,22.4,55.7,27.3,17.7,4.0,27.3,73,62,136,302,69,371,False,False,False,False,False,False
2026-01-28 08:09:58,22.4,55.8,27.2,17.5,3.9,27.2,72,63,136,302,69,371,False,False,False,False,False,False
2026-01-28 08:10:00,22.4,55.8,27.3,17.5,3.9,27.3,72,64,136,302,69,371,False,False,False,False,False,False
2026-01-28 08:10:02,22.4,55.7,26.6,17.7,4.4,26.6,71,65,136,302,69,371,False,False,False,False,False,False
2026-01-28 08:10:04,22.4,55.8,27.1,18.0,4.5,27.1,70,65,136,302,69,371,False,False,False,False,False,False
2026-01-28 08:10:06,22.4,55.8,27.0,17.7,4.2,27.0,69,66,136,302,69,371,False,False,False,False,False,False
2026-01-28 08:10:08,22.4,55.8,26.8,17.5,4.1,26.8,68,67,136,302,69,371,False,False,False,False,False,False
2026-01-28 08:10:10,22.4,55.7,27.1,17.7,4.1,27.1,68,68,136,302,69,371,False,False,False,False,False,False
2026-01-28 08:10:12,22.5,55.8,26.7,17.5,4.1,26.7,67,69,136,302,69,371,False,False,False,False,False,False
2026-01-28 08:10:14,22.4,55.8,26.5,17.1,3.8,26.5,66,69,136,302,69,371,False,False,False,False,False,False
2026-01-28 08:10:16,22.4,55.8,26.5,17.1,3.8,26.5,65,70,136,302,69,371,False,False,False,False,False,False
2026-01-28 08:10:18,22.4,55.7,27.0,18.5,5.0,27.0,64,71,136,302,69,371,False,False,False,False,False,False
2026-01-28 08:10:20,22.4,55.7,26.7,17.4,4.1,26.7,64,72,136,302,69,371,False,False,False,False,False,False
2026-01-28 08:10:22,22.4,55.7,26.4,17.1,3.9,26.4,63,73,136,302,69,371,False,False,False,False,False,False
2026-01-28 08:10:24,22.4,55.8,26.5,17.3,4.1,26.5,62,73,136,302,69,371,False,False,False,False,False,False
2026-01-28 08:10:26,22.4,55.8,26.4,17.5,4.3,26.4,61,74,136,302,69,371,False,False,False,False,False,False
2026-01-28 08:10:28,22.4,55.8,26.6,18.1,4.8,26.6,60,75,136,302,69,371,False,False,False,False,False,False
2026-01-28 08:10:30,22.4,55.8,26.6,17.2,3.9,26.6,59,76,136,302,69,371,False,False,False,False,False,False
2026-01-28 08:10:32,22.4,55.7,26.4,17.9,4.7,26.4,59,77,136,302,69,371,False,False,False,False,False,False
2026-01-28 08:10:34,22.4,55.8,26.4,17.4,4.2,26.4,58,78,136,302,69,371,False,False,False,False,False,False
2026-01-28 08:10:36,22.4,55.8,26.5,17.2,3.9,26.5,57,78,136,302,69,371,False,False,False,False,False,False
2026-01-28 08:10:38,22.4,55.8,29.8,19.1,4.2,29.8,56,79,136,302,69,371,False,False,False,False,False,False
2026-01-28 08:10:40,22.4,55.7,26.6,17.4,4.1,26.6,55,80,136,302,69,371,False,False,False,False,False,False
2026-01-28 08:10:42,22.4,55.8,26.5,17.3,4.1,26.5,55,81,136,302,69,371,False,False,False,False,False,False
2026-01-28 08:10:44,22.4,55.8,26.6,17.2,3.9,26.6,54,82,136,302,69,371,False,False,False,False,False,False
2026-01-28 08:10:46,22.4,55.8,26.3,17.3,4.2,26.3,94,41,136,302,69,371,False,False,False,False,False,False
2026-01-28 08:10:48,22.4,55.7,27.2,17.8,4.2,27.2,76,60,136,302,69,371,False,False,False,False,False,False
2026-01-28 08:10:50,22.4,55.8,27.5,17.8,4.0,27.5,75,60,136,302,69,371,False,False,False,False,False,False
2026-01-28 08:10:52,22.4,55.8,27.2,17.6,4.0,27.2,74,61,136,302,69,371,False,False,False,False,False,False
2026-01-28 08:10:54,22.4,55.9,27.4,17.6,3.9,27.4,73,62,136,302,69,371,False,False,False,False,False,False
2026-01-28 08:10:56,22.4,55.8,27.2,17.7,4.1,27.2,72,63,136,302,69,371,False,False,False,False,False,False
2026-01-28 08:10:58,22.4,55.8,27.4,18.0,4.2,27.4,72,64,136,302,69,371,False,False,False,False,False,False
2026-01-28 08:11:00,22.4,55.9,27.1,17.6,4.1,27.1,71,65,136,302,69,371,False,False,False,False,False,False
2026-01-28 08:11:02,22.4,56.1,27.2,18.2,4.6,27.2,70,65,136,302,69,371,False,False,False,False,False,False
2026-01-28 08:11:04,22.4,56.0,26.9,17.6,4.1,26.9,69,66,136,302,69,371,False,False,False,False,False,False
2026-01-28 08:11:06,22.4,56.0,27.5,17.7,4.0,27.5,68,67,136,302,69,371,False,False,False,False,False,False
2026-01-28 08:11:08,22.4,56.0,26.8,17.2,3.8,26.8,68,68,136,302,69,371,False,False,False,False,False,False
2026-01-28 08:11:10,22.4,56.0,26.6,17.2,3.9,26.6,67,69,136,302,69,371,False,False,False,False,False,False
2026-01-28 08:11:12,22.4,55.9,26.6,17.3,3.9,26.6,66,69,136,302,69,371,False,False,False,False,False,False
2026-01-28 08:11:14,22.4,55.8,26.6,17.1,3.8,26.6,65,70,136,302,69,371,False,False,False,False,False,False
2026-01-28 08:11:16,22.4,55.9,26.5,17.2,3.9,26.5,64,71,136,302,69,371,False,False,False,False,False,False
2026-01-28 08:11:18,22.4,55.9,27.1,18.1,4.6,27.1,64,72,136,302,69,371,False,False,False,False,False,False
2026-01-28 08:11:20,22.4,55.9,26.6,17.5,4.2,26.6,63,73,136,302,69,371,False,False,False,False,False,False
2026-01-28 08:11:22,22.4,55.8,26.5,17.6,4.3,26.5,62,73,136,302,69,371,False,False,False,False,False,False
2026-01-28 08:11:24,22.4,55.9,26.4,16.9,3.7,26.4,61,74,136,302,69,371,False,False,False,False,False,False
2026-01-28 08:11:26,22.4,55.9,26.4,16.7,3.5,26.4,60,75,136,302,69,371,False,False,False,False,False,False
2026-01-28 08:11:28,22.4,55.8,27.3,18.3,4.7,27.3,59,76,136,302,69,371,False,False,False,False,False,False
2026-01-28 08:11:30,22.4,55.8,26.3,17.0,3.8,26.3,59,77,136,302,69,371,False,False,False,False,False,False
2026-01-28 08:11:32,22.4,55.8,26.2,17.8,4.6,26.2,58,78,136,302,69,371,False,False,False,False,False,False
2026-01-28 08:11:34,22.4,55.8,26.5,17.1,3.9,26.5,57,78,136,302,69,371,False,False,False,False,False,False
2026-01-28 08:11:36,22.4,55.8,26.7,16.9,3.5,26.7,56,79,136,302,69,371,False,False,False,False,False,False
2026-01-28 08:11:38,22.4,55.8,26.5,17.1,3.8,26.5,55,80,136,302,69,371,False,False,False,False,False,False
2026-01-28 08:11:40,22.4,55.8,26.6,17.2,3.9,26.6,55,81,136,302,69,371,False,False,False,False,False,False
2026-01-28 08:11:42,22.4,55.8,26.6,17.3,4.0,26.6,54,82,136,302,69,371,False,False,False,False,False,False
2026-01-28 08:11:44,22.4,55.8,26.3,17.3,4.2,26.3,94,41,136,302,69,371,False,False,False,False,False,False
2026-01-28 08:11:46,22.4,55.8,27.6,17.9,4.0,27.6,76,60,136,302,69,371,False,False,False,False,False,False
2026-01-28 08:11:48,22.4,55.8,26.8,18.2,4.8,26.8,75,60,136,302,69,371,False,False,False,False,False,False
2026-01-28 08:11:50,22.4,55.8,27.5,18.0,4.3,27.5,74,61,136,302,69,371,False,False,False,False,False,False
2026-01-28 08:11:52,22.4,55.8,27.1,17.5,3.9,27.1,73,63,136,302,69,371,False,False,False,False,False,False
2026-01-28 08:11:54,22.5,55.8,27.3,17.6,4.0,27.3,72,63,136,302,69,371,False,True,False,False,False,False
2026-01-28 08:11:56,22.4,55.8,32.8,23.0,6.6,32.8,69,66,136,302,69,371,False,False,False,False,False,False
2026-01-28 08:11:58,22.4,55.8,27.3,18.4,4.7,27.3,67,69,136,302,69,371,False,False,False,False,False,False
2026-01-28 08:12:00,22.4,55.7,27.1,17.9,4.4,27.1,66,70,136,302,69,371,False,False,False,False,False,False
2026-01-28 08:12:02,22.5,55.7,27.3,18.6,4.9,27.3,65,70,136,302,69,371,False,False,False,False,False,False
2026-01-28 08:12:04,22.5,55.7,27.4,18.5,4.8,27.4,64,71,136,302,69,371,False,False,False,False,False,False
2026-01-28 08:12:06,22.4,55.8,27.3,18.2,4.6,27.3,63,72,136,302,69,371,False,False,False,False,False,False
2026-01-28 08:12:08,22.4,55.8,26.8,18.0,4.6,26.8,62,73,136,302,69,371,False,False,False,False,False,False
2026-01-28 08:12:10,22.4,55.8,26.9,17.9,4.4,26.9,62,74,136,302,69,371,False,False,False,False,False,False
2026-01-28 08:12:12,22.4,55.8,26.9,18.2,4.7,26.9,61,75,136,302,69,371,False,False,False,False,False,False
2026-01-28 08:12:14,22.4,55.8,26.9,17.9,4.5,26.9,60,75,136,302,69,371,False,False,False,False,False,False
2026-01-28 08:12:16,22.4,55.8,27.2,18.2,4.6,27.2,59,76,136,302,69,371,False,False,False,False,False,False
2026-01-28 08:12:18,22.4,55.8,27.2,19.0,5.4,27.2,58,77,136,302,69,371,False,False,False,False,False,False
2026-01-28 08:12:20,22.4,55.7,27.2,18.3,4.7,27.2,58,78,136,302,69,371,False,False,False,False,False,False
2026-01-28 08:12:22,22.4,55.7,26.7,17.9,4.6,26.7,57,79,136,302,69,371,False,False,False,False,False,False
2026-01-28 08:12:24,22.4,55.8,26.8,18.1,4.7,26.8,56,79,136,302,69,371,False,False,False,False,False,False
2026-01-28 08:12:26,22.4,55.7,29.2,20.2,5.6,29.2,55,80,136,302,69,371,False,False,False,False,False,False
2026-01-28 08:12:28,22.4,55.7,26.5,18.1,4.8,26.5,54,81,136,302,69,371,False,False,False,False,False,False
2026-01-28 08:12:30,22.4,55.7,26.5,17.3,4.1,26.5,54,82,136,302,69,371,False,False,False,False,False,False
2026-01-28 08:12:32,22.4,55.7,26.6,18.0,4.7,26.6,53,82,136,302,69,371,False,False,False,False,False,False
2026-01-28 08:12:34,22.4,55.8,26.8,17.4,4.0,26.8,52,83,136,302,69,371,False,False,False,False,False,False
2026-01-28 08:12:36,22.4,55.8,26.1,17.2,4.1,26.1,93,43,136,302,69,371,False,False,False,False,False,False
2026-01-28 08:12:38,22.4,55.8,27.6,18.1,4.3,27.6,75,61,136,302,69,371,False,False,False,False,False,False
2026-01-28 08:12:40,22.4,55.8,27.4,17.6,3.9,27.4,74,61,136,302,69,371,False,False,False,False,False,False
2026-01-28 08:12:42,22.4,55.8,27.3,17.7,4.0,27.3,74,62,136,302,69,371,False,False,False,False,False,False
2026-01-28 08:12:44,22.4,55.8,27.5,17.8,4.0,27.5,73,63,136,302,69,371,False,False,False,False,False,False
2026-01-28 08:12:46,22.4,55.8,27.2,17.6,4.0,27.2,72,63,136,302,69,371,False,False,False,False,False,False
2026-01-28 08:12:48,22.4,55.8,26.5,17.7,4.4,26.5,71,64,136,302,69,371,False,False,False,False,False,False
2026-01-28 08:12:50,22.4,55.8,27.0,17.5,4.0,27.0,70,65,136,302,69,371,False,False,False,False,False,False
2026-01-28 08:12:52,22.4,55.8,27.0,17.7,4.2,27.0,70,66,136,302,69,371,False,False,False,False,False,False
2026-01-28 08:12:54,22.4,55.8,27.1,17.7,4.2,27.1,69,66,136,302,69,371,False,False,False,False,False,False
2026-01-28 08:12:56,22.4,55.8,26.8,17.4,4.0,26.8,68,67,136,302,69,371,False,False,False,False,False,False
2026-01-28 08:12:58,22.4,55.9,26.9,17.6,4.2,26.9,68,68,136,302,69,371,False,False,False,False,False,False
2026-01-28 08:13:00,22.4,55.9,27.5,18.0,4.2,27.5,67,69,136,302,69,371,False,False,False,False,False,False
2026-01-28 08:13:02,22.4,55.8,26.8,18.0,4.6,26.8,66,69,136,302,69,371,False,False,False,False,False,False
2026-01-28 08:13:04,22.4,55.9,26.9,17.2,3.8,26.9,65,70,136,302,69,371,False,False,False,False,False,False
2026-01-28 08:13:06,22.4,55.9,26.6,17.4,4.1,26.6,64,71,136,302,69,371,False,False,False,False,False,False
2026-01-28 08:13:08,22.4,55.9,26.4,17.4,4.1,26.4,63,72,136,302,69,371,False,False,False,False,False,False
2026-01-28 08:13:10,22.4,55.8,27.0,17.3,3.8,27.0,63,73,136,302,69,371,False,False,False,False,False,False
2026-01-28 08:13:12,22.4,55.9,26.5,17.3,4.0,26.5,62,73,136,302,69,371,False,False,False,False,False,False
2026-01-28 08:13:14,22.4,55.9,26.7,17.1,3.8,26.7,61,74,136,302,69,371,False,False,False,False,False,False
2026-01-28 08:13:16,22.4,55.9,26.4,17.1,3.9,26.4,60,75,136,302,69,371,False,False,False,False,False,False
2026-01-28 08:13:18,22.4,55.9,26.7,18.1,4.7,26.7,59,76,136,302,69,371,False,False,False,False,False,False
2026-01-28 08:13:20,22.3,55.9,26.4,17.1,3.9,26.4,59,77,136,302,69,371,False,True,False,False,False,False
2026-01-28 08:13:22,22.3,55.9,31.9,22.7,6.8,31.9,58,78,136,302,69,371,False,False,False,False,False,False
2026-01-28 08:13:24,22.3,55.9,27.1,18.1,4.6,27.1,55,80,136,302,69,371,False,False,False,False,False,False
2026-01-28 08:13:26,22.3,55.9,26.8,17.9,4.5,26.8,54,81,136,302,69,371,False,False,False,False,False,False
2026-01-28 08:13:28,22.3,55.9,27.1,19.0,5.4,27.1,54,82,136,302,69,371,False,False,False,False,False,False
2026-01-28 08:13:30,22.3,56.0,27.0,18.1,4.6,27.0,53,83,136,302,69,371,False,False,False,False,False,False
2026-01-28 08:13:32,22.4,55.9,27.5,19.0,5.3,27.5,52,83,136,302,69,371,False,False,False,False,False,False
2026-01-28 08:13:34,22.3,55.9,27.0,18.4,4.9,27.0,92,43,136,302,69,371,False,False,False,False,False,False
2026-01-28 08:13:36,22.3,55.9,26.3,17.6,4.5,26.3,78,58,136,302,69,371,False,False,False,False,False,False
2026-01-28 08:13:38,22.3,55.9,27.5,18.2,4.4,27.5,73,62,136,302,69,371,False,False,False,False,False,False
2026-01-28 08:13:40,22.3,56.0,27.8,18.4,4.5,27.8,73,63,136,302,69,371,False,False,False,False,False,False
2026-01-28 08:13:42,22.3,56.0,27.7,18.4,4.5,27.7,71,64,136,302,69,371,False,False,False,False,False,False
2026-01-28 08:13:44,22.3,56.0,27.6,18.4,4.7,27.6,71,64,136,302,69,371,False,False,False,False,False,False
2026-01-28 08:13:46,22.3,56.0,27.6,18.4,4.5,27.6,70,65,136,302,69,371,False,False,False,False,False,False
2026-01-28 08:13:48,22.3,56.0,27.4,19.0,5.3,27.4,69,66,136,302,69,371,False,False,False,False,False,False
2026-01-28 08:13:50,22.3,56.0,27.7,18.5,4.7,27.7,69,67,136,302,69,371,False,False,False,False,False,False
2026-01-28 08:13:52,22.3,56.0,29.8,20.5,5.6,29.8,68,68,136,302,69,371,False,False,False,False,False,False
2026-01-28 08:13:54,22.3,55.9,26.9,17.9,4.4,26.9,67,68,136,302,69,371,False,False,False,False,False,False
2026-01-28 08:13:56,22.3,56.1,26.7,17.3,4.0,26.7,66,69,136,302,69,371,False,False,False,False,False,False
2026-01-28 08:13:58,22.3,56.0,26.6,17.1,3.8,26.6,66,70,136,302,69,371,False,False,False,False,False,False
2026-01-28 08:14:00,22.3,56.0,26.6,17.4,4.0,26.6,65,71,136,302,69,371,False,False,False,False,False,False
2026-01-28 08:14:02,22.3,56.0,27.0,18.2,4.7,27.0,64,71,136,302,69,371,False,False,False,False,False,False
2026-01-28 08:14:04,22.3,56.0,26.5,17.3,4.0,26.5,64,72,136,302,69,371,False,False,False,False,False,False
2026-01-28 08:14:06,22.3,56.0,26.5,17.2,3.9,26.5,63,73,136,302,69,371,False,False,False,False,False,False
2026-01-28 08:14:08,22.3,56.0,26.5,17.3,4.0,26.5,62,73,136,302,69,371,False,False,False,False,False,False
2026-01-28 08:14:10,22.3,56.0,26.4,16.9,3.7,26.4,61,74,136,302,69,371,False,False,False,False,False,False
2026-01-28 08:14:12,22.3,56.0,26.7,17.0,3.7,26.7,61,75,136,302,69,371,False,False,False,False,False,False
2026-01-28 08:14:14,22.3,56.0,26.5,17.4,4.2,26.5,60,75,136,302,69,371,False,False,False,False,False,False
2026-01-28 08:14:16,22.3,56.0,26.4,17.2,4.0,26.4,59,76,136,302,69,371,False,False,False,False,False,False
2026-01-28 08:14:18,22.3,56.0,26.8,18.2,4.8,26.8,59,77,136,302,69,371,False,False,False,False,False,False
2026-01-28 08:14:20,22.3,56.0,26.4,17.2,4.0,26.4,58,77,136,302,69,371,False,False,False,False,False,False
2026-01-28 08:14:22,22.3,56.0,26.5,17.2,4.0,26.5,57,78,136,302,69,371,False,False,False,False,False,False
2026-01-28 08:14:24,22.3,56.0,26.4,17.2,4.0,26.4,57,79,136,302,69,371,False,False,False,False,False,False
2026-01-28 08:14:26,22.3,56.0,26.5,17.0,3.7,26.5,56,80,136,302,69,371,False,False,False,False,False,False
2026-01-28 08:14:28,22.3,56.0,26.7,17.9,4.6,26.7,55,80,136,302,69,371,False,False,False,False,False,False
2026-01-28 08:14:30,22.3,56.1,26.9,17.3,3.8,26.9,54,81,136,302,69,371,False,False,False,False,False,False
2026-01-28 08:14:32,22.3,56.0,26.0,17.6,4.6,26.0,95,41,136,302,69,371,False,False,False,False,False,False
2026-01-28 08:14:34,22.3,56.0,27.6,17.7,3.9,27.6,76,59,136,302,69,371,False,False,False,False,False,False
2026-01-28 08:14:36,22.3,56.0,27.5,17.6,3.9,27.5,75,60,136,302,69,371,False,False,False,False,False,False
2026-01-28 08:14:38,22.3,56.1,27.3,17.7,4.1,27.3,75,61,136,302,69,371,False,False,False,False,False,False
2026-01-28 08:14:40,22.3,56.1,27.4,17.7,4.0,27.4,73,62,136,302,69,371,False,False,False,False,False,False
2026-01-28 08:14:42,22.3,56.0,27.2,17.3,3.8,27.2,73,63,136,302,69,371,False,False,False,False,False,False
2026-01-28 08:14:44,22.3,56.0,27.2,17.7,4.1,27.2,72,63,136,302,69,371,False,False,False,False,False,False
2026-01-28 08:14:46,22.3,56.1,27.1,17.6,4.0,27.1,71,64,136,302,69,371,False,False,False,False,False,False
2026-01-28 08:14:48,22.3,56.0,26.2,17.5,4.4,26.2,70,65,136,302,69,371,False,False,False,False,False,False
2026-01-28 08:14:50,22.3,56.1,27.1,17.5,3.9,27.1,70,66,136,302,69,371,False,False,False,False,False,False
2026-01-28 08:14:52,22.3,56.1,26.9,17.5,4.1,26.9,69,67,136,302,69,371,False,False,False,False,False,False
2026-01-28 08:14:54,22.3,56.1,27.9,17.9,4.0,27.9,68,67,136,302,69,371,False,False,False,False,False,False
2026-01-28 08:14:56,22.3,56.1,26.6,17.2,3.9,26.6,67,69,136,302,69,371,False,False,False,False,False,False
2026-01-28 08:14:58,22.3,56.0,26.6,17.5,4.2,26.6,66,69,136,302,69,371,False,False,False,False,False,False
2026-01-28 08:15:00,22.3,56.1,26.8,17.5,4.1,26.8,66,70,136,302,69,371,False,False,False,False,False,False
2026-01-28 08:15:02,22.3,56.0,26.7,18.0,4.7,26.7,65,71,136,302,69,371,False,False,False,False,False,False
2026-01-28 08:15:04,22.3,56.0,26.5,17.4,4.1,26.5,64,71,136,302,69,371,False,False,False,False,False,False
2026-01-28 08:15:06,22.3,56.0,26.6,17.3,4.0,26.6,63,72,136,302,69,371,False,False,False,False,False,False
2026-01-28 08:15:08,22.3,56.0,26.5,17.5,4.2,26.5,62,73,136,302,69,371,False,False,False,False,False,False
2026-01-28 08:15:10,22.3,56.0,26.8,17.5,4.1,26.8,62,74,136,302,69,371,False,False,False,False,False,False
2026-01-28 08:15:12,22.3,56.0,26.3,16.9,3.8,26.3,61,75,136,302,69,371,False,False,False,False,False,False
2026-01-28 08:15:14,22.3,56.1,26.4,17.2,3.9,26.4,60,76,136,302,69,371,False,False,False,False,False,False
2026-01-28 08:15:16,22.3,56.1,26.4,17.3,4.1,26.4,59,76,136,302,69,371,False,False,False,False,False,False
2026-01-28 08:15:18,22.3,56.0,26.7,18.2,4.9,26.7,58,77,136,302,69,371,False,False,False,False,False,False
2026-01-28 08:15:20,22.3,56.0,26.6,17.4,4.1,26.6,57,78,136,302,69,371,False,False,False,False,False,False
2026-01-28 08:15:22,22.3,56.0,26.5,17.1,3.8,26.5,57,79,136,302,69,371,False,False,False,False,False,False
2026-01-28 08:15:24,22.3,56.1,26.4,17.2,4.0,26.4,56,80,136,302,69,371,False,False,False,False,False,False
2026-01-28 08:15:26,22.3,56.1,26.5,17.2,3.9,26.5,55,80,136,302,69,371,False,False,False,False,False,False
2026-01-28 08:15:28,22.3,56.0,27.0,18.1,4.6,27.0,54,81,136,302,69,371,False,False,False,False,False,False
2026-01-28 08:15:30,22.3,56.1,26.2,17.0,3.9,26.2,94,41,136,302,69,371,False,False,False,False,False,False
2026-01-28 08:15:32,22.3,56.1,27.6,18.4,4.6,27.6,76,59,136,302,69,371,False,False,False,False,False,False
2026-01-28 08:15:34,22.3,56.1,27.5,17.6,3.9,27.5,75,60,136,302,69,371,False,False,False,False,False,False
2026-01-28 08:15:36,22.3,56.0,27.4,17.8,4.1,27.4,75,61,136,302,69,371,False,False,False,False,False,False
2026-01-28 08:15:38,22.3,56.0,27.4,18.0,4.3,27.4,73,62,136,302,69,371,False,False,False,False,False,False
2026-01-28 08:15:40,22.3,56.1,27.3,17.5,3.8,27.3,73,63,136,302,69,371,False,False,False,False,False,False
2026-01-28 08:15:42,22.3,56.2,27.0,17.3,3.8,27.0,72,63,136,302,69,371,False,False,False,False,False,False
2026-01-28 08:15:44,22.3,57.1,27.1,17.7,4.2,27.1,71,64,136,302,69,371,False,False,False,False,True,False
2026-01-28 08:15:46,22.3,57.7,32.3,22.9,6.7,32.3,70,66,136,302,69,371,False,False,False,False,False,False
2026-01-28 08:15:48,22.3,57.7,27.8,19.2,5.3,27.8,67,68,136,302,69,371,False,False,False,False,False,False
2026-01-28 08:15:50,22.3,57.8,27.3,18.4,4.7,27.3,66,69,136,302,69,371,False,False,False,False,False,False
2026-01-28 08:15:52,22.3,57.6,27.1,18.1,4.6,27.1,65,70,136,302,69,371,False,False,False,False,False,False
2026-01-28 08:15:54,22.3,57.4,26.9,18.0,4.5,26.9,65,71,136,302,69,371,False,False,False,False,False,False
2026-01-28 08:15:56,22.3,57.2,26.9,17.9,4.4,26.9,64,72,136,302,69,371,False,False,False,False,False,False
2026-01-28 08:15:58,22.3,57.0,27.3,18.2,4.5,27.3,63,73,136,302,69,371,False,False,False,False,False,False
2026-01-28 08:16:00,22.3,56.8,27.1,18.2,4.6,27.1,62,73,136,302,69,371,False,False,False,False,False,False
2026-01-28 08:16:02,22.3,56.7,27.1,18.9,5.3,27.1,61,74,136,302,69,371,False,False,False,False,False,False
2026-01-28 08:16:04,22.3,56.6,27.2,18.4,4.8,27.2,60,75,136,302,69,371,False,False,False,False,False,False
2026-01-28 08:16:06,22.3,56.6,26.9,18.2,4.8,26.9,60,76,136,302,69,371,False,False,False,False,False,False
2026-01-28 08:16:08,22.3,56.5,27.0,18.1,4.6,27.0,59,77,136,302,69,371,False,False,False,False,False,False
2026-01-28 08:16:10,22.3,56.5,26.7,18.0,4.7,26.7,58,77,136,302,69,371,False,False,False,False,False,False
2026-01-28 08:16:12,22.3,56.4,26.8,18.0,4.6,26.8,57,78,136,302,69,371,False,False,False,False,False,False
2026-01-28 08:16:14,22.3,56.4,26.8,18.2,4.8,26.8,56,79,136,302,69,371,False,False,False,False,False,False
2026-01-28 08:16:16,22.3,56.3,29.1,20.2,5.6,29.1,56,80,136,302,69,371,False,False,False,False,False,False
2026-01-28 08:16:18,22.3,56.3,26.7,18.1,4.7,26.7,55,81,136,302,69,371,False,False,False,False,False,False
2026-01-28 08:16:20,22.4,57.7,26.5,17.3,4.0,26.5,54,81,136,302,69,371,False,True,False,False,False,False
2026-01-28 08:16:22,22.4,64.0,31.4,22.6,6.9,31.4,53,82,136,302,69,371,False,False,False,False,True,False
2026-01-28 08:16:24,22.5,67.5,30.9,21.9,6.5,30.9,52,83,136,302,69,371,False,False,False,False,False,False
2026-01-28 08:16:26,22.5,67.6,26.7,18.0,4.6,26.7,92,43,136,302,69,371,False,False,False,False,False,False
2026-01-28 08:16:28,22.5,66.5,26.9,18.7,5.2,26.9,78,57,136,302,69,371,False,False,False,False,False,False
2026-01-28 08:16:30,22.5,65.2,27.3,18.1,4.5,27.3,73,62,136,302,69,371,False,False,False,False,False,False
2026-01-28 08:16:32,22.6,63.9,28.3,19.4,5.2,28.3,73,63,136,302,69,371,False,False,False,False,False,False
2026-01-28 08:16:34,22.6,62.7,27.9,18.6,4.7,27.9,72,64,136,302,69,371,False,False,False,False,False,False
2026-01-28 08:16:36,22.6,61.6,27.8,18.6,4.7,27.8,71,64,136,302,69,371,False,False,False,False,False,False
2026-01-28 08:16:38,22.6,60.6,27.3,18.0,4.3,27.3,70,65,136,302,69,371,False,False,False,False,False,False
2026-01-28 08:16:40,22.6,59.8,28.1,18.6,4.5,28.1,69,66,136,302,69,371,False,False,False,False,False,False
2026-01-28 08:16:42,22.6,59.2,27.2,18.0,4.4,27.2,69,67,136,302,69,371,False,False,False,False,False,False
2026-01-28 08:16:44,22.6,58.5,27.2,18.4,4.8,27.2,68,68,136,302,69,371,False,False,False,False,False,False
2026-01-28 08:16:46,22.6,58.1,27.4,18.2,4.5,27.4,67,68,136,302,69,371,False,False,False,False,False,False
2026-01-28 08:16:48,22.6,57.6,26.9,18.7,5.2,26.9,66,69,136,302,69,371,False,False,False,False,False,False
2026-01-28 08:16:50,22.6,57.3,27.3,18.5,4.8,27.3,65,70,136,302,69,371,False,False,False,False,False,False
2026-01-28 08:16:52,22.6,57.0,27.0,18.1,4.6,27.0,65,71,136,302,69,371,False,False,False,False,False,False
2026-01-28 08:16:54,22.6,56.8,29.1,19.6,5.1,29.1,64,72,136,302,69,371,False,False,False,False,False,False
2026-01-28 08:16:56,22.6,56.6,26.6,17.3,4.0,26.6,63,73,136,302,69,371,False,False,False,False,False,False
2026-01-28 08:16:58,22.6,56.5,26.3,17.6,4.4,26.3,62,74,136,302,69,371,False,False,False,False,False,False
2026-01-28 08:17:00,22.6,56.3,26.3,17.2,4.1,26.3,61,74,136,302,69,371,False,False,False,False,False,False
2026-01-28 08:17:02,22.6,56.2,26.3,17.8,4.7,26.3,60,75,136,302,69,371,False,False,False,False,False,False
2026-01-28 08:17:04,22.6,56.1,26.4,17.4,4.2,26.4,60,76,136,302,69,371,False,False,False,False,False,False
2026-01-28 08:17:06,22.6,56.1,26.4,17.3,4.1,26.4,59,76,136,302,69,371,False,False,False,False,False,False
2026-01-28 08:17:08,22.6,56.0,26.1,17.0,4.0,26.1,58,77,136,302,69,371,False,False,False,False,False,False
2026-01-28 08:17:10,22.6,55.9,26.1,17.0,3.9,26.1,57,78,136,302,69,371,False,False,False,False,False,False
2026-01-28 08:17:12,22.6,55.9,26.3,17.1,4.0,26.3,57,78,136,302,69,371,False,False,False,False,False,False
2026-01-28 08:17:14,22.6,55.9,26.2,17.0,3.9,26.2,56,79,136,302,69,371,False,False,False,False,False,False
2026-01-28 08:17:16,22.6,55.8,26.7,17.2,3.8,26.7,56,80,136,302,69,371,False,False,False,False,False,False
2026-01-28 08:17:18,22.6,55.9,26.8,18.6,5.1,26.8,55,80,136,302,69,371,False,False,False,False,False,False
2026-01-28 08:17:20,22.6,55.9,26.5,17.2,4.0,26.5,54,81,136,302,69,371,False,False,False,False,False,False
2026-01-28 08:17:22,22.6,55.8,26.5,17.6,4.4,26.5,54,82,136,302,69,371,False,False,False,False,False,False
2026-01-28 08:17:24,22.6,55.8,26.5,17.3,4.0,26.5,94,42,136,302,69,371,False,False,False,False,False,False
2026-01-28 08:17:26,22.5,55.8,27.5,17.9,4.1,27.5,76,60,136,302,69,371,False,False,False,False,False,False
2026-01-28 08:17:28,22.6,55.8,27.7,18.7,4.8,27.7,75,60,136,302,69,371,False,False,False,False,False,False
2026-01-28 08:17:30,22.5,55.8,27.5,17.7,4.0,27.5,75,61,136,302,69,371,False,False,False,False,False,False
2026-01-28 08:17:32,22.5,55.7,28.0,18.9,4.9,28.0,74,62,136,302,69,371,False,False,False,False,False,False
2026-01-28 08:17:34,22.5,55.7,27.0,17.9,4.4,27.0,73,63,136,302,69,371,False,False,False,False,False,False
2026-01-28 08:17:36,22.6,55.6,27.2,17.7,4.1,27.2,72,63,136,302,69,371,False,False,False,False,False,False
2026-01-28 08:17:38,22.5,55.7,27.1,17.5,3.9,27.1,71,64,136,302,69,371,False,False,False,False,False,False
2026-01-28 08:17:40,22.5,55.7,26.9,17.4,4.0,26.9,70,65,136,302,69,371,False,False,False,False,False,False
2026-01-28 08:17:42,22.6,55.7,27.0,17.6,4.1,27.0,70,66,136,302,69,371,False,False,False,False,False,False
2026-01-28 08:17:44,22.5,55.7,27.1,17.7,4.2,27.1,69,67,136,302,69,371,False,False,False,False,False,False
2026-01-28 08:17:46,22.5,55.7,26.8,17.3,3.9,26.8,68,67,136,302,69,371,False,False,False,False,False,False
2026-01-28 08:17:48,22.5,55.7,26.1,17.8,4.8,26.1,67,68,136,302,69,371,False,False,False,False,False,False
2026-01-28 08:17:50,22.5,55.7,26.7,17.2,3.8,26.7,66,69,136,302,69,371,False,False,False,False,False,False
2026-01-28 08:17:52,22.5,55.7,26.7,17.4,4.1,26.7,66,70,136,302,69,371,False,False,False,False,False,False
2026-01-28 08:17:54,22.5,55.7,26.7,17.3,3.9,26.7,65,71,136,302,69,371,False,False,False,False,False,False
2026-01-28 08:17:56,22.5,55.7,26.5,17.0,3.7,26.5,64,71,136,302,69,371,False,False,False,False,False,False
2026-01-28 08:17:58,22.5,55.8,26.5,17.4,4.1,26.5,63,72,136,302,69,371,False,False,False,False,False,False
2026-01-28 08:18:00,22.5,55.7,26.6,17.5,4.2,26.6,62,73,136,302,69,371,False,False,False,False,False,False
2026-01-28 08:18:02,22.5,55.8,26.8,18.0,4.6,26.8,62,74,136,302,69,371,False,False,False,False,False,False
2026-01-28 08:18:04,22.5,55.8,26.7,17.7,4.3,26.7,61,75,136,302,69,371,False,False,False,False,False,False
2026-01-28 08:18:06,22.5,55.7,26.5,17.2,3.9,26.5,60,76,136,302,69,371,False,False,False,False,False,False
2026-01-28 08:18:08,22.5,55.7,26.5,17.2,4.0,26.5,59,76,136,302,69,371,False,False,False,False,False,False
2026-01-28 08:18:10,22.5,55.8,26.3,17.0,3.9,26.3,58,77,136,302,69,371,False,False,False,False,False,False
2026-01-28 08:18:12,22.5,55.7,0.0,0.0,0.0,0.0,57,78,136,302,69,371,False,False,False,False,False,False
2026-01-28 08:18:14,22.5,55.7,26.7,17.2,3.8,26.7,57,79,136,302,69,371,False,False,False,False,False,False
2026-01-28 08:18:16,22.5,55.7,26.4,17.0,3.8,26.4,56,80,136,302,69,371,False,False,False,False,False,False
2026-01-28 08:18:18,22.5,55.8,26.9,18.5,5.0,26.9,55,80,136,302,69,371,False,False,False,False,False,False
2026-01-28 08:18:20,22.5,55.8,27.1,17.5,3.9,27.1,54,81,136,302,69,371,False,False,False,False,False,False
2026-01-28 08:18:22,22.5,55.8,26.5,17.6,4.4,26.5,94,41,136,302,69,371,False,False,False,False,False,False
2026-01-28 08:18:24,22.5,55.8,27.6,17.5,3.7,27.6,76,59,136,302,69,371,False,False,False,False,False,False
2026-01-28 08:18:26,22.5,55.8,27.6,18.0,4.2,27.6,75,60,136,302,69,371,False,False,False,False,False,False
2026-01-28 08:18:28,22.5,55.8,27.7,18.5,4.7,27.7,75,61,136,302,69,371,False,False,False,False,False,False
2026-01-28 08:18:30,22.5,55.8,27.3,17.4,3.8,27.3,74,62,136,302,69,371,False,False,False,False,False,False
2026-01-28 08:18:32,22.5,55.8,27.6,18.4,4.7,27.6,73,62,136,302,69,371,False,False,False,False,False,False
2026-01-28 08:18:34,22.5,55.8,27.2,17.6,4.0,27.2,72,63,136,302,69,371,False,False,False,False,False,False
2026-01-28 08:18:36,22.5,55.8,27.1,17.6,4.1,27.1,71,64,136,302,69,371,False,False,False,False,False,False
2026-01-28 08:18:38,22.5,55.8,27.7,17.7,3.9,27.7,70,65,136,302,69,371,False,False,False,False,False,False
2026-01-28 08:18:40,22.5,55.9,26.9,17.5,4.0,26.9,70,66,136,302,69,371,False,False,False,False,False,False
2026-01-28 08:18:42,22.5,55.9,27.0,17.1,3.6,27.0,69,67,136,302,69,371,False,False,False,False,False,False
2026-01-28 08:18:44,22.5,55.9,26.9,17.5,4.0,26.9,68,67,136,302,69,371,False,False,False,False,False,False
2026-01-28 08:18:46,22.5,55.8,26.7,17.2,3.8,26.7,67,68,136,302,69,371,False,False,False,False,False,False
2026-01-28 08:18:48,22.5,55.8,25.9,17.3,4.4,25.9,66,69,136,302,69,371,False,False,False,False,False,False
2026-01-28 08:18:50,22.5,55.9,26.7,17.3,3.9,26.7,66,70,136,302,69,371,False,False,False,False,False,False
2026-01-28 08:18:52,22.5,55.8,26.8,17.3,4.0,26.8,65,71,136,302,69,371,False,False,False,False,False,False
2026-01-28 08:18:54,22.5,55.9,26.5,17.1,3.8,26.5,64,71,136,302,69,371,False,False,False,False,False,False
2026-01-28 08:18:56,22.5,55.9,26.5,17.2,4.0,26.5,63,72,136,302,69,371,False,False,False,False,False,False
2026-01-28 08:18:58,22.5,55.9,26.4,17.4,4.2,26.4,62,73,136,302,69,371,False,False,False,False,False,False
2026-01-28 08:19:00,22.4,56.2,26.5,17.3,4.1,26.5,62,74,136,302,69,371,False,True,False,False,False,False
2026-01-28 08:19:02,22.5,56.3,32.1,23.0,7.0,32.1,60,75,136,302,69,371,False,False,False,False,False,False
2026-01-28 08:19:04,22.5,56.4,27.1,18.4,4.8,27.1,58,78,136,302,69,371,False,False,False,False,False,False
2026-01-28 08:19:06,22.5,56.3,26.6,18.0,4.7,26.6,57,79,136,302,69,371,False,False,False,False,False,False
2026-01-28 08:19:08,22.4,56.2,26.7,17.6,4.2,26.7,56,79,136,302,69,371,False,False,False,False,False,False
2026-01-28 08:19:10,22.5,56.2,26.7,17.7,4.3,26.7,55,80,136,302,69,371,False,False,False,False,False,False
2026-01-28 08:19:12,22.5,56.1,28.0,18.4,4.4,28.0,54,81,136,302,69,371,False,False,False,False,False,False
2026-01-28 08:19:14,22.5,56.1,26.6,17.9,4.6,26.6,54,82,136,302,69,371,False,False,False,False,False,False
2026-01-28 08:19:16,22.5,56.0,27.0,18.0,4.5,27.0,53,83,136,302,69,371,False,False,False,False,False,False
2026-01-28 08:19:18,22.5,56.0,27.3,18.9,5.3,27.3,52,83,136,302,69,371,False,False,False,False,False,False
2026-01-28 08:19:20,22.5,55.9,27.6,18.5,4.7,27.6,92,43,136,302,69,371,False,False,False,False,False,False
2026-01-28 08:19:22,22.5,55.9,26.3,17.7,4.6,26.3,78,58,136,302,69,371,False,False,False,False,False,False
2026-01-28 08:19:24,22.5,55.9,27.7,18.2,4.3,27.7,74,62,136,302,69,371,False,False,False,False,False,False
2026-01-28 08:19:26,22.5,55.9,27.7,18.5,4.6,27.7,73,63,136,302,69,371,False,False,False,False,False,False
2026-01-28 08:19:28,22.5,55.9,28.0,19.2,5.2,28.0,72,64,136,302,69,371,False,False,False,False,False,False
2026-01-28 08:19:30,22.5,55.9,27.9,18.6,4.6,27.9,71,64,136,302,69,371,False,False,False,False,False,False
2026-01-28 08:19:32,22.5,55.9,30.2,20.9,5.8,30.2,70,65,136,302,69,371,False,False,False,False,False,False
2026-01-28 08:19:34,22.4,55.8,27.0,17.5,4.0,27.0,69,66,136,302,69,371,False,False,False,False,False,False
2026-01-28 08:19:36,22.5,55.9,26.8,17.4,4.0,26.8,69,67,136,302,69,371,False,False,False,False,False,False
2026-01-28 08:19:38,22.5,55.9,26.9,17.3,3.9,26.9,68,67,136,302,69,371,False,False,False,False,False,False
2026-01-28 08:19:40,22.5,55.9,27.0,17.5,4.0,27.0,67,68,136,302,69,371,False,False,False,False,False,False
2026-01-28 08:19:42,22.4,55.9,26.7,17.3,3.9,26.7,67,69,136,302,69,371,False,False,False,False,False,False
2026-01-28 08:19:44,22.5,55.9,26.5,17.1,3.9,26.5,66,69,136,302,69,371,False,False,False,False,False,False
2026-01-28 08:19:46,22.5,55.9,26.7,17.3,4.0,26.7,65,70,136,302,69,371,False,False,False,False,False,False
2026-01-28 08:19:48,22.4,55.8,26.2,17.5,4.4,26.2,65,71,136,302,69,371,False,False,False,False,False,False
2026-01-28 08:19:50,22.5,55.9,26.8,17.2,3.8,26.8,64,71,136,302,69,371,False,False,False,False,False,False
2026-01-28 08:19:52,22.5,55.9,26.5,17.6,4.3,26.5,63,72,136,302,69,371,False,False,False,False,False,False
2026-01-28 08:19:54,22.5,55.9,26.5,17.1,3.8,26.5,63,73,136,302,69,371,False,False,False,False,False,False
2026-01-28 08:19:56,22.4,55.8,26.5,17.3,4.0,26.5,62,74,136,302,69,371,False,False,False,False,False,False
2026-01-28 08:19:58,22.5,55.9,26.5,17.2,3.9,26.5,61,74,136,302,69,371,False,False,False,False,False,False
2026-01-28 08:20:00,22.4,55.9,26.7,17.3,3.9,26.7,61,75,136,302,69,371,False,False,False,False,False,False
2026-01-28 08:20:02,22.5,55.9,26.5,17.8,4.5,26.5,60,76,136,302,69,371,False,False,False,False,False,False
2026-01-28 08:20:04,22.5,55.8,26.5,17.2,3.9,26.5,59,76,136,302,69,371,False,False,False,False,False,False
2026-01-28 08:20:06,22.4,55.8,26.9,17.3,3.9,26.9,58,77,136,302,69,371,False,False,False,False,False,False
2026-01-28 08:20:08,22.4,55.8,26.5,17.4,4.2,26.5,58,78,136,302,69,371,False,False,False,False,False,False
2026-01-28 08:20:10,22.4,55.7,26.8,17.3,3.9,26.8,57,79,136,302,69,371,False,False,False,False,False,False
2026-01-28 08:20:12,22.4,55.7,26.6,17.6,4.3,26.6,56,80,136,302,69,371,False,False,False,False,False,False
2026-01-28 08:20:14,22.4,55.7,26.7,17.8,4.5,26.7,55,80,136,302,69,371,False,False,False,False,False,False
2026-01-28 08:20:16,22.4,55.7,26.6,17.2,3.9,26.6,54,81,136,302,69,371,False,False,False,False,False,False
2026-01-28 08:20:18,22.4,55.7,26.9,18.4,5.0,26.9,94,41,136,302,69,371,False,False,False,False,False,False
2026-01-28 08:20:20,22.4,55.7,27.7,18.0,4.1,27.7,76,59,136,302,69,371,False,False,False,False,False,False
2026-01-28 08:20:22,22.4,55.7,27.5,17.9,4.2,27.5,75,60,136,302,69,371,False,False,False,False,False,False
2026-01-28 08:20:24,22.4,55.7,27.5,17.7,4.0,27.5,75,61,136,302,69,371,False,False,False,False,False,False
2026-01-28 08:20:26,22.4,55.7,27.4,17.9,4.2,27.4,74,62,136,302,69,371,False,False,False,False,False,False
2026-01-28 08:20:28,22.4,55.7,27.7,18.7,4.8,27.7,73,62,136,302,69,371,False,False,False,False,False,False
2026-01-28 08:20:30,22.4,55.7,27.1,17.6,4.1,27.1,72,64,136,302,69,371,False,False,False,False,False,False
2026-01-28 08:20:32,22.4,55.8,27.7,18.6,4.8,27.7,71,64,136,302,69,371,False,False,False,False,False,False
2026-01-28 08:20:34,22.4,55.7,27.1,17.7,4.1,27.1,71,65,136,302,69,371,False,False,False,False,False,False
2026-01-28 08:20:36,22.4,55.7,27.0,17.8,4.3,27.0,70,66,136,302,69,371,False,False,False,False,False,False
2026-01-28 08:20:38,22.4,55.7,27.2,17.5,3.9,27.2,69,67,136,302,69,371,False,False,False,False,False,False
2026-01-28 08:20:40,22.3,55.7,26.8,17.3,3.9,26.8,68,67,136,302,69,371,False,False,False,False,False,False
2026-01-28 08:20:42,22.3,55.8,26.9,17.8,4.3,26.9,67,68,136,302,69,371,False,False,False,False,False,False
2026-01-28 08:20:44,22.3,55.8,26.7,17.5,4.1,26.7,66,69,136,302,69,371,False,False,False,False,False,False
2026-01-28 08:20:46,22.3,55.8,26.7,17.2,3.9,26.7,66,70,136,302,69,371,False,False,False,False,False,False
2026-01-28 08:20:48,22.3,55.9,26.5,17.8,4.6,26.5,65,71,136,302,69,371,False,False,False,False,False,False
2026-01-28 08:20:50,22.3,55.9,26.2,17.2,4.1,26.2,64,71,136,302,69,371,False,False,False,False,False,False
2026-01-28 08:20:52,22.3,55.9,26.5,17.7,4.4,26.5,63,72,136,302,69,371,False,False,False,False,False,False
2026-01-28 08:20:54,22.3,55.9,26.6,17.3,4.0,26.6,62,73,136,302,69,371,False,False,False,False,False,False
2026-01-28 08:20:56,22.3,55.9,26.5,17.4,4.1,26.5,62,74,136,302,69,371,False,False,False,False,False,False
2026-01-28 08:20:58,22.3,55.9,29.9,18.9,4.0,29.9,61,75,136,302,69,371,False,False,False,False,False,False
2026-01-28 08:21:00,22.3,55.9,26.3,17.2,4.0,26.3,60,75,136,302,69,371,False,False,False,False,False,False
2026-01-28 08:21:02,22.3,56.0,26.5,17.9,4.6,26.5,59,76,136,302,69,371,False,False,False,False,False,False
2026-01-28 08:21:04,22.3,55.9,26.4,17.3,4.0,26.4,58,77,136,302,69,371,False,False,False,False,False,False
2026-01-28 08:21:06,22.3,56.0,26.5,17.3,4.0,26.5,58,78,136,302,69,371,False,False,False,False,False,False
2026-01-28 08:21:08,22.3,56.0,26.8,17.8,4.3,26.8,57,79,136,302,69,371,False,False,False,False,False,False
2026-01-28 08:21:10,22.3,56.0,26.6,17.3,4.0,26.6,56,80,136,302,69,371,False,False,False,False,False,False
2026-01-28 08:21:12,22.3,56.1,26.6,17.3,4.0,26.6,55,80,136,302,69,371,False,False,False,False,False,False
2026-01-28 08:21:14,22.3,56.1,26.6,17.1,3.8,26.6,54,81,136,302,69,371,False,False,False,False,False,False
2026-01-28 08:21:16,22.3,56.1,26.3,17.1,3.9,26.3,94,41,136,302,69,371,False,False,False,False,False,False
2026-01-28 08:21:18,22.3,56.1,27.4,18.7,4.9,27.4,76,59,136,302,69,371,False,False,False,False,False,False
2026-01-28 08:21:20,22.3,56.1,27.6,17.7,3.9,27.6,75,60,136,302,69,371,False,False,False,False,False,False
2026-01-28 08:21:22,22.3,56.1,27.7,18.0,4.1,27.7,75,61,136,302,69,371,False,False,False,False,False,False
2026-01-28 08:21:24,22.3,56.1,27.2,17.8,4.2,27.2,74,62,136,302,69,371,False,False,False,False,False,False
2026-01-28 08:21:26,22.3,56.1,27.5,18.0,4.3,27.5,73,62,136,302,69,371,False,False,False,False,False,False
2026-01-28 08:21:28,22.3,56.1,27.3,18.5,4.8,27.3,72,64,136,302,69,371,False,False,False,False,False,False
2026-01-28 08:21:30,22.3,56.1,27.1,17.6,4.0,27.1,71,64,136,302,69,371,False,False,False,False,False,False
2026-01-28 08:21:32,22.3,56.1,27.2,18.4,4.8,27.2,71,65,136,302,69,371,False,False,False,False,False,False
2026-01-28 08:21:34,22.3,56.1,27.0,17.7,4.2,27.0,70,66,136,302,69,371,False,False,False,False,False,False
2026-01-28 08:21:36,22.3,56.1,27.2,17.7,4.1,27.2,69,67,136,302,69,371,False,False,False,False,False,False
2026-01-28 08:21:38,22.3,56.1,27.0,17.9,4.4,27.0,68,67,136,302,69,371,False,False,False,False,False,False
2026-01-28 08:21:40,22.3,56.1,26.8,17.5,4.1,26.8,67,68,136,302,69,371,False,False,False,False,False,False
2026-01-28 08:21:42,22.3,56.1,26.7,17.4,4.0,26.7,66,69,136,302,69,371,False,False,False,False,False,False
2026-01-28 08:21:44,22.3,56.1,26.7,17.4,4.1,26.7,66,70,136,302,69,371,False,False,False,False,False,False
2026-01-28 08:21:46,22.3,56.0,26.8,17.3,3.8,26.8,65,71,136,302,69,371,False,False,False,False,False,False
2026-01-28 08:21:48,22.3,56.1,25.8,17.3,4.4,25.8,64,71,136,302,69,371,False,False,False,False,False,False
2026-01-28 08:21:50,22.3,56.0,26.5,17.6,4.3,26.5,63,72,136,302,69,371,False,False,False,False,False,False
2026-01-28 08:21:52,22.3,56.0,26.6,17.4,4.1,26.6,62,73,136,302,69,371,False,False,False,False,False,False
2026-01-28 08:21:54,22.3,56.1,26.5,17.1,3.9,26.5,62,74,136,302,69,371,False,False,False,False,False,False
2026-01-28 08:21:56,22.3,56.0,27.0,17.6,4.0,27.0,61,75,136,302,69,371,False,False,False,False,False,False
2026-01-28 08:21:58,22.3,56.0,26.5,17.3,4.0,26.5,60,75,136,302,69,371,False,False,False,False,False,False
2026-01-28 08:22:00,22.3,56.0,26.4,17.2,4.0,26.4,59,76,136,302,69,371,False,False,False,False,False,False
2026-01-28 08:22:02,22.3,56.0,26.5,17.8,4.5,26.5,59,77,136,302,69,371,False,False,False,False,False,False
2026-01-28 08:22:04,22.3,56.0,26.4,17.2,4.0,26.4,58,78,136,302,69,371,False,False,False,False,False,False
2026-01-28 08:22:06,22.3,56.0,26.6,17.2,3.9,26.6,57,79,136,302,69,371,False,False,False,False,False,False
2026-01-28 08:22:08,22.3,56.0,26.6,17.4,4.1,26.6,56,80,136,302,69,371,False,False,False,False,False,False
2026-01-28 08:22:10,22.3,56.0,26.6,17.3,4.0,26.6,55,80,136,302,69,371,False,False,False,False,False,False
2026-01-28 08:22:12,22.3,56.0,26.6,17.4,4.1,26.6,54,81,136,302,69,371,False,False,False,False,False,False
2026-01-28 08:22:14,22.3,56.0,26.6,17.3,4.0,26.6,94,41,136,302,69,371,False,False,False,False,False,False
2026-01-28 08:22:16,22.3,55.9,27.5,17.9,4.2,27.5,76,59,136,302,69,371,False,False,False,False,False,False
2026-01-28 08:22:18,22.3,56.0,27.1,18.6,5.0,27.1,75,60,136,302,69,371,False,False,False,False,False,False
2026-01-28 08:22:20,22.3,56.0,27.5,17.8,4.1,27.5,75,61,136,302,69,371,False,False,False,False,False,False
2026-01-28 08:22:22,22.3,56.0,28.1,19.0,4.9,28.1,74,62,136,302,69,371,False,False,False,False,False,False
2026-01-28 08:22:24,22.3,55.9,26.8,17.4,4.0,26.8,73,62,136,302,69,371,False,False,False,False,False,False
2026-01-28 08:22:26,22.3,56.0,27.2,17.8,4.2,27.2,72,63,136,302,69,371,False,False,False,False,False,False
2026-01-28 08:22:28,22.3,56.0,27.4,18.4,4.7,27.4,71,64,136,302,69,371,False,False,False,False,False,False
2026-01-28 08:22:30,22.3,56.0,27.0,17.6,4.1,27.0,71,65,136,302,69,371,False,False,False,False,False,False
2026-01-28 08:22:32,22.3,56.0,27.8,18.5,4.6,27.8,70,66,136,302,69,371,False,False,False,False,False,False
2026-01-28 08:22:34,22.3,56.0,27.1,17.7,4.1,27.1,69,67,136,302,69,371,False,False,False,False,False,False
2026-01-28 08:22:36,22.3,55.9,26.8,17.5,4.1,26.8,68,67,136,302,69,371,False,False,False,False,False,False
2026-01-28 08:22:38,22.3,56.0,26.8,17.5,4.1,26.8,67,68,136,302,69,371,False,False,False,False,False,False
2026-01-28 08:22:40,22.3,56.0,26.7,17.4,4.0,26.7,66,69,136,302,69,371,False,False,False,False,False,False
2026-01-28 08:22:42,22.3,56.0,26.7,17.6,4.2,26.7,66,70,136,302,69,371,False,False,False,False,False,False
2026-01-28 08:22:44,22.3,55.9,26.8,17.4,4.0,26.8,65,71,136,302,69,371,False,False,False,False,False,False
2026-01-28 08:22:46,22.3,55.9,26.6,17.4,4.1,26.6,64,71,136,302,69,371,False,False,False,False,False,False
2026-01-28 08:22:48,22.3,56.0,25.8,17.4,4.5,25.8,63,72,136,302,69,371,False,False,False,False,False,False
2026-01-28 08:22:50,22.3,56.0,26.5,17.4,4.1,26.5,62,73,136,302,69,371,False,False,False,False,False,False
2026-01-28 08:22:52,22.3,56.0,26.4,17.1,3.9,26.4,62,74,136,302,69,371,False,False,False,False,False,False
2026-01-28 08:22:54,22.3,56.0,26.7,17.3,3.9,26.7,61,75,136,302,69,371,False,False,False,False,False,False
2026-01-28 08:22:56,22.3,56.1,26.4,17.3,4.0,26.4,60,75,136,302,69,371,False,False,False,False,False,False
2026-01-28 08:22:58,22.3,56.1,26.4,17.5,4.3,26.4,59,76,136,302,69,371,False,False,False,False,False,False
2026-01-28 08:23:00,22.3,56.1,26.3,17.2,4.0,26.3,58,77,136,302,69,371,False,False,False,False,False,False
2026-01-28 08:23:02,22.3,56.1,26.9,18.3,4.8,26.9,58,76,134,305,66,371,False,False,False,False,False,False
2026-01-28 08:23:04,22.3,56.1,26.6,17.3,4.0,26.6,57,79,136,302,69,371,False,False,False,False,False,False
2026-01-28 08:23:06,22.3,56.1,26.6,17.4,4.1,26.6,56,80,136,302,69,371,False,False,False,False,False,False
2026-01-28 08:23:08,22.3,56.1,26.6,17.4,4.1,26.6,55,80,136,302,69,371,False,False,False,False,False,False
2026-01-28 08:23:10,22.3,56.1,26.6,17.3,3.9,26.6,54,81,136,302,69,371,False,False,False,False,False,False
2026-01-28 08:23:12,22.3,56.0,26.5,17.4,4.1,26.5,94,41,136,302,69,371,False,False,False,False,False,False
2026-01-28 08:23:14,22.3,56.1,27.5,17.6,3.9,27.5,76,59,136,302,69,371,False,False,False,False,False,False
2026-01-28 08:23:16,22.3,56.1,27.4,17.7,4.0,27.4,75,60,136,302,69,371,False,False,False,False,False,False
2026-01-28 08:23:18,22.3,56.1,27.2,18.4,4.8,27.2,75,61,136,302,69,371,False,False,False,False,False,False
2026-01-28 08:23:20,22.3,56.1,27.4,17.7,4.0,27.4,74,62,136,302,69,371,False,False,False,False,False,False
2026-01-28 08:23:22,22.3,56.1,27.5,17.5,3.7,27.5,73,62,136,302,69,371,False,False,False,False,False,False
2026-01-28 08:23:24,22.3,56.1,27.2,17.6,4.0,27.2,72,63,136,302,69,371,False,False,False,False,False,False
2026-01-28 08:23:26,22.3,56.1,27.1,17.7,4.1,27.1,71,64,136,302,69,371,False,False,False,False,False,False
2026-01-28 08:23:28,22.3,56.0,27.2,18.3,4.7,27.2,71,65,136,302,69,371,False,False,False,False,False,False
2026-01-28 08:23:30,22.3,56.1,27.0,17.3,3.8,27.0,70,66,136,302,69,371,False,False,False,False,False,False
2026-01-28 08:23:32,22.3,56.1,27.7,18.5,4.6,27.7,69,66,136,302,69,371,False,False,False,False,False,False
2026-01-28 08:23:34,22.3,56.1,26.6,17.5,4.2,26.6,68,68,136,302,69,371,False,False,False,False,False,False
2026-01-28 08:23:36,22.3,56.1,26.8,17.3,3.9,26.8,67,68,136,302,69,371,False,False,False,False,False,False
2026-01-28 08:23:38,22.3,56.1,26.7,17.2,3.9,26.7,66,69,136,302,69,371,False,False,False,False,False,False
2026-01-28 08:23:40,22.3,56.0,26.7,17.2,3.8,26.7,66,70,136,302,69,371,False,False,False,False,False,False
2026-01-28 08:23:42,22.3,56.0,26.8,17.5,4.1,26.8,65,71,136,302,69,371,False,False,False,False,False,False
2026-01-28 08:23:44,22.3,56.1,26.5,17.2,4.0,26.5,64,71,136,302,69,371,False,False,False,False,False,False
2026-01-28 08:23:46,22.3,56.1,26.9,17.4,3.9,26.9,63,72,136,302,69,371,False,False,False,False,False,False
2026-01-28 08:23:48,22.4,56.1,25.8,17.3,4.4,25.8,62,73,136,302,69,371,False,True,False,False,False,False
2026-01-28 08:23:50,22.4,56.1,31.9,22.9,6.9,31.9,62,74,136,302,69,371,False,False,False,False,False,False
2026-01-28 08:23:52,22.3,56.1,27.2,18.1,4.5,27.2,59,77,136,302,69,371,False,False,False,False,False,False
2026-01-28 08:23:54,22.3,56.0,26.8,18.0,4.6,26.8,58,77,136,302,69,371,False,False,False,False,False,False
2026-01-28 08:23:56,22.3,56.0,26.8,17.8,4.4,26.8,57,78,136,302,69,371,False,False,False,False,False,False
2026-01-28 08:23:58,22.3,56.0,26.9,18.0,4.6,26.9,56,79,136,302,69,371,False,False,False,False,False,False
2026-01-28 08:24:00,22.3,56.0,27.1,17.9,4.4,27.1,56,80,136,302,69,371,False,False,False,False,False,False
2026-01-28 08:24:02,22.3,56.1,27.0,18.5,5.0,27.0,55,81,136,305,66,371,False,False,False,False,False,False
2026-01-28 08:24:04,22.3,56.1,26.9,18.3,4.8,26.9,54,81,136,302,69,371,False,False,False,False,False,False
2026-01-28 08:24:06,22.3,56.0,26.9,17.6,4.1,26.9,53,82,136,302,69,371,False,False,False,False,False,False
2026-01-28 08:24:08,22.3,56.0,27.2,18.3,4.7,27.2,52,83,136,302,69,371,False,False,False,False,False,False
2026-01-28 08:24:10,22.3,56.1,26.7,17.6,4.3,26.7,93,43,136,302,69,371,False,False,False,False,False,False
2026-01-28 08:24:12,22.3,56.0,26.3,17.8,4.6,26.3,78,58,136,302,69,371,False,False,False,False,False,False
2026-01-28 08:24:14,22.3,56.0,27.5,18.1,4.4,27.5,74,62,136,302,69,371,False,False,False,False,False,False
2026-01-28 08:24:16,22.3,56.0,27.6,18.4,4.6,27.6,73,63,136,302,69,371,False,False,False,False,False,False
2026-01-28 08:24:18,22.3,56.1,27.8,19.4,5.5,27.8,72,64,136,302,69,371,False,False,False,False,False,False
2026-01-28 08:24:20,22.4,59.4,30.0,21.0,5.9,30.0,71,65,136,302,69,371,False,False,False,False,True,False
2026-01-28 08:24:22,22.4,66.1,32.5,22.9,6.7,32.5,68,68,136,302,69,371,False,False,False,False,True,False
2026-01-28 08:24:24,22.5,72.6,31.9,22.6,6.6,31.9,67,68,136,302,69,371,False,False,False,False,False,False
2026-01-28 08:24:26,22.6,77.1,27.5,18.7,4.9,27.5,66,69,136,302,69,371,False,False,False,False,False,False
2026-01-28 08:24:28,22.6,78.3,27.4,19.5,5.8,27.4,65,70,136,302,69,371,False,False,False,False,False,False
2026-01-28 08:24:30,22.6,77.1,27.1,18.1,4.5,27.1,65,71,136,302,69,371,False,False,False,False,False,False
2026-01-28 08:24:32,22.6,74.9,27.4,19.1,5.4,27.4,64,67,132,305,66,371,False,False,False,False,False,False
2026-01-28 08:24:34,22.6,72.2,27.2,18.4,4.8,27.2,63,72,136,302,69,371,False,False,False,False,False,False
2026-01-28 08:24:36,22.7,69.8,26.8,18.0,4.5,26.8,62,73,136,302,69,371,False,False,False,False,False,False
2026-01-28 08:24:38,22.6,67.7,26.8,18.0,4.5,26.8,61,74,136,302,69,371,False,False,False,False,False,False
2026-01-28 08:24:40,22.7,65.9,27.1,18.2,4.6,27.1,61,75,136,302,69,371,False,False,False,False,False,False
2026-01-28 08:24:42,22.7,64.4,26.7,17.9,4.6,26.7,60,76,136,302,69,371,False,False,False,False,False,False
2026-01-28 08:24:44,22.7,63.1,26.7,17.7,4.4,26.7,59,77,136,302,69,371,False,False,False,False,False,False
2026-01-28 08:24:46,22.7,61.9,26.6,17.9,4.6,26.6,58,77,136,302,69,371,False,False,False,False,False,False
2026-01-28 08:24:48,22.7,61.0,26.6,18.3,5.0,26.6,57,78,136,302,69,371,False,False,False,False,False,False
2026-01-28 08:24:50,22.7,60.1,27.3,18.4,4.8,27.3,56,79,136,302,69,371,False,False,False,False,False,False
2026-01-28 08:24:52,22.7,59.4,26.7,17.6,4.3,26.7,56,80,136,302,69,371,False,False,False,False,False,False
2026-01-28 08:24:54,22.7,58.8,28.8,20.1,5.7,28.8,55,81,136,302,69,371,False,False,False,False,False,False
2026-01-28 08:24:56,22.7,58.3,26.3,16.9,3.7,26.3,54,81,136,302,69,371,False,False,False,False,False,False
2026-01-28 08:24:58,22.7,57.9,26.7,17.4,4.0,26.7,53,82,136,302,69,371,False,False,False,False,False,False
2026-01-28 08:25:00,22.7,57.5,26.4,17.1,3.9,26.4,53,83,136,302,69,371,False,False,False,False,False,False
2026-01-28 08:25:02,22.7,57.2,26.0,17.3,4.3,26.0,93,42,136,302,69,371,False,False,False,False,False,False
2026-01-28 08:25:04,22.7,57.0,27.4,18.7,5.0,27.4,75,61,136,302,69,371,False,False,False,False,False,False
2026-01-28 08:25:06,22.7,56.9,27.4,17.8,4.2,27.4,74,61,136,302,69,371,False,False,False,False,False,False
2026-01-28 08:25:08,22.7,56.9,27.3,17.3,3.6,27.3,74,62,136,302,69,371,False,False,False,False,False,False
2026-01-28 08:25:10,22.6,56.8,27.1,17.4,3.9,27.1,73,63,136,302,69,371,False,False,False,False,False,False
2026-01-28 08:25:12,22.7,56.6,27.1,17.7,4.2,27.1,72,63,136,302,69,371,False,False,False,False,False,False
2026-01-28 08:25:14,22.6,56.4,27.0,17.5,4.0,27.0,71,64,136,302,69,371,False,False,False,False,False,False
2026-01-28 08:25:16,22.6,56.3,26.8,17.4,4.0,26.8,71,65,136,302,69,371,False,False,False,False,False,False
2026-01-28 08:25:18,22.6,56.2,27.0,18.2,4.7,27.0,70,65,136,302,69,371,False,False,False,False,False,False
2026-01-28 08:25:20,22.6,56.2,26.8,17.4,4.0,26.8,69,66,136,302,69,371,False,False,False,False,False,False
2026-01-28 08:25:22,22.6,56.2,27.1,17.3,3.8,27.1,69,67,136,302,69,371,False,False,False,False,False,False
2026-01-28 08:25:24,22.6,56.1,26.8,17.8,4.4,26.8,68,67,136,302,69,371,False,False,False,False,False,False
2026-01-28 08:25:26,22.6,56.1,26.7,17.5,4.2,26.7,67,68,136,302,69,371,False,False,False,False,False,False
2026-01-28 08:25:28,22.6,56.1,27.1,18.1,4.6,27.1,67,69,136,302,69,371,False,False,False,False,False,False
2026-01-28 08:25:30,22.6,56.0,26.3,16.8,3.6,26.3,65,70,136,302,69,371,False,False,False,False,False,False
2026-01-28 08:25:32,22.6,56.0,26.5,17.2,4.0,26.5,65,71,136,302,69,371,False,False,False,False,False,False
2026-01-28 08:25:34,22.6,56.0,26.8,18.0,4.6,26.8,64,71,136,302,69,371,False,False,False,False,False,False
2026-01-28 08:25:36,22.6,55.9,26.5,17.3,4.1,26.5,63,72,136,302,69,371,False,False,False,False,False,False
2026-01-28 08:25:38,22.6,56.0,26.6,17.4,4.0,26.6,62,73,136,302,69,371,False,False,False,False,False,False
2026-01-28 08:25:40,22.6,56.0,26.4,17.0,3.8,26.4,62,74,136,302,69,371,False,False,False,False,False,False
2026-01-28 08:25:42,22.6,56.0,26.4,17.4,4.2,26.4,61,75,136,302,69,371,False,False,False,False,False,False
2026-01-28 08:25:44,22.6,56.0,26.4,17.4,4.2,26.4,60,75,136,302,69,371,False,False,False,False,False,False
2026-01-28 08:25:46,22.6,55.9,26.3,17.0,3.9,26.3,59,76,136,302,69,371,False,False,False,False,False,False
2026-01-28 08:25:48,22.6,55.9,26.2,17.8,4.6,26.2,58,77,136,302,69,371,False,False,False,False,False,False
2026-01-28 08:25:50,22.6,55.9,26.4,17.4,4.2,26.4,58,78,136,302,69,371,False,False,False,False,False,False
2026-01-28 08:25:52,22.6,55.9,26.3,17.0,3.9,26.3,57,79,136,302,69,371,False,False,False,False,False,False
2026-01-28 08:25:54,22.6,55.9,26.4,17.2,4.0,26.4,56,79,136,302,69,371,False,False,False,False,False,False
2026-01-28 08:25:56,22.6,55.8,26.7,17.1,3.8,26.7,55,80,136,302,69,371,False,False,False,False,False,False
2026-01-28 08:25:58,22.6,55.8,26.6,17.5,4.2,26.6,54,81,136,302,69,371,False,False,False,False,False,False
2026-01-28 08:26:00,22.6,55.8,26.0,17.0,3.9,26.0,95,41,136,302,69,371,False,False,False,False,False,False
2026-01-28 08:26:02,22.6,55.8,27.4,17.9,4.2,27.4,76,59,136,302,69,371,False,False,False,False,False,False
2026-01-28 08:26:04,22.5,55.8,26.7,18.1,4.7,26.7,75,60,136,302,69,371,False,False,False,False,False,False
2026-01-28 08:26:06,22.6,55.8,27.5,18.0,4.2,27.5,75,61,136,302,69,371,False,False,False,False,False,False
2026-01-28 08:26:08,22.6,55.8,27.1,17.5,3.9,27.1,74,62,136,302,69,371,False,False,False,False,False,False
2026-01-28 08:26:10,22.5,55.8,27.1,17.6,4.0,27.1,73,62,136,302,69,371,False,False,False,False,False,False
2026-01-28 08:26:12,22.5,55.7,27.1,17.6,4.1,27.1,72,63,136,302,69,371,False,False,False,False,False,False
2026-01-28 08:26:14,22.5,55.7,27.0,17.5,4.0,27.0,71,64,136,302,69,371,False,False,False,False,False,False
2026-01-28 08:26:16,22.5,55.7,27.8,17.8,3.9,27.8,71,65,136,302,69,371,False,False,False,False,False,False
2026-01-28 08:26:18,22.5,55.7,26.8,17.9,4.4,26.8,70,66,136,302,69,371,False,False,False,False,False,False
2026-01-28 08:26:20,22.6,55.8,26.7,17.3,3.9,26.7,69,67,136,302,69,371,False,False,False,False,False,False
2026-01-28 08:26:22,22.5,55.8,26.8,17.4,4.0,26.8,68,67,136,302,69,371,False,False,False,False,False,False
2026-01-28 08:26:24,22.5,55.7,26.8,18.0,4.6,26.8,67,68,136,302,69,371,False,False,False,False,False,False
2026-01-28 08:26:26,22.5,55.7,26.9,17.6,4.1,26.9,67,69,136,302,69,371,False,False,False,False,False,False
2026-01-28 08:26:28,22.5,55.8,26.8,18.4,5.0,26.8,66,70,136,302,69,371,False,False,False,False,False,False
2026-01-28 08:26:30,22.5,55.8,26.4,17.0,3.8,26.4,65,71,136,302,69,371,False,False,False,False,False,False
2026-01-28 08:26:32,22.5,55.8,26.5,17.2,3.9,26.5,64,71,136,302,69,371,False,False,False,False,False,False
2026-01-28 08:26:34,22.5,55.8,26.6,17.5,4.2,26.6,63,72,136,302,69,371,False,False,False,False,False,False
2026-01-28 08:26:36,22.5,55.8,26.7,17.4,4.1,26.7,62,73,136,302,69,371,False,False,False,False,False,False
2026-01-28 08:26:38,22.5,55.9,26.4,16.8,3.6,26.4,62,74,136,302,69,371,False,False,False,False,False,False
2026-01-28 08:26:40,22.5,55.9,26.4,17.2,4.0,26.4,61,75,136,302,69,371,False,False,False,False,False,False
2026-01-28 08:26:42,22.5,55.9,26.3,17.1,4.0,26.3,60,75,136,302,69,371,False,False,False,False,False,False
2026-01-28 08:26:44,22.5,55.9,26.4,17.2,4.0,26.4,59,76,136,302,69,371,False,False,False,False,False,False
2026-01-28 08:26:46,22.5,55.9,26.6,17.2,3.9,26.6,58,77,136,302,69,371,False,False,False,False,False,False
2026-01-28 08:26:48,22.4,55.9,26.4,17.6,4.4,26.4,58,78,136,302,69,371,False,False,False,False,False,False
2026-01-28 08:26:50,22.4,55.9,26.3,17.4,4.2,26.3,57,79,136,302,69,371,False,False,False,False,False,False
2026-01-28 08:26:52,22.4,55.9,26.6,17.2,4.0,26.6,56,79,136,302,69,371,False,False,False,False,False,False
2026-01-28 08:26:54,22.4,55.9,26.8,17.3,3.9,26.8,55,80,136,302,69,371,False,False,False,False,False,False
2026-01-28 08:26:56,22.4,55.9,26.6,17.1,3.8,26.6,54,81,136,302,69,371,False,False,False,False,False,False
2026-01-28 08:26:58,22.4,55.9,26.2,17.0,4.0,26.2,95,41,136,302,69,371,False,False,False,False,False,False
2026-01-28 08:27:00,22.4,55.9,27.3,17.7,4.0,27.3,76,59,136,302,69,371,False,False,False,False,False,False
2026-01-28 08:27:02,22.4,55.9,27.2,17.5,3.9,27.2,75,60,136,302,69,371,False,False,False,False,False,False
2026-01-28 08:27:04,22.4,55.9,26.8,17.6,4.2,26.8,75,61,136,302,69,371,False,False,False,False,False,False
2026-01-28 08:27:06,22.4,56.0,27.1,17.6,4.1,27.1,73,62,136,302,69,371,False,False,False,False,False,False
2026-01-28 08:27:08,22.4,56.0,27.0,17.4,3.8,27.0,73,63,136,302,69,371,False,False,False,False,False,False
2026-01-28 08:27:10,22.4,56.1,27.0,17.5,4.0,27.0,72,64,136,302,69,371,False,False,False,False,False,False
2026-01-28 08:27:12,22.4,56.0,27.3,17.5,3.9,27.3,71,64,136,302,69,371,False,False,False,False,False,False
2026-01-28 08:27:14,22.4,56.1,27.0,17.5,4.0,27.0,70,65,136,302,69,371,False,False,False,False,False,False
2026-01-28 08:27:16,22.4,56.1,26.7,17.3,4.0,26.7,69,66,136,302,69,371,False,False,False,False,False,False
2026-01-28 08:27:18,22.4,56.1,26.7,17.7,4.3,26.7,68,67,136,302,69,371,False,False,False,False,False,False
2026-01-28 08:27:20,22.4,56.0,26.7,17.5,4.1,26.7,68,68,136,302,69,371,False,False,False,False,False,False
2026-01-28 08:27:22,22.4,56.1,26.7,17.4,4.0,26.7,67,68,136,302,69,371,False,False,False,False,False,False
2026-01-28 08:27:24,22.4,56.1,26.8,17.7,4.3,26.8,66,69,136,302,69,371,False,False,False,False,False,False
2026-01-28 08:27:26,22.4,56.0,26.5,17.2,3.9,26.5,65,70,136,302,69,371,False,False,False,False,False,False
2026-01-28 08:27:28,22.4,56.1,26.7,17.9,4.6,26.7,64,71,136,302,69,371,False,False,False,False,False,False
2026-01-28 08:27:30,22.4,56.1,26.4,17.2,4.0,26.4,64,72,136,302,69,371,False,False,False,False,False,False
2026-01-28 08:27:32,22.4,56.1,26.2,17.1,4.0,26.2,63,73,136,302,69,371,False,False,False,False,False,False
2026-01-28 08:27:34,22.4,56.1,26.9,18.3,4.9,26.9,62,73,136,302,69,371,False,False,False,False,False,False
2026-01-28 08:27:36,22.4,56.1,26.5,17.4,4.2,26.5,61,74,136,302,69,371,False,False,False,False,False,False
2026-01-28 08:27:38,22.4,56.1,26.3,17.2,4.0,26.3,60,75,136,302,69,371,False,False,False,False,False,False
2026-01-28 08:27:40,22.4,56.1,26.4,17.2,4.0,26.4,60,76,136,302,69,371,False,False,False,False,False,False
2026-01-28 08:27:42,22.4,56.1,26.3,17.3,4.1,26.3,59,77,136,302,69,371,False,False,False,False,False,False
2026-01-28 08:27:44,22.4,56.1,26.6,17.4,4.1,26.6,58,77,136,302,69,371,False,False,False,False,False,False
2026-01-28 08:27:46,22.4,56.1,26.3,17.2,4.1,26.3,57,78,136,302,69,371,False,False,False,False,False,False
2026-01-28 08:27:48,22.4,56.1,26.2,17.5,4.4,26.2,56,79,136,302,69,371,False,False,False,False,False,False
2026-01-28 08:27:50,22.4,56.1,26.4,17.4,4.2,26.4,56,80,136,302,69,371,False,False,False,False,False,False
2026-01-28 08:27:52,22.4,56.1,26.8,17.5,4.1,26.8,55,81,136,302,69,371,False,False,False,False,False,False
2026-01-28 08:27:54,22.4,56.1,26.6,17.4,4.1,26.6,54,81,136,302,69,371,False,False,False,False,False,False
2026-01-28 08:27:56,22.4,56.1,26.3,17.1,3.9,26.3,94,41,136,302,69,371,False,False,False,False,False,False
2026-01-28 08:27:58,22.4,56.1,27.7,18.1,4.2,27.7,76,59,136,302,69,371,False,False,False,False,False,False
2026-01-28 08:28:00,22.4,56.2,27.5,17.7,4.0,27.5,75,60,136,302,69,371,False,False,False,False,False,False
2026-01-28 08:28:02,22.4,56.2,27.6,17.8,4.0,27.6,75,61,136,302,69,371,False,False,False,False,False,False
2026-01-28 08:28:04,22.4,56.1,26.6,17.9,4.6,26.6,74,62,136,302,69,371,False,False,False,False,False,False
2026-01-28 08:28:06,22.4,56.1,27.2,17.9,4.3,27.2,73,62,136,302,69,371,False,False,False,False,False,False
2026-01-28 08:28:08,22.4,56.1,27.1,17.3,3.7,27.1,72,63,136,302,69,371,False,False,False,False,False,False
2026-01-28 08:28:10,22.4,56.1,27.1,17.5,4.0,27.1,71,64,136,302,69,371,False,False,False,False,False,False
2026-01-28 08:28:12,22.4,56.1,27.2,17.5,3.9,27.2,71,65,136,302,69,371,False,False,False,False,False,False
2026-01-28 08:28:14,22.4,56.2,27.6,18.0,4.1,27.6,70,66,136,302,69,371,False,False,False,False,False,False
2026-01-28 08:28:16,22.4,56.1,26.9,17.5,4.0,26.9,69,66,136,302,69,371,False,False,False,False,False,False
2026-01-28 08:28:18,22.4,56.2,27.2,18.5,4.8,27.2,68,67,136,302,69,371,False,False,False,False,False,False
2026-01-28 08:28:20,22.4,56.2,26.8,17.6,4.1,26.8,67,68,136,302,69,371,False,False,False,False,False,False
2026-01-28 08:28:22,22.4,56.1,26.9,17.2,3.7,26.9,67,69,136,302,69,371,False,False,False,False,False,False
2026-01-28 08:28:24,22.4,56.2,26.7,17.8,4.4,26.7,66,70,136,302,69,371,False,False,False,False,False,False
2026-01-28 08:28:26,22.4,56.2,26.7,17.4,4.0,26.7,65,71,136,302,69,371,False,False,False,False,False,False
2026-01-28 08:28:28,22.4,56.2,26.8,18.3,4.9,26.8,64,71,136,302,69,371,False,False,False,False,False,False
2026-01-28 08:28:30,22.4,56.1,26.6,17.2,3.9,26.6,63,72,136,302,69,371,False,False,False,False,False,False
2026-01-28 08:28:32,22.4,56.1,26.9,18.1,4.6,26.9,62,73,136,302,69,371,False,False,False,False,False,False
2026-01-28 08:28:34,22.3,56.2,27.4,19.2,5.5,27.4,62,74,136,302,69,371,False,True,False,False,False,False
2026-01-28 08:28:36,22.3,56.2,32.0,23.6,7.6,32.0,61,75,136,302,69,371,False,False,False,False,False,False
2026-01-28 08:28:38,22.3,56.2,26.6,18.0,4.6,26.6,58,77,136,302,69,371,False,False,False,False,False,False
2026-01-28 08:28:40,22.3,56.2,26.8,18.0,4.6,26.8,57,78,136,302,69,371,False,False,False,False,False,False
2026-01-28 08:28:42,22.3,56.2,27.2,18.6,5.0,27.2,57,79,136,302,69,371,False,False,False,False,False,False
2026-01-28 08:28:44,22.3,56.2,26.8,18.4,5.0,26.8,56,80,136,302,69,371,False,False,False,False,False,False
2026-01-28 08:28:46,22.3,56.2,26.7,17.9,4.6,26.7,55,81,136,302,69,371,False,False,False,False,False,False
2026-01-28 08:28:48,22.3,56.2,26.9,19.2,5.7,26.9,54,81,136,302,69,371,False,False,False,False,False,False
2026-01-28 08:28:50,22.3,56.1,27.3,18.4,4.8,27.3,53,82,136,302,69,371,False,False,False,False,False,False
2026-01-28 08:28:52,22.3,56.2,27.0,18.0,4.5,27.0,52,83,136,302,69,371,False,False,False,False,False,False
2026-01-28 08:28:54,22.3,56.2,26.5,17.8,4.5,26.5,93,43,136,302,69,371,False,False,False,False,False,False
2026-01-28 08:28:56,22.3,56.3,26.3,17.5,4.4,26.3,78,58,136,302,69,371,False,False,False,False,False,False
2026-01-28 08:28:58,22.3,56.2,28.1,18.7,4.7,28.1,73,62,136,302,69,371,False,False,False,False,False,False
2026-01-28 08:29:00,22.3,56.3,28.0,18.7,4.7,28.0,72,63,136,302,69,371,False,False,False,False,False,False
2026-01-28 08:29:02,22.3,56.3,27.5,18.1,4.4,27.5,72,64,136,302,69,371,False,False,False,False,False,False
2026-01-28 08:29:04,22.3,56.3,27.7,19.1,5.2,27.7,71,65,136,302,69,371,False,False,False,False,False,False
2026-01-28 08:29:06,22.3,56.3,29.7,20.5,5.6,29.7,70,65,136,302,69,371,False,False,False,False,False,False
2026-01-28 08:29:08,22.3,56.3,26.9,17.3,3.8,26.9,69,66,136,302,69,371,False,False,False,False,False,False
2026-01-28 08:29:10,22.3,56.3,27.0,17.3,3.8,27.0,68,67,136,302,69,371,False,False,False,False,False,False
2026-01-28 08:29:12,22.3,56.3,26.6,16.9,3.6,26.6,68,68,136,302,69,371,False,False,False,False,False,False
2026-01-28 08:29:14,22.3,56.3,26.7,17.5,4.1,26.7,67,68,136,302,69,371,False,False,False,False,False,False
2026-01-28 08:29:16,22.3,56.2,26.6,17.3,4.0,26.6,66,69,136,302,69,371,False,False,False,False,False,False
2026-01-28 08:29:18,22.3,56.3,27.0,18.4,4.8,27.0,66,70,136,302,69,371,False,False,False,False,False,False
2026-01-28 08:29:20,22.3,56.3,26.8,17.4,4.0,26.8,65,70,136,302,69,371,False,False,False,False,False,False
2026-01-28 08:29:22,22.3,56.3,26.4,17.2,4.0,26.4,64,71,136,302,69,371,False,False,False,False,False,False
2026-01-28 08:29:24,22.3,56.3,26.5,17.5,4.3,26.5,64,72,136,302,69,371,False,False,False,False,False,False
2026-01-28 08:29:26,22.3,56.4,26.5,17.1,3.9,26.5,63,72,136,302,69,371,False,False,False,False,False,False
2026-01-28 08:29:28,22.3,56.3,26.7,18.3,4.9,26.7,62,73,136,302,69,371,False,False,False,False,False,False
2026-01-28 08:29:30,22.3,56.3,26.6,16.9,3.6,26.6,62,74,136,302,69,371,False,False,False,False,False,False
2026-01-28 08:29:32,22.3,56.3,26.3,17.0,3.9,26.3,61,75,136,302,69,371,False,False,False,False,False,False
2026-01-28 08:29:34,22.3,56.3,26.7,17.9,4.5,26.7,60,75,136,302,69,371,False,False,False,False,False,False
2026-01-28 08:29:36,22.3,56.4,26.3,17.1,4.0,26.3,59,76,136,302,69,371,False,False,False,False,False,False
2026-01-28 08:29:38,22.3,56.3,26.3,17.0,3.8,26.3,59,77,136,302,69,371,False,False,False,False,False,False
2026-01-28 08:29:40,22.3,56.3,26.6,17.4,4.1,26.6,58,77,136,302,69,371,False,False,False,False,False,False
2026-01-28 08:29:42,22.3,56.4,26.3,17.1,3.9,26.3,57,78,136,302,69,371,False,False,False,False,False,False
2026-01-28 08:29:44,22.3,56.4,26.7,18.0,4.7,26.7,56,79,136,302,69,371,False,False,False,False,False,False
2026-01-28 08:29:46,22.3,56.4,26.5,17.3,4.1,26.5,56,80,136,302,69,371,False,False,False,False,False,False
2026-01-28 08:29:48,22.3,56.3,26.8,18.1,4.7,26.8,55,81,136,302,69,371,False,False,False,False,False,False
2026-01-28 08:29:50,22.3,56.4,26.7,17.3,3.9,26.7,54,81,136,302,69,371,False,False,False,False,False,False
2026-01-28 08:29:52,22.3,56.4,26.3,17.5,4.3,26.3,94,41,136,302,69,371,False,False,False,False,False,False
2026-01-28 08:29:54,22.3,56.3,27.7,18.1,4.3,27.7,76,59,136,302,69,371,False,False,False,False,False,False
2026-01-28 08:29:56,22.3,56.3,27.6,17.7,3.9,27.6,75,60,136,302,69,371,False,False,False,False,False,False
2026-01-28 08:29:58,22.3,56.4,27.7,17.8,3.9,27.7,75,61,136,302,69,371,False,False,False,False,False,False
2026-01-28 08:30:00,22.3,56.4,27.3,17.5,3.8,27.3,74,62,136,302,69,371,False,False,False,False,False,False
2026-01-28 08:30:02,22.3,56.3,27.3,17.7,4.1,27.3,73,62,136,302,69,371,False,False,False,False,False,False
2026-01-28 08:30:04,22.3,56.4,26.6,17.9,4.7,26.6,72,63,136,302,69,371,False,False,False,False,False,False
2026-01-28 08:30:06,22.3,56.3,27.1,17.7,4.2,27.1,71,64,136,302,69,371,False,False,False,False,False,False
2026-01-28 08:30:08,22.3,56.3,28.0,18.1,4.1,28.0,71,65,136,302,69,371,False,False,False,False,False,False
2026-01-28 08:30:10,22.3,56.3,26.9,17.7,4.3,26.9,70,66,136,302,69,371,False,False,False,False,False,False
2026-01-28 08:30:12,22.3,56.3,26.9,17.5,4.1,26.9,69,66,136,302,69,371,False,False,False,False,False,False
2026-01-28 08:30:14,22.3,56.3,26.9,17.7,4.2,26.9,68,67,136,302,69,371,False,False,False,False,False,False
2026-01-28 08:30:16,22.3,56.3,26.8,17.4,4.0,26.8,67,68,136,302,69,371,False,False,False,False,False,False
2026-01-28 08:30:18,22.3,56.3,27.2,18.6,5.0,27.2,67,69,136,302,69,371,False,False,False,False,False,False
2026-01-28 08:30:20,22.3,56.3,26.5,17.3,4.1,26.5,65,70,136,305,66,371,False,False,False,False,False,False
2026-01-28 08:30:22,22.3,56.3,26.5,17.4,4.2,26.5,64,71,136,302,69,371,False,False,False,False,False,False
2026-01-28 08:30:24,22.3,56.3,26.6,17.3,4.0,26.6,64,72,136,302,69,371,False,False,False,False,False,False
2026-01-28 08:30:26,22.3,56.3,26.5,17.0,3.8,26.5,63,73,136,302,69,371,False,False,False,False,False,False
2026-01-28 08:30:28,22.3,56.3,27.0,18.4,4.9,27.0,62,73,136,302,69,371,False,False,False,False,False,False
2026-01-28 08:30:30,22.3,56.4,26.5,17.4,4.1,26.5,61,74,136,302,69,371,False,False,False,False,False,False
2026-01-28 08:30:32,22.3,56.3,26.5,17.4,4.1,26.5,60,75,136,302,69,371,False,False,False,False,False,False
2026-01-28 08:30:34,22.3,56.4,26.8,18.2,4.8,26.8,60,76,136,302,69,371,False,False,False,False,False,False
2026-01-28 08:30:36,22.3,56.4,26.5,17.5,4.3,26.5,59,77,136,302,69,371,False,False,False,False,False,False
2026-01-28 08:30:38,22.3,56.3,26.5,17.3,4.0,26.5,58,77,136,302,69,371,False,False,False,False,False,False
2026-01-28 08:30:40,22.3,56.3,26.4,17.5,4.3,26.4,57,78,136,302,69,371,False,False,False,False,False,False
2026-01-28 08:30:42,22.3,56.4,26.6,17.2,3.9,26.6,56,79,136,302,69,371,False,False,False,False,False,False
2026-01-28 08:30:44,22.3,56.4,26.6,17.3,4.0,26.6,56,80,136,302,69,371,False,False,False,False,False,False
2026-01-28 08:30:46,22.3,56.4,27.2,17.3,3.7,27.2,55,81,136,302,69,371,False,False,False,False,False,False
2026-01-28 08:30:48,22.3,56.4,26.6,17.9,4.6,26.6,54,81,136,302,69,371,False,False,False,False,False,False
2026-01-28 08:30:50,22.3,56.4,26.3,17.1,4.0,26.3,94,41,136,302,69,371,False,False,False,False,False,False
2026-01-28 08:30:52,22.3,56.4,27.6,17.8,4.0,27.6,76,59,136,302,69,371,False,False,False,False,False,False
2026-01-28 08:30:54,22.3,56.5,27.6,17.9,4.1,27.6,75,60,136,302,69,371,False,False,False,False,False,False
2026-01-28 08:30:56,22.3,56.6,27.7,17.7,3.9,27.7,75,61,136,302,69,371,False,False,False,False,False,False
2026-01-28 08:30:58,22.3,56.6,27.4,17.7,4.0,27.4,74,62,136,302,69,371,False,False,False,False,False,False
2026-01-28 08:31:00,22.3,56.6,27.3,17.7,4.0,27.3,73,62,136,302,69,371,False,False,False,False,False,False
2026-01-28 08:31:02,22.3,56.6,27.2,17.7,4.1,27.2,72,63,136,302,69,371,False,False,False,False,False,False
2026-01-28 08:31:04,22.3,56.5,26.6,17.8,4.5,26.6,71,64,136,302,69,371,False,False,False,False,False,False
2026-01-28 08:31:06,22.3,56.5,27.3,17.8,4.1,27.3,71,65,136,302,69,371,False,False,False,False,False,False
2026-01-28 08:31:08,22.3,56.7,27.0,17.3,3.8,27.0,70,66,136,302,69,371,False,False,False,False,False,False
2026-01-28 08:31:10,22.3,56.7,26.8,17.3,3.9,26.8,69,66,136,302,69,371,False,False,False,False,False,False
2026-01-28 08:31:12,22.3,56.7,26.9,17.3,3.8,26.9,68,67,136,302,69,371,False,False,False,False,False,False
2026-01-28 08:31:14,22.3,56.6,26.8,17.5,4.1,26.8,67,68,136,302,69,371,False,False,False,False,False,False
2026-01-28 08:31:16,22.3,56.5,30.0,19.1,4.1,30.0,67,69,136,302,69,371,False,False,False,False,False,False
2026-01-28 08:31:18,22.3,56.6,26.6,18.3,4.9,26.6,65,70,136,302,69,371,False,False,False,False,False,False
2026-01-28 08:31:20,22.3,56.6,26.6,17.3,4.0,26.6,65,71,136,302,69,371,False,False,False,False,False,False
2026-01-28 08:31:22,22.3,56.6,26.7,17.5,4.2,26.7,64,71,136,302,69,371,False,False,False,False,False,False
2026-01-28 08:31:24,22.3,56.6,26.6,17.7,4.4,26.6,63,72,136,302,69,371,False,False,False,False,False,False
2026-01-28 08:31:26,22.3,56.6,26.7,17.5,4.2,26.7,62,73,136,302,69,371,False,False,False,False,False,False
2026-01-28 08:31:28,22.3,56.6,26.7,18.0,4.6,26.7,62,74,136,302,69,371,False,False,False,False,False,False
2026-01-28 08:31:30,22.4,56.5,26.5,17.3,4.1,26.5,61,75,136,302,69,371,False,True,False,False,False,False
2026-01-28 08:31:32,22.3,56.5,31.9,22.7,6.7,31.9,60,75,136,302,69,371,False,False,False,False,False,False
2026-01-28 08:31:34,22.4,56.5,27.3,18.8,5.1,27.3,57,78,136,302,69,371,False,False,False,False,False,False
2026-01-28 08:31:36,22.4,56.4,27.2,18.3,4.7,27.2,57,79,136,302,69,371,False,False,False,False,False,False
2026-01-28 08:31:38,22.4,56.5,26.7,17.9,4.5,26.7,56,80,136,302,69,371,False,False,False,False,False,False
2026-01-28 08:31:40,22.4,56.6,26.7,17.9,4.5,26.7,55,81,136,302,69,371,False,False,False,False,False,False
2026-01-28 08:31:42,22.4,56.8,26.8,18.0,4.6,26.8,54,81,136,302,69,371,False,False,False,False,False,False
2026-01-28 08:31:44,22.4,56.8,27.4,18.1,4.4,27.4,53,82,136,302,69,371,False,False,False,False,False,False
2026-01-28 08:31:46,22.4,56.8,27.0,18.0,4.5,27.0,52,83,136,302,69,371,False,False,False,False,False,False
2026-01-28 08:31:48,22.4,56.8,26.7,18.7,5.3,26.7,92,43,136,302,69,371,False,False,False,False,False,False
2026-01-28 08:31:50,22.4,56.7,26.6,17.9,4.6,26.6,78,58,136,302,69,371,False,False,False,False,False,False
2026-01-28 08:31:52,22.4,56.6,27.5,18.2,4.5,27.5,74,62,136,302,69,371,False,False,False,False,False,False
2026-01-28 08:31:54,22.4,56.6,27.9,18.3,4.3,27.9,73,63,136,302,69,371,False,False,False,False,False,False
2026-01-28 08:31:56,22.4,56.5,27.6,18.2,4.5,27.6,72,63,136,302,69,371,False,False,False,False,False,False
2026-01-28 08:31:58,22.4,56.4,27.5,18.3,4.6,27.5,71,64,136,302,69,371,False,False,False,False,False,False
2026-01-28 08:32:00,22.4,56.5,27.3,18.3,4.7,27.3,70,65,136,302,69,371,False,False,False,False,False,False
2026-01-28 08:32:02,22.4,56.3,29.7,20.5,5.7,29.7,70,66,136,302,69,371,False,False,False,False,False,False
2026-01-28 08:32:04,22.4,56.6,27.5,18.4,4.7,27.5,69,67,136,302,69,371,False,False,False,False,False,False
2026-01-28 08:32:06,22.4,56.8,26.7,17.3,4.0,26.7,68,67,136,302,69,371,False,False,False,False,False,False
2026-01-28 08:32:08,22.4,57.5,26.5,17.3,4.0,26.5,67,68,136,302,69,371,False,False,False,False,False,False
2026-01-28 08:32:10,22.4,58.0,26.6,17.3,4.0,26.6,67,69,136,302,69,371,False,False,False,False,False,False
2026-01-28 08:32:12,22.5,58.7,26.5,17.2,4.0,26.5,66,69,136,302,69,371,False,False,False,False,False,False
2026-01-28 08:32:14,22.4,58.7,26.8,18.1,4.7,26.8,65,70,136,302,69,371,False,False,False,False,False,False
2026-01-28 08:32:16,22.4,58.4,26.5,17.2,4.0,26.5,65,71,136,302,69,371,False,False,False,False,False,False
2026-01-28 08:32:18,22.4,58.2,26.6,18.4,5.1,26.6,64,71,136,302,69,371,False,False,False,False,False,False
2026-01-28 08:32:20,22.4,58.0,26.5,17.2,4.0,26.5,63,72,136,302,69,371,False,False,False,False,False,False
2026-01-28 08:32:22,22.6,64.6,26.3,17.3,4.1,26.3,63,73,136,302,69,371,False,False,False,False,True,False
2026-01-28 08:32:24,22.6,71.6,31.8,22.7,6.8,31.8,62,74,136,302,69,371,False,False,False,False,False,False
2026-01-28 08:32:26,22.6,75.5,27.1,18.1,4.5,27.1,60,76,136,302,69,371,False,False,False,False,False,False
2026-01-28 08:32:28,22.6,75.5,26.9,18.8,5.4,26.9,59,76,136,302,69,371,False,False,False,False,False,False
2026-01-28 08:32:30,22.6,74.0,26.7,17.9,4.6,26.7,58,77,136,302,69,371,False,False,False,False,False,False
2026-01-28 08:32:32,22.6,71.8,26.8,17.8,4.4,26.8,57,78,136,302,69,371,False,False,False,False,False,False
2026-01-28 08:32:34,22.6,69.7,27.4,19.0,5.3,27.4,57,79,136,302,69,371,False,False,False,False,False,False
2026-01-28 08:32:36,22.6,68.2,27.0,18.2,4.7,27.0,56,80,136,302,69,371,False,False,False,False,False,False
2026-01-28 08:32:38,22.6,66.8,26.8,18.6,5.2,26.8,55,81,136,302,69,371,False,False,False,False,False,False
2026-01-28 08:32:40,22.6,65.4,26.6,18.0,4.7,26.6,54,81,136,302,69,371,False,False,False,False,False,False
2026-01-28 08:32:42,22.6,64.0,27.1,18.2,4.7,27.1,53,82,136,302,69,371,False,False,False,False,False,False
2026-01-28 08:32:44,22.6,62.8,26.9,18.1,4.7,26.9,52,83,136,302,69,371,False,False,False,False,False,False
2026-01-28 08:32:46,22.6,61.9,26.6,17.9,4.6,26.6,93,43,136,302,69,371,False,False,False,False,False,False
2026-01-28 08:32:48,22.6,61.0,26.3,18.0,4.8,26.3,78,58,136,302,69,371,False,False,False,False,False,False
2026-01-28 08:32:50,22.6,60.4,28.1,18.8,4.8,28.1,74,61,136,302,69,371,False,False,False,False,False,False
2026-01-28 08:32:52,22.6,59.7,27.9,18.5,4.5,27.9,73,62,136,302,69,371,False,False,False,False,False,False
2026-01-28 08:32:54,22.6,59.1,29.8,20.3,5.4,29.8,71,64,136,302,69,371,False,False,False,False,False,False
2026-01-28 08:32:56,22.6,58.6,26.8,17.3,3.9,26.8,70,65,136,302,69,371,False,False,False,False,False,False
2026-01-28 08:32:58,22.6,58.3,26.7,17.2,3.9,26.7,70,66,136,302,69,371,False,False,False,False,False,False
2026-01-28 08:33:00,22.6,57.9,26.7,17.3,3.9,26.7,69,66,136,302,69,371,False,False,False,False,False,False
2026-01-28 08:33:02,22.6,57.7,26.8,17.4,3.9,26.8,68,67,136,302,69,371,False,False,False,False,False,False
2026-01-28 08:33:04,22.6,57.5,26.5,18.0,4.8,26.5,68,68,136,302,69,371,False,False,False,False,False,False
2026-01-28 08:33:06,22.7,57.3,26.5,17.0,3.7,26.5,67,69,136,302,69,371,False,False,False,False,False,False
2026-01-28 08:33:08,22.6,57.1,26.4,17.1,3.9,26.4,66,69,136,302,69,371,False,False,False,False,False,False
2026-01-28 08:33:10,22.6,57.0,26.5,17.2,4.0,26.5,66,70,136,302,69,371,False,False,False,False,False,False
2026-01-28 08:33:12,22.6,56.8,26.6,17.2,3.9,26.6,65,71,136,302,69,371,False,False,False,False,False,False
2026-01-28 08:33:14,22.6,56.7,26.4,17.2,3.9,26.4,64,71,136,302,69,371,False,False,False,False,False,False
2026-01-28 08:33:16,22.6,56.7,26.4,17.0,3.8,26.4,63,72,136,302,69,371,False,False,False,False,False,False
2026-01-28 08:33:18,22.6,56.5,26.5,17.9,4.6,26.5,63,72,136,302,69,371,False,False,False,False,False,False
2026-01-28 08:33:20,22.6,56.5,26.4,17.2,4.0,26.4,62,73,136,302,69,371,False,False,False,False,False,False
2026-01-28 08:33:22,22.6,56.4,26.5,17.2,4.0,26.5,61,74,136,302,69,371,False,False,False,False,False,False
2026-01-28 08:33:24,22.6,56.4,26.2,17.0,4.0,26.2,61,75,136,302,69,371,False,False,False,False,False,False
2026-01-28 08:33:26,22.6,56.5,26.3,17.0,3.9,26.3,60,75,136,302,69,371,False,False,False,False,False,False
2026-01-28 08:33:28,22.6,56.7,26.5,17.9,4.7,26.5,59,76,136,302,69,371,False,False,False,False,False,False
2026-01-28 08:33:30,22.6,56.9,26.2,17.1,4.0,26.2,58,77,136,302,69,371,False,False,False,False,False,False
2026-01-28 08:33:32,22.6,56.8,26.4,17.0,3.8,26.4,58,78,136,302,69,371,False,False,False,False,False,False
2026-01-28 08:33:34,22.6,56.8,26.7,18.1,4.7,26.7,57,79,136,302,69,371,False,False,False,False,False,False
2026-01-28 08:33:36,22.6,56.7,26.5,17.2,4.0,26.5,56,79,136,302,69,371,False,False,False,False,False,False
2026-01-28 08:33:38,22.6,56.6,26.4,17.3,4.1,26.4,55,80,136,302,69,371,False,False,False,False,False,False
2026-01-28 08:33:40,22.6,56.6,26.6,17.1,3.7,26.6,54,81,136,302,69,371,False,False,False,False,False,False
2026-01-28 08:33:42,22.6,56.5,26.0,16.7,3.7,26.0,94,41,136,302,69,371,False,False,False,False,False,False
2026-01-28 08:33:44,22.6,56.4,27.5,17.7,4.0,27.5,76,59,136,302,69,371,False,False,False,False,False,False
2026-01-28 08:33:46,22.6,56.3,27.3,17.4,3.8,27.3,75,60,136,302,69,371,False,False,False,False,False,False
2026-01-28 08:33:48,22.6,56.2,27.4,18.1,4.4,27.4,75,61,136,302,69,371,False,False,False,False,False,False
2026-01-28 08:33:50,22.6,56.2,27.5,17.8,4.0,27.5,74,62,136,302,69,371,False,False,False,False,False,False
2026-01-28 08:33:52,22.6,56.2,27.0,17.3,3.8,27.0,73,62,136,302,69,371,False,False,False,False,False,False
2026-01-28 08:33:54,22.6,56.1,27.0,17.4,3.9,27.0,72,63,136,302,69,371,False,False,False,False,False,False
2026-01-28 08:33:56,22.6,56.2,26.8,17.5,4.1,26.8,71,64,136,302,69,371,False,False,False,False,False,False
2026-01-28 08:33:58,22.6,56.1,27.7,18.0,4.2,27.7,71,65,136,302,69,371,False,False,False,False,False,False
2026-01-28 08:34:00,22.6,56.1,27.0,17.6,4.0,27.0,70,66,136,302,69,371,False,False,False,False,False,False
2026-01-28 08:34:02,22.6,56.1,26.7,17.3,3.9,26.7,69,66,136,302,69,371,False,False,False,False,False,False
2026-01-28 08:34:04,22.6,56.1,26.1,17.6,4.5,26.1,68,67,136,302,69,371,False,False,False,False,False,False
2026-01-28 08:34:06,22.6,56.2,26.6,17.2,3.9,26.6,67,68,136,302,69,371,False,False,False,False,False,False
2026-01-28 08:34:08,22.6,56.2,26.7,17.4,4.1,26.7,67,69,136,302,69,371,False,False,False,False,False,False
2026-01-28 08:34:10,22.6,56.2,26.7,17.2,3.9,26.7,66,70,136,302,69,371,False,False,False,False,False,False
2026-01-28 08:34:12,22.6,56.3,26.4,17.1,3.9,26.4,65,71,136,302,69,371,False,False,False,False,False,False
2026-01-28 08:34:14,22.6,56.2,26.4,17.2,4.0,26.4,64,71,136,302,69,371,False,False,False,False,False,False
2026-01-28 08:34:16,22.6,56.3,26.9,17.5,4.0,26.9,63,72,136,302,69,371,False,False,False,False,False,False
2026-01-28 08:34:18,22.6,56.2,26.5,18.2,4.9,26.5,63,73,136,302,69,371,False,False,False,False,False,False
2026-01-28 08:34:20,22.6,56.2,27.8,17.9,3.9,27.8,62,74,136,302,69,371,False,False,False,False,False,False
2026-01-28 08:34:22,22.6,56.1,26.7,17.5,4.1,26.7,61,75,136,302,69,371,False,False,False,False,False,False
2026-01-28 08:34:24,22.6,56.1,25.9,17.0,4.0,25.9,60,76,136,302,69,371,False,False,False,False,False,False
2026-01-28 08:34:26,22.6,56.1,26.3,17.1,3.9,26.3,59,76,136,302,69,371,False,False,False,False,False,False
2026-01-28 08:34:28,22.6,56.1,26.6,18.0,4.6,26.6,58,77,136,302,69,371,False,False,False,False,False,False
2026-01-28 08:34:30,22.6,56.1,26.4,17.2,4.0,26.4,58,78,136,302,69,371,False,False,False,False,False,False
2026-01-28 08:34:32,22.6,56.1,26.5,17.1,3.9,26.5,57,79,136,302,69,371,False,False,False,False,False,False
2026-01-28 08:34:34,22.6,56.0,26.8,17.9,4.5,26.8,56,79,136,302,69,371,False,False,False,False,False,False
2026-01-28 08:34:36,22.6,56.0,26.6,17.3,4.0,26.6,55,80,136,302,69,371,False,False,False,False,False,False
2026-01-28 08:34:38,22.7,56.1,26.8,17.3,3.9,26.8,54,81,136,302,69,371,False,True,False,False,False,False
2026-01-28 08:34:40,22.6,56.2,31.2,22.2,6.6,31.2,94,41,136,302,69,371,False,False,False,False,False,False
2026-01-28 08:34:42,22.6,56.3,26.2,17.7,4.6,26.2,78,58,136,302,69,371,False,False,False,False,False,False
2026-01-28 08:34:44,22.7,56.3,27.7,18.8,4.9,27.7,74,62,136,302,69,371,False,False,False,False,False,False
2026-01-28 08:34:46,22.6,56.3,27.6,18.3,4.5,27.6,73,63,136,302,69,371,False,False,False,False,False,False
2026-01-28 08:34:48,22.6,56.2,27.9,18.8,4.8,27.9,72,64,136,302,69,371,False,False,False,False,False,False
2026-01-28 08:34:50,22.6,56.1,27.8,18.8,4.9,27.8,71,64,136,302,69,371,False,False,False,False,False,False
2026-01-28 08:34:52,22.6,56.0,27.4,18.3,4.6,27.4,70,65,136,302,69,371,False,False,False,False,False,False
2026-01-28 08:34:54,22.6,56.0,27.2,17.9,4.3,27.2,70,66,136,302,69,371,False,False,False,False,False,False
2026-01-28 08:34:56,22.6,56.0,27.1,18.0,4.4,27.1,69,67,136,302,69,371,False,False,False,False,False,False
2026-01-28 08:34:58,22.6,56.0,27.4,18.0,4.3,27.4,68,68,136,302,69,371,False,False,False,False,False,False
2026-01-28 08:35:00,22.6,56.0,27.0,18.0,4.4,27.0,67,68,136,302,69,371,False,False,False,False,False,False
2026-01-28 08:35:02,22.6,56.0,26.9,17.6,4.1,26.9,66,69,136,302,69,371,False,False,False,False,False,False
2026-01-28 08:35:04,22.7,56.0,26.9,18.4,5.0,26.9,65,70,136,302,69,371,False,False,False,False,False,False
2026-01-28 08:35:06,22.6,55.9,27.3,18.1,4.5,27.3,65,71,136,302,69,371,False,False,False,False,False,False
2026-01-28 08:35:08,22.6,55.9,27.2,18.1,4.5,27.2,64,72,136,302,69,371,False,False,False,False,False,False
2026-01-28 08:35:10,22.6,55.9,28.9,19.7,5.2,28.9,63,72,136,302,69,371,False,False,False,False,False,False
2026-01-28 08:35:12,22.6,55.9,26.1,17.0,3.9,26.1,62,73,136,302,69,371,False,False,False,False,False,False
2026-01-28 08:35:14,22.6,55.8,26.3,17.0,3.8,26.3,62,74,136,302,69,371,False,False,False,False,False,False
2026-01-28 08:35:16,22.6,55.9,26.3,17.3,4.1,26.3,61,75,136,302,69,371,False,False,False,False,False,False
2026-01-28 08:35:18,22.6,55.8,26.6,18.1,4.8,26.6,60,75,136,302,69,371,False,False,False,False,False,False
2026-01-28 08:35:20,22.6,55.9,26.2,17.1,3.9,26.2,59,76,136,302,69,371,False,False,False,False,False,False
2026-01-28 08:35:22,22.6,55.9,26.2,17.0,3.9,26.2,59,77,136,302,69,371,False,False,False,False,False,False
2026-01-28 08:35:24,22.6,55.9,26.2,16.9,3.8,26.2,58,77,136,302,69,371,False,False,False,False,False,False
2026-01-28 08:35:26,22.6,55.9,26.4,17.1,3.8,26.4,57,78,136,302,69,371,False,False,False,False,False,False
2026-01-28 08:35:28,22.6,55.9,26.3,18.0,4.9,26.3,57,79,136,302,69,371,False,False,False,False,False,False
2026-01-28 08:35:30,22.6,55.8,26.3,17.3,4.2,26.3,56,79,136,302,69,371,False,False,False,False,False,False
2026-01-28 08:35:32,22.6,55.8,26.4,17.1,3.9,26.4,55,80,136,302,69,371,False,False,False,False,False,False
2026-01-28 08:35:34,22.6,55.8,26.8,18.1,4.7,26.8,55,81,136,302,69,371,False,False,False,False,False,False
2026-01-28 08:35:36,22.6,55.8,26.9,17.6,4.1,26.9,54,81,136,302,69,371,False,False,False,False,False,False
2026-01-28 08:35:38,22.6,55.8,26.1,17.3,4.2,26.1,94,41,136,302,69,371,False,False,False,False,False,False
2026-01-28 08:35:40,22.6,55.9,27.5,17.8,4.1,27.5,76,59,136,302,69,371,False,False,False,False,False,False
2026-01-28 08:35:42,22.6,55.9,27.3,17.5,3.8,27.3,75,60,136,302,69,371,False,False,False,False,False,False
2026-01-28 08:35:44,22.6,55.9,27.1,17.3,3.8,27.1,75,61,136,302,69,371,False,False,False,False,False,False
2026-01-28 08:35:46,22.6,55.9,27.4,17.5,3.8,27.4,74,62,136,302,69,371,False,False,False,False,False,False
2026-01-28 08:35:48,22.6,55.9,27.2,18.1,4.5,27.2,73,62,136,302,69,371,False,False,False,False,False,False
2026-01-28 08:35:50,22.6,55.9,27.1,17.7,4.2,27.1,72,63,136,302,69,371,False,False,False,False,False,False
2026-01-28 08:35:52,22.6,55.9,27.6,17.8,4.0,27.6,71,64,136,302,69,371,False,False,False,False,False,False
2026-01-28 08:35:54,22.6,55.9,26.8,17.4,4.0,26.8,71,65,136,302,69,371,False,False,False,False,False,False
2026-01-28 08:35:56,22.6,56.0,26.9,17.3,3.9,26.9,69,66,136,302,69,371,False,False,False,False,False,False
2026-01-28 08:35:58,22.6,55.9,26.8,17.5,4.1,26.8,69,66,136,302,69,371,False,False,False,False,False,False
2026-01-28 08:36:00,22.6,56.0,27.0,17.5,4.0,27.0,68,67,136,302,69,371,False,False,False,False,False,False
2026-01-28 08:36:02,22.6,55.9,26.6,17.0,3.7,26.6,67,68,136,302,69,371,False,False,False,False,False,False
2026-01-28 08:36:04,22.6,55.9,26.0,17.6,4.6,26.0,67,69,136,302,69,371,False,False,False,False,False,False
2026-01-28 08:36:06,22.6,55.9,27.2,17.6,4.0,27.2,66,70,136,302,69,371,False,False,False,False,False,False
2026-01-28 08:36:08,22.6,55.9,26.4,17.1,3.9,26.4,65,71,136,302,69,371,False,False,False,False,False,False
2026-01-28 08:36:10,22.6,55.9,26.4,17.1,3.9,26.4,64,71,136,302,69,371,False,False,False,False,False,False
2026-01-28 08:36:12,22.6,56.0,26.2,17.0,3.9,26.2,63,72,136,302,69,371,False,False,False,False,False,False
2026-01-28 08:36:14,22.6,56.0,26.4,17.3,4.1,26.4,62,73,136,302,69,371,False,False,False,False,False,False
2026-01-28 08:36:16,22.6,55.9,26.5,17.2,3.9,26.5,62,74,136,302,69,371,False,False,False,False,False,False
2026-01-28 08:36:18,22.6,56.0,26.5,18.2,4.9,26.5,61,74,136,302,69,371,False,False,False,False,False,False
2026-01-28 08:36:20,22.6,56.0,26.4,17.2,4.0,26.4,60,75,136,302,69,371,False,False,False,False,False,False
2026-01-28 08:36:22,22.6,56.0,26.3,17.1,3.9,26.3,59,76,136,302,69,371,False,False,False,False,False,False
2026-01-28 08:36:24,22.6,55.9,26.5,17.3,4.0,26.5,58,77,136,302,69,371,False,False,False,False,False,False
2026-01-28 08:36:26,22.6,55.9,26.3,17.1,3.9,26.3,58,78,136,302,69,371,False,False,False,False,False,False
2026-01-28 08:36:28,22.6,56.0,26.4,18.3,5.1,26.4,57,79,136,302,69,371,False,False,False,False,False,False
2026-01-28 08:36:30,22.6,56.0,26.5,17.4,4.2,26.5,56,79,136,302,69,371,False,False,False,False,False,False
2026-01-28 08:36:32,22.6,56.0,26.4,17.1,3.9,26.4,55,80,136,302,69,371,False,False,False,False,False,False
2026-01-28 08:36:34,22.6,56.0,26.1,17.8,4.7,26.1,54,81,136,302,69,371,False,False,False,False,False,False
2026-01-28 08:36:36,22.6,55.9,26.2,17.1,4.0,26.2,95,41,136,302,69,371,False,False,False,False,False,False
2026-01-28 08:36:38,22.6,55.9,27.4,18.0,4.3,27.4,76,59,136,302,69,371,False,False,False,False,False,False
2026-01-28 08:36:40,22.6,55.9,27.3,17.6,3.9,27.3,75,60,136,302,69,371,False,False,False,False,False,False
2026-01-28 08:36:42,22.6,55.9,27.2,17.7,4.1,27.2,75,61,136,302,69,371,False,False,False,False,False,False
2026-01-28 08:36:44,22.6,55.9,27.2,17.5,3.9,27.2,74,62,136,302,69,371,False,False,False,False,False,False
2026-01-28 08:36:46,22.6,55.9,26.9,17.4,3.9,26.9,73,63,136,302,69,371,False,False,False,False,False,False
2026-01-28 08:36:48,22.6,55.9,27.1,18.2,4.6,27.1,72,63,136,302,69,371,False,False,False,False,False,False
2026-01-28 08:36:50,22.6,56.1,26.9,17.7,4.2,26.9,71,64,136,302,69,371,False,False,False,False,False,False
2026-01-28 08:36:52,22.6,56.6,26.9,17.4,3.9,26.9,71,65,136,302,69,371,False,False,False,False,True,False
2026-01-28 08:36:54,22.6,56.7,32.6,23.1,6.9,32.6,69,66,136,302,69,371,False,False,False,False,False,False
2026-01-28 08:36:56,22.6,56.7,27.1,17.7,4.2,27.1,67,69,136,302,69,371,False,False,False,False,False,False
2026-01-28 08:36:58,22.6,56.6,27.0,18.3,4.8,27.0,66,70,136,302,69,371,False,False,False,False,False,False
2026-01-28 08:37:00,22.6,56.5,27.0,18.1,4.6,27.0,65,70,136,302,69,371,False,False,False,False,False,False
2026-01-28 08:37:02,22.6,56.4,27.0,18.1,4.6,27.0,64,71,136,302,69,371,False,False,False,False,False,False
2026-01-28 08:37:04,22.6,56.3,27.2,18.8,5.2,27.2,63,72,136,302,69,371,False,False,False,False,False,False
2026-01-28 08:37:06,22.6,56.2,27.3,18.7,5.1,27.3,63,73,136,302,69,371,False,False,False,False,False,False
2026-01-28 08:37:08,22.6,56.1,27.2,18.3,4.8,27.2,62,74,136,302,69,371,False,False,False,False,False,False
2026-01-28 08:37:10,22.6,56.1,26.7,17.4,4.1,26.7,61,74,136,302,69,371,False,False,False,False,False,False
2026-01-28 08:37:12,22.6,56.0,26.7,18.0,4.7,26.7,60,75,136,302,69,371,False,False,False,False,False,False
2026-01-28 08:37:14,22.6,56.0,26.9,17.9,4.4,26.9,59,76,136,302,69,371,False,False,False,False,False,False
2026-01-28 08:37:16,22.6,55.9,26.6,17.8,4.5,26.6,59,77,136,302,69,371,False,False,False,False,False,False
2026-01-28 08:37:18,22.6,55.9,26.9,18.8,5.3,26.9,58,77,136,302,69,371,False,False,False,False,False,False
2026-01-28 08:37:20,22.6,55.9,27.1,18.4,4.9,27.1,57,78,136,302,69,371,False,False,False,False,False,False
2026-01-28 08:37:22,22.6,55.8,27.0,18.1,4.6,27.0,56,79,136,302,69,371,False,False,False,False,False,False
2026-01-28 08:37:24,22.6,55.8,29.0,20.2,5.7,29.0,55,80,136,302,69,371,False,False,False,False,False,False
2026-01-28 08:37:26,22.6,55.9,26.3,16.9,3.8,26.3,54,81,136,302,69,371,False,False,False,False,False,False
2026-01-28 08:37:28,22.6,55.8,26.6,18.2,4.9,26.6,54,82,136,302,69,371,False,False,False,False,False,False
2026-01-28 08:37:30,22.6,55.9,26.4,17.3,4.1,26.4,53,82,136,302,69,371,False,False,False,False,False,False
2026-01-28 08:37:32,22.6,55.9,26.6,17.2,3.9,26.6,52,83,136,302,69,371,False,False,False,False,False,False
2026-01-28 08:37:34,22.6,55.9,26.5,18.5,5.2,26.5,92,43,136,302,69,371,False,False,False,False,False,False
2026-01-28 08:37:36,22.6,55.9,27.6,17.7,4.0,27.6,75,60,136,302,69,371,False,False,False,False,False,False
2026-01-28 08:37:38,22.6,55.9,27.4,17.7,4.0,27.4,74,61,136,302,69,371,False,False,False,False,False,False
2026-01-28 08:37:40,22.6,55.9,27.3,17.9,4.2,27.3,74,62,136,302,69,371,False,False,False,False,False,False
2026-01-28 08:37:42,22.6,55.9,27.5,17.8,4.0,27.5,73,62,136,302,69,371,False,False,False,False,False,False
2026-01-28 08:37:44,22.6,55.9,27.1,17.4,3.9,27.1,72,64,136,302,69,371,False,False,False,False,False,False
2026-01-28 08:37:46,22.6,55.8,27.5,17.7,3.9,27.5,72,64,136,302,69,371,False,False,False,False,False,False
2026-01-28 08:37:48,22.6,55.8,28.0,18.2,4.3,28.0,71,64,136,302,69,371,False,False,False,False,False,False
2026-01-28 08:37:50,22.6,55.8,26.7,17.4,4.1,26.7,70,65,136,302,69,371,False,False,False,False,False,False
2026-01-28 08:37:52,22.6,55.8,27.1,17.5,3.9,27.1,70,66,136,302,69,371,False,False,False,False,False,False
2026-01-28 08:37:54,22.6,55.9,26.9,17.5,4.0,26.9,69,67,136,302,69,371,False,False,False,False,False,False
2026-01-28 08:37:56,22.5,55.8,26.8,17.3,3.9,26.8,68,67,136,302,69,371,False,True,False,False,False,False
2026-01-28 08:37:58,22.6,55.9,32.1,22.9,6.8,32.1,67,68,136,302,69,371,False,False,False,False,False,False
2026-01-28 08:38:00,22.5,55.8,27.1,18.1,4.5,27.1,65,71,136,302,69,371,False,False,False,False,False,False
2026-01-28 08:38:02,22.6,55.9,27.2,18.4,4.8,27.2,64,72,136,302,69,371,False,False,False,False,False,False
2026-01-28 08:38:04,22.5,55.9,26.9,18.8,5.3,26.9,63,72,136,302,69,371,False,False,False,False,False,False
2026-01-28 08:38:06,22.5,55.9,27.2,18.5,4.9,27.2,62,73,136,302,69,371,False,False,False,False,False,False
2026-01-28 08:38:08,22.5,55.9,26.8,18.1,4.7,26.8,61,74,136,302,69,371,False,False,False,False,False,False
2026-01-28 08:38:10,22.5,55.9,27.0,18.0,4.5,27.0,61,75,136,302,69,371,False,False,False,False,False,False
2026-01-28 08:38:12,22.5,56.0,26.9,18.0,4.5,26.9,60,76,136,302,69,371,False,False,False,False,False,False
2026-01-28 08:38:14,22.5,55.9,26.7,17.9,4.6,26.7,59,76,136,302,69,371,False,False,False,False,False,False
2026-01-28 08:38:16,22.5,55.9,26.6,17.6,4.3,26.6,58,77,136,302,69,371,False,False,False,False,False,False
2026-01-28 08:38:18,22.5,56.0,27.0,18.9,5.3,27.0,57,78,136,305,66,371,False,False,False,False,False,False
2026-01-28 08:38:20,22.5,55.9,27.2,18.4,4.8,27.2,57,79,136,302,69,371,False,False,False,False,False,False
2026-01-28 08:38:22,22.5,56.0,26.7,17.7,4.3,26.7,56,80,136,302,69,371,False,False,False,False,False,False
2026-01-28 08:38:24,22.5,56.0,26.6,18.0,4.7,26.6,55,81,136,302,69,371,False,False,False,False,False,False
2026-01-28 08:38:26,22.5,55.9,26.8,17.5,4.1,26.8,54,81,136,302,69,371,False,False,False,False,False,False
2026-01-28 08:38:28,22.5,56.0,29.1,20.9,6.4,29.1,53,82,136,302,69,371,False,False,False,False,False,False
2026-01-28 08:38:30,22.5,56.0,26.5,17.2,4.0,26.5,52,83,136,302,69,371,False,False,False,False,False,False
2026-01-28 08:38:32,22.5,56.0,26.1,17.1,4.0,26.1,93,43,136,302,69,371,False,False,False,False,False,False
2026-01-28 08:38:34,22.5,56.1,27.5,18.4,4.7,27.5,75,61,136,302,69,371,False,False,False,False,False,False
2026-01-28 08:38:36,22.5,56.1,27.3,17.6,3.9,27.3,74,61,136,302,69,371,False,False,False,False,False,False
2026-01-28 08:38:38,22.5,56.1,27.1,17.4,3.9,27.1,73,62,136,302,69,371,False,False,False,False,False,False
2026-01-28 08:38:40,22.5,56.1,27.3,17.5,3.9,27.3,73,63,136,302,69,371,False,False,False,False,False,False
2026-01-28 08:38:42,22.5,56.1,27.0,17.5,4.0,27.0,72,64,136,302,69,371,False,False,False,False,False,False
2026-01-28 08:38:44,22.5,56.1,27.0,17.7,4.1,27.0,71,64,136,302,69,371,False,False,False,False,False,False
2026-01-28 08:38:46,22.4,56.1,26.8,17.5,4.1,26.8,71,65,136,302,69,371,False,False,False,False,False,False
2026-01-28 08:38:48,22.4,56.2,27.2,18.0,4.4,27.2,70,63,134,305,66,371,False,False,False,False,False,False
2026-01-28 08:38:50,22.4,56.2,26.8,17.5,4.0,26.8,69,66,136,302,69,371,False,False,False,False,False,False
2026-01-28 08:38:52,22.4,56.2,26.7,17.3,4.0,26.7,68,67,136,302,69,371,False,False,False,False,False,False
2026-01-28 08:38:54,22.4,56.2,26.7,17.7,4.4,26.7,68,68,136,302,69,371,False,False,False,False,False,False
2026-01-28 08:38:56,22.4,56.2,26.6,17.5,4.2,26.6,67,68,136,302,69,371,False,False,False,False,False,False
2026-01-28 08:38:58,22.4,56.2,26.6,17.5,4.2,26.6,66,69,136,302,69,371,False,False,False,False,False,False
2026-01-28 08:39:00,22.4,56.1,26.7,17.5,4.2,26.7,66,70,136,302,69,371,False,False,False,False,False,False
2026-01-28 08:39:02,22.4,56.2,26.5,17.3,4.1,26.5,65,71,136,302,69,371,False,False,False,False,False,False
2026-01-28 08:39:04,22.4,56.1,26.4,17.6,4.5,26.4,64,71,136,302,69,371,False,False,False,False,False,False
2026-01-28 08:39:06,22.4,56.1,26.5,17.3,4.0,26.5,63,72,136,302,69,371,False,False,False,False,False,False
2026-01-28 08:39:08,22.4,56.0,26.3,16.9,3.8,26.3,62,73,136,302,69,371,False,False,False,False,False,False
2026-01-28 08:39:10,22.3,56.0,26.5,17.0,3.7,26.5,62,74,136,302,69,371,False,False,False,False,False,False
2026-01-28 08:39:12,22.3,56.0,26.4,17.3,4.1,26.4,61,75,136,302,69,371,False,False,False,False,False,False
2026-01-28 08:39:14,22.3,56.0,26.3,17.1,4.0,26.3,60,75,136,302,69,371,False,False,False,False,False,False
2026-01-28 08:39:16,22.3,56.0,26.3,17.3,4.2,26.3,59,76,136,302,69,371,False,False,False,False,False,False
2026-01-28 08:39:18,22.3,56.0,26.6,17.6,4.3,26.6,58,77,136,302,69,371,False,False,False,False,False,False
2026-01-28 08:39:20,22.3,56.1,26.7,17.9,4.6,26.7,58,78,136,302,69,371,False,False,False,False,False,False
2026-01-28 08:39:22,22.3,56.2,26.4,16.9,3.7,26.4,57,79,136,302,69,371,False,False,False,False,False,False
2026-01-28 08:39:24,22.3,56.2,26.4,17.1,3.9,26.4,56,79,136,302,69,371,False,False,False,False,False,False
2026-01-28 08:39:26,22.3,56.1,26.4,16.9,3.7,26.4,55,80,136,302,69,371,False,False,False,False,False,False
2026-01-28 08:39:28,22.3,56.2,27.0,18.2,4.7,27.0,54,81,136,302,69,371,False,False,False,False,False,False
2026-01-28 08:39:30,22.3,56.2,26.4,17.0,3.8,26.4,94,41,136,302,69,371,False,False,False,False,False,False
2026-01-28 08:39:32,22.3,56.2,27.5,17.8,4.0,27.5,76,59,136,302,69,371,False,False,False,False,False,False
2026-01-28 08:39:34,22.3,56.3,27.2,18.1,4.5,27.2,76,60,136,302,69,371,False,False,False,False,False,False
2026-01-28 08:39:36,22.3,56.2,27.4,17.8,4.1,27.4,75,61,136,302,69,371,False,False,False,False,False,False
2026-01-28 08:39:38,22.3,56.3,27.4,17.3,3.6,27.4,74,62,136,302,69,371,False,False,False,False,False,False
2026-01-28 08:39:40,22.3,56.3,27.8,18.0,4.1,27.8,73,62,136,302,69,371,False,False,False,False,False,False
2026-01-28 08:39:42,22.3,56.3,27.0,17.5,4.0,27.0,72,63,136,302,69,371,False,False,False,False,False,False
2026-01-28 08:39:44,22.3,56.3,27.0,17.6,4.1,27.0,71,64,136,302,69,371,False,False,False,False,False,False
2026-01-28 08:39:46,22.3,56.7,26.8,17.3,3.9,26.8,71,65,136,302,69,371,False,False,False,False,False,False
2026-01-28 08:39:48,22.3,57.1,27.1,17.4,3.8,27.1,70,66,136,302,69,371,False,False,False,False,False,False
2026-01-28 08:39:50,22.3,57.1,27.0,18.1,4.6,27.0,69,67,136,302,69,371,False,False,False,False,False,False
2026-01-28 08:39:52,22.3,57.1,26.8,17.3,3.9,26.8,68,67,136,302,69,371,False,False,False,False,False,False
2026-01-28 08:39:54,22.2,57.0,26.6,17.4,4.1,26.6,67,68,136,302,69,371,False,False,False,False,False,False
2026-01-28 08:39:56,22.2,57.0,26.6,17.2,3.9,26.6,67,69,136,302,69,371,False,False,False,False,False,False
2026-01-28 08:39:58,22.2,57.0,26.8,17.4,4.0,26.8,66,70,136,302,69,371,False,False,False,False,False,False
2026-01-28 08:40:00,22.3,56.9,26.4,16.9,3.7,26.4,65,71,136,302,69,371,False,False,False,False,False,False
2026-01-28 08:40:02,22.2,56.9,26.3,16.9,3.8,26.3,64,71,136,302,69,371,False,False,False,False,False,False
2026-01-28 08:40:04,22.3,56.8,26.4,17.5,4.3,26.4,63,72,136,302,69,371,False,False,False,False,False,False
2026-01-28 08:40:06,22.3,56.8,26.5,17.3,4.1,26.5,62,73,136,302,69,371,False,False,False,False,False,False
2026-01-28 08:40:08,22.2,56.7,26.5,17.0,3.8,26.5,62,74,136,302,69,371,False,False,False,False,False,False
2026-01-28 08:40:10,22.2,56.7,26.4,17.1,3.9,26.4,61,75,136,302,69,371,False,False,False,False,False,False
2026-01-28 08:40:12,22.2,56.7,26.2,16.6,3.5,26.2,60,75,136,302,69,371,False,False,False,False,False,False
2026-01-28 08:40:14,22.2,56.6,26.3,17.1,3.9,26.3,59,76,136,302,69,371,False,False,False,False,False,False
2026-01-28 08:40:16,22.2,56.6,26.5,17.1,3.9,26.5,58,77,136,302,69,371,False,False,False,False,False,False
2026-01-28 08:40:18,22.2,56.6,26.3,17.4,4.3,26.3,58,78,136,302,69,371,False,False,False,False,False,False
2026-01-28 08:40:20,22.7,56.7,26.6,17.9,4.6,26.6,57,79,136,302,69,371,False,True,False,False,False,False
2026-01-28 08:40:22,25.9,54.9,31.8,22.5,6.6,31.8,56,79,136,302,69,371,False,True,False,False,True,False
2026-01-28 08:40:24,25.3,53.8,33.4,24.3,7.6,33.4,53,82,136,302,69,371,False,False,False,False,False,False
2026-01-28 08:40:26,25.2,53.3,27.2,17.7,4.1,27.2,52,83,136,302,69,371,False,False,False,False,False,False
2026-01-28 08:40:28,25.2,52.7,26.7,18.3,5.0,26.7,93,43,136,302,69,371,False,False,False,False,False,False
2026-01-28 08:40:30,25.3,52.2,26.1,17.5,4.4,26.1,77,58,136,302,69,371,False,False,False,False,False,False
2026-01-28 08:40:32,25.3,51.8,27.5,18.2,4.4,27.5,74,62,136,302,69,371,False,False,False,False,False,False
2026-01-28 08:40:34,25.3,51.5,28.0,18.7,4.7,28.0,73,62,136,302,69,371,False,False,False,False,False,False
2026-01-28 08:40:36,25.3,51.2,28.1,18.7,4.7,28.1,72,63,136,302,69,371,False,False,False,False,False,False
2026-01-28 08:40:38,25.3,51.0,27.5,18.2,4.5,27.5,71,64,136,302,69,371,False,False,False,False,False,False
2026-01-28 08:40:40,25.3,50.7,27.3,18.2,4.5,27.3,70,65,136,302,69,371,False,False,False,False,False,False
2026-01-28 08:40:42,25.2,50.5,27.6,18.4,4.6,27.6,70,66,136,302,69,371,False,False,False,False,False,False
2026-01-28 08:40:44,25.2,50.3,27.3,18.0,4.3,27.3,69,67,136,302,69,371,False,False,False,False,False,False
2026-01-28 08:40:46,25.2,50.1,27.4,18.1,4.4,27.4,68,68,136,302,69,371,False,False,False,False,False,False
2026-01-28 08:40:48,25.1,50.0,27.2,18.2,4.6,27.2,67,68,136,302,69,371,False,False,False,False,False,False
2026-01-28 08:40:50,25.1,49.9,27.5,18.9,5.1,27.5,66,69,136,302,69,371,False,False,False,False,False,False
2026-01-28 08:40:52,25.1,49.9,27.2,18.3,4.6,27.2,65,70,136,302,69,371,False,False,False,False,False,False
2026-01-28 08:40:54,25.0,50.0,29.2,20.0,5.4,29.2,65,71,136,302,69,371,False,False,False,False,False,False
2026-01-28 08:40:56,25.0,49.9,26.7,17.3,3.9,26.7,64,72,136,302,69,371,False,False,False,False,False,False
2026-01-28 08:40:58,25.0,50.0,26.4,17.3,4.1,26.4,63,72,136,302,69,371,False,False,False,False,False,False
2026-01-28 08:41:00,24.9,50.0,26.3,17.0,3.9,26.3,62,73,136,302,69,371,False,False,False,False,False,False
2026-01-28 08:41:02,24.8,50.1,26.2,16.8,3.8,26.2,62,74,136,302,69,371,False,False,False,False,False,False
2026-01-28 08:41:04,24.8,50.1,26.3,17.8,4.7,26.3,61,74,136,302,69,371,False,False,False,False,False,False
2026-01-28 08:41:06,24.8,50.2,26.5,17.2,4.0,26.5,60,75,136,302,69,371,False,False,False,False,False,False
2026-01-28 08:41:08,24.7,50.3,26.7,17.2,3.8,26.7,60,76,136,302,69,371,False,False,False,False,False,False
2026-01-28 08:41:10,24.7,50.3,26.3,17.2,4.1,26.3,59,76,136,302,69,371,False,False,False,False,False,False
2026-01-28 08:41:12,24.7,50.3,26.2,16.7,3.6,26.2,58,77,136,302,69,371,False,False,False,False,False,False
2026-01-28 08:41:14,24.6,50.5,26.5,17.0,3.7,26.5,58,78,136,302,69,371,False,False,False,False,False,False
2026-01-28 08:41:16,24.6,50.5,26.2,16.9,3.8,26.2,57,78,136,302,69,371,False,False,False,False,False,False
2026-01-28 08:41:18,24.5,50.5,26.2,17.2,4.0,26.2,56,79,136,302,69,371,False,False,False,False,False,False
2026-01-28 08:41:20,24.5,50.6,26.4,17.6,4.4,26.4,56,80,136,302,69,371,False,False,False,False,False,False
2026-01-28 08:41:22,24.4,50.7,26.5,16.9,3.6,26.5,55,81,136,302,69,371,False,False,False,False,False,False
2026-01-28 08:41:24,24.4,50.7,27.4,17.5,3.8,27.4,54,81,136,302,69,371,False,False,False,False,False,False
2026-01-28 08:41:26,24.3,50.8,25.6,16.5,3.7,25.6,95,41,136,302,69,371,False,False,False,False,False,False
2026-01-28 08:41:28,24.3,50.9,28.1,18.4,4.3,28.1,75,60,136,302,69,371,False,False,False,False,False,False
2026-01-28 08:41:30,24.3,51.0,27.1,17.4,3.8,27.1,75,61,136,302,69,371,False,False,False,False,False,False
2026-01-28 08:41:32,24.2,51.1,27.2,17.5,3.9,27.2,74,62,136,302,69,371,False,False,False,False,False,False
2026-01-28 08:41:34,24.2,51.2,27.6,18.3,4.5,27.6,73,63,136,302,69,371,False,False,False,False,False,False
2026-01-28 08:41:36,24.1,51.3,27.0,17.3,3.8,27.0,72,63,136,302,69,371,False,False,False,False,False,False
2026-01-28 08:41:38,24.1,51.3,26.9,16.8,3.3,26.9,71,64,136,302,69,371,False,False,False,False,False,False
2026-01-28 08:41:40,24.1,51.4,26.9,17.5,4.0,26.9,71,65,136,302,69,371,False,False,False,False,False,False
2026-01-28 08:41:42,24.1,51.4,26.7,17.0,3.6,26.7,70,66,136,302,69,371,False,False,False,False,False,False
2026-01-28 08:41:44,24.0,51.5,27.0,17.0,3.6,27.0,69,66,136,302,69,371,False,False,False,False,False,False
2026-01-28 08:41:46,24.0,51.6,26.5,17.1,3.8,26.5,68,68,136,302,69,371,False,False,False,False,False,False
2026-01-28 08:41:48,24.0,51.7,26.7,17.1,3.8,26.7,67,68,136,302,69,371,False,False,False,False,False,False
2026-01-28 08:41:50,23.9,51.7,26.8,17.3,3.9,26.8,67,69,136,302,69,371,False,False,False,False,False,False
2026-01-28 08:41:52,23.9,51.8,26.6,16.8,3.5,26.6,66,70,136,302,69,371,False,False,False,False,False,False
2026-01-28 08:41:54,23.9,51.9,26.7,17.1,3.8,26.7,65,71,136,302,69,371,False,False,False,False,False,False
2026-01-28 08:41:56,23.8,51.9,26.5,16.6,3.4,26.5,64,71,136,302,69,371,False,False,False,False,False,False
2026-01-28 08:41:58,23.8,52.0,26.5,16.9,3.7,26.5,63,72,136,302,69,371,False,False,False,False,False,False
2026-01-28 08:42:00,23.8,52.1,26.4,17.2,4.0,26.4,62,73,136,302,69,371,False,False,False,False,False,False
2026-01-28 08:42:02,23.8,52.1,26.2,16.8,3.7,26.2,62,74,136,302,69,371,False,False,False,False,False,False
2026-01-28 08:42:04,23.7,52.2,26.5,17.6,4.3,26.5,61,75,136,302,69,371,False,False,False,False,False,False
2026-01-28 08:42:06,23.7,52.2,26.4,17.3,4.1,26.4,60,75,136,302,69,371,False,False,False,False,False,False
2026-01-28 08:42:08,23.7,52.4,26.3,17.0,3.9,26.3,59,76,136,302,69,371,False,False,False,False,False,False
2026-01-28 08:42:10,23.6,52.4,26.3,17.4,4.2,26.3,58,77,136,302,69,371,False,False,False,False,False,False
2026-01-28 08:42:12,23.6,52.4,26.5,17.2,3.9,26.5,58,78,136,302,69,371,False,False,False,False,False,False
2026-01-28 08:42:14,23.6,52.5,26.4,17.2,3.9,26.4,57,79,136,302,69,371,False,False,False,False,False,False
2026-01-28 08:42:16,23.6,52.6,26.3,17.0,3.8,26.3,56,79,136,302,69,371,False,False,False,False,False,False
2026-01-28 08:42:18,23.6,52.6,26.4,17.5,4.3,26.4,55,80,136,302,69,371,False,False,False,False,False,False
2026-01-28 08:42:20,23.5,52.7,26.7,18.0,4.7,26.7,54,81,136,302,69,371,False,False,False,False,False,False
2026-01-28 08:42:22,23.5,52.7,26.4,17.4,4.2,26.4,95,41,136,302,69,371,False,False,False,False,False,False
2026-01-28 08:42:24,23.5,52.7,27.5,17.6,3.9,27.5,76,59,136,302,69,371,False,False,False,False,False,False
2026-01-28 08:42:26,23.5,52.8,27.4,17.8,4.1,27.4,75,60,136,302,69,371,False,False,False,False,False,False
2026-01-28 08:42:28,23.5,52.8,27.6,18.6,4.8,27.6,75,61,136,302,69,371,False,False,False,False,False,False
2026-01-28 08:42:30,23.5,52.9,27.2,17.7,4.1,27.2,74,62,136,302,69,371,False,False,False,False,False,False
2026-01-28 08:42:32,23.5,52.9,27.1,17.4,3.8,27.1,73,62,136,302,69,371,False,False,False,False,False,False
2026-01-28 08:42:34,23.4,53.0,26.7,17.6,4.3,26.7,72,63,136,302,69,371,False,False,False,False,False,False
2026-01-28 08:42:36,23.4,53.0,26.9,17.4,3.9,26.9,71,64,136,302,69,371,False,False,False,False,False,False
2026-01-28 08:42:38,23.4,53.1,26.9,17.0,3.6,26.9,71,65,136,302,69,371,False,False,False,False,False,False
2026-01-28 08:42:40,23.4,53.1,26.9,17.7,4.2,26.9,70,66,136,302,69,371,False,False,False,False,False,False
2026-01-28 08:42:42,23.4,53.1,27.0,17.4,3.9,27.0,69,66,136,302,69,371,False,False,False,False,False,False
2026-01-28 08:42:44,23.4,53.2,26.7,17.1,3.8,26.7,68,67,136,302,69,371,False,False,False,False,False,False
2026-01-28 08:42:46,23.4,53.2,26.5,17.2,3.9,26.5,67,68,136,302,69,371,False,False,False,False,False,False
2026-01-28 08:42:48,23.3,53.2,26.6,17.4,4.1,26.6,67,69,136,302,69,371,False,False,False,False,False,False
2026-01-28 08:42:50,23.3,53.3,26.8,18.1,4.7,26.8,66,70,136,302,69,371,False,False,False,False,False,False
2026-01-28 08:42:52,23.3,53.5,26.8,17.4,4.0,26.8,65,71,136,302,69,371,False,False,False,False,False,False
2026-01-28 08:42:54,23.3,53.6,26.4,17.2,4.0,26.4,64,71,136,302,69,371,False,False,False,False,False,False
2026-01-28 08:42:56,23.3,53.6,26.5,17.4,4.2,26.5,63,72,136,302,69,371,False,False,False,False,False,False
2026-01-28 08:42:58,23.3,53.5,26.4,17.2,4.0,26.4,62,73,136,302,69,371,False,False,False,False,False,False
2026-01-28 08:43:00,23.3,53.6,26.8,17.0,3.6,26.8,62,74,136,302,69,371,False,False,False,False,False,False
2026-01-28 08:43:02,23.3,53.6,26.5,17.1,3.9,26.5,61,75,136,302,69,371,False,False,False,False,False,False
2026-01-28 08:43:04,23.3,53.7,26.5,18.1,4.8,26.5,60,75,136,302,69,371,False,False,False,False,False,False
2026-01-28 08:43:06,23.3,53.6,26.2,17.0,3.9,26.2,59,76,136,302,69,371,False,False,False,False,False,False
2026-01-28 08:43:08,23.2,53.6,26.3,17.1,3.9,26.3,58,77,136,302,69,371,False,False,False,False,False,False
2026-01-28 08:43:10,23.2,53.6,26.6,17.6,4.3,26.6,58,78,136,302,69,371,False,False,False,False,False,False
2026-01-28 08:43:12,23.2,53.7,26.4,17.5,4.3,26.4,57,79,136,302,69,371,False,False,False,False,False,False
2026-01-28 08:43:14,23.2,53.7,26.4,17.1,3.9,26.4,56,79,136,302,69,371,False,False,False,False,False,False
2026-01-28 08:43:16,23.2,53.8,26.4,17.2,4.0,26.4,55,80,136,302,69,371,False,False,False,False,False,False
2026-01-28 08:43:18,23.2,53.8,26.4,17.5,4.3,26.4,54,81,136,302,69,371,False,False,False,False,False,False
2026-01-28 08:43:20,23.2,53.8,26.8,17.8,4.5,26.8,95,41,136,302,69,371,False,False,False,False,False,False
2026-01-28 08:43:22,23.1,53.8,27.3,17.5,3.9,27.3,76,59,136,302,69,371,False,False,False,False,False,False
2026-01-28 08:43:24,23.2,53.9,27.3,17.3,3.6,27.3,75,60,136,302,69,371,False,False,False,False,False,False
2026-01-28 08:43:26,23.1,53.9,27.3,17.7,4.1,27.3,75,61,136,302,69,371,False,False,False,False,False,False
2026-01-28 08:43:28,23.1,54.0,28.1,18.3,4.3,28.1,74,62,136,302,69,371,False,False,False,False,False,False
2026-01-28 08:43:30,23.1,54.1,27.3,17.4,3.7,27.3,73,62,136,302,69,371,False,False,False,False,False,False
2026-01-28 08:43:32,23.1,54.4,27.1,17.6,4.0,27.1,72,63,136,302,69,371,False,False,False,False,False,False
2026-01-28 08:43:34,23.1,54.6,26.9,18.1,4.6,26.9,72,64,136,302,69,371,False,False,False,False,False,False
2026-01-28 08:43:36,23.1,54.5,26.9,17.3,3.9,26.9,71,65,136,302,69,371,False,False,False,False,False,False
2026-01-28 08:43:38,23.1,54.5,26.4,17.0,3.8,26.4,70,66,136,302,69,371,False,False,False,False,False,False
2026-01-28 08:43:40,23.1,54.4,27.0,17.5,4.0,27.0,69,66,136,302,69,371,False,False,False,False,False,False
2026-01-28 08:43:42,23.1,54.5,26.7,17.0,3.7,26.7,68,67,136,302,69,371,False,False,False,False,False,False
2026-01-28 08:43:44,23.1,54.4,26.6,17.2,3.8,26.6,67,68,136,302,69,371,False,False,False,False,False,False
2026-01-28 08:43:46,23.1,54.3,26.5,16.9,3.7,26.5,67,69,136,302,69,371,False,False,False,False,False,False
2026-01-28 08:43:48,23.1,54.3,26.3,16.9,3.7,26.3,66,70,136,302,69,371,False,False,False,False,False,False
2026-01-28 08:43:50,23.0,54.4,27.0,18.1,4.7,27.0,65,71,136,302,69,371,False,False,False,False,False,False
2026-01-28 08:43:52,23.0,54.4,26.4,17.1,3.9,26.4,64,71,136,302,69,371,False,False,False,False,False,False
2026-01-28 08:43:54,23.0,54.4,26.3,16.9,3.8,26.3,63,72,136,302,69,371,False,False,False,False,False,False
2026-01-28 08:43:56,23.0,54.4,26.4,17.0,3.8,26.4,62,73,136,302,69,371,False,False,False,False,False,False
2026-01-28 08:43:58,23.0,54.3,26.4,17.1,3.9,26.4,62,74,136,302,69,371,False,False,False,False,False,False
2026-01-28 08:44:00,23.0,54.3,26.5,17.2,4.0,26.5,61,75,136,302,69,371,False,False,False,False,False,False
2026-01-28 08:44:02,23.0,54.3,26.3,17.0,3.8,26.3,60,75,136,302,69,371,False,False,False,False,False,False
2026-01-28 08:44:04,23.0,54.4,26.2,17.7,4.6,26.2,59,76,136,302,69,371,False,False,False,False,False,False
2026-01-28 08:44:06,22.9,54.4,26.2,17.2,4.1,26.2,58,77,136,302,69,371,False,False,False,False,False,False
2026-01-28 08:44:08,22.9,54.4,26.6,17.2,3.9,26.6,58,78,136,302,69,371,False,False,False,False,False,False
2026-01-28 08:44:10,22.9,54.4,26.4,17.1,3.9,26.4,57,79,136,302,69,371,False,False,False,False,False,False
2026-01-28 08:44:12,22.9,54.4,26.5,17.1,3.8,26.5,56,79,136,302,69,371,False,False,False,False,False,False
2026-01-28 08:44:14,22.9,54.5,26.5,17.3,4.0,26.5,55,80,136,302,69,371,False,False,False,False,False,False
2026-01-28 08:44:16,22.9,54.5,26.5,17.1,3.8,26.5,54,81,136,302,69,371,False,False,False,False,False,False
2026-01-28 08:44:18,22.9,54.6,26.4,17.4,4.2,26.4,95,41,136,302,69,371,False,False,False,False,False,False
2026-01-28 08:44:20,22.9,54.5,26.8,18.1,4.7,26.8,76,59,136,302,69,371,False,False,False,False,False,False
2026-01-28 08:44:22,22.9,54.5,27.3,17.6,4.0,27.3,75,60,136,302,69,371,False,False,False,False,False,False
2026-01-28 08:44:24,22.9,54.6,27.2,17.3,3.7,27.2,75,61,136,302,69,371,False,False,False,False,False,False
2026-01-28 08:44:26,22.8,54.6,27.1,17.4,3.8,27.1,74,62,136,302,69,371,False,False,False,False,False,False
2026-01-28 08:44:28,22.8,54.6,27.5,18.5,4.7,27.5,73,62,136,302,69,371,False,False,False,False,False,False
2026-01-28 08:44:30,22.8,54.7,27.0,17.6,4.1,27.0,72,63,136,302,69,371,False,False,False,False,False,False
2026-01-28 08:44:32,22.8,54.7,26.8,17.2,3.8,26.8,71,64,136,302,69,371,False,False,False,False,False,False
2026-01-28 08:44:34,22.8,54.7,26.9,18.1,4.7,26.9,71,65,136,302,69,371,False,False,False,False,False,False
2026-01-28 08:44:36,22.8,54.7,26.9,17.5,4.1,26.9,70,66,136,302,69,371,False,False,False,False,False,False
2026-01-28 08:44:38,22.8,54.8,26.8,17.2,3.9,26.8,69,66,136,302,69,371,False,False,False,False,False,False
2026-01-28 08:44:40,22.7,54.8,26.6,17.4,4.1,26.6,68,67,136,302,69,371,False,False,False,False,False,False
2026-01-28 08:44:42,22.8,54.8,26.6,17.2,3.8,26.6,67,68,136,302,69,371,False,False,False,False,False,False
2026-01-28 08:44:44,22.8,54.9,26.5,16.7,3.5,26.5,67,69,136,302,69,371,False,False,False,False,False,False
2026-01-28 08:44:46,22.7,54.9,26.5,17.1,3.8,26.5,66,70,136,302,69,371,False,False,False,False,False,False
2026-01-28 08:44:48,22.7,54.9,27.0,17.4,3.9,27.0,65,71,136,302,69,371,False,False,False,False,False,False
2026-01-28 08:44:50,22.7,54.9,26.8,18.0,4.6,26.8,64,71,136,302,69,371,False,False,False,False,False,False
2026-01-28 08:44:52,22.7,55.0,26.4,17.1,3.8,26.4,63,72,136,302,69,371,False,False,False,False,False,False
2026-01-28 08:44:54,22.7,55.0,26.2,16.9,3.8,26.2,62,73,136,302,69,371,False,False,False,False,False,False
2026-01-28 08:44:56,22.7,55.1,26.4,17.2,4.0,26.4,62,74,136,302,69,371,False,False,False,False,False,False
2026-01-28 08:44:58,22.7,55.1,26.4,17.1,3.9,26.4,61,75,136,302,69,371,False,False,False,False,False,False
2026-01-28 08:45:00,22.7,55.1,26.4,17.0,3.8,26.4,60,75,136,302,69,371,False,False,False,False,False,False
2026-01-28 08:45:02,22.7,55.1,26.3,16.9,3.8,26.3,59,76,136,302,69,371,False,False,False,False,False,False
2026-01-28 08:45:04,22.7,55.1,26.3,17.5,4.3,26.3,58,77,136,302,69,371,False,False,False,False,False,False
2026-01-28 08:45:06,22.7,55.2,26.4,17.2,4.0,26.4,58,78,136,302,69,371,False,False,False,False,False,False
2026-01-28 08:45:08,22.6,55.2,26.4,17.1,3.9,26.4,57,79,136,302,69,371,False,False,False,False,False,False
2026-01-28 08:45:10,22.6,55.2,26.5,17.4,4.2,26.5,56,79,136,302,69,371,False,False,False,False,False,False
2026-01-28 08:45:12,22.6,55.3,26.4,16.9,3.8,26.4,55,80,136,302,69,371,False,False,False,False,False,False
2026-01-28 08:45:14,22.6,55.3,26.5,17.1,3.8,26.5,54,81,136,302,69,371,False,False,False,False,False,False
2026-01-28 08:45:16,22.6,55.3,26.4,17.0,3.8,26.4,95,41,136,302,69,371,False,False,False,False,False,False
2026-01-28 08:45:18,22.6,55.3,27.5,17.8,4.0,27.5,76,59,136,302,69,371,False,False,False,False,False,False
2026-01-28 08:45:20,22.6,55.3,26.7,18.0,4.6,26.7,75,60,136,302,69,371,False,False,False,False,False,False
2026-01-28 08:45:22,22.6,55.3,27.1,17.2,3.7,27.1,74,61,136,302,69,371,False,False,False,False,False,False
2026-01-28 08:45:24,22.6,55.4,27.2,17.4,3.8,27.2,74,62,136,302,69,371,False,False,False,False,False,False
2026-01-28 08:45:26,22.6,55.4,27.3,17.4,3.8,27.3,73,62,136,302,69,371,False,False,False,False,False,False
2026-01-28 08:45:28,22.6,55.4,27.9,18.6,4.6,27.9,72,63,136,302,69,371,False,False,False,False,False,False
2026-01-28 08:45:30,22.6,55.4,27.0,17.7,4.2,27.0,71,64,136,302,69,371,False,False,False,False,False,False
2026-01-28 08:45:32,22.6,55.4,26.9,17.2,3.8,26.9,71,65,136,302,69,371,False,False,False,False,False,False
2026-01-28 08:45:34,22.6,55.5,26.8,18.1,4.7,26.8,70,65,136,302,69,371,False,False,False,False,False,False
2026-01-28 08:45:36,22.5,55.5,27.0,17.3,3.8,27.0,69,66,136,302,69,371,False,False,False,False,False,False
2026-01-28 08:45:38,22.5,55.5,26.6,17.4,4.1,26.6,68,67,136,302,69,371,False,False,False,False,False,False
2026-01-28 08:45:40,22.5,55.5,26.6,17.5,4.2,26.6,67,68,136,302,69,371,False,False,False,False,False,False
2026-01-28 08:45:42,22.5,55.5,26.7,17.3,4.0,26.7,67,69,136,302,69,371,False,False,False,False,False,False
2026-01-28 08:45:44,22.5,55.6,26.5,17.0,3.7,26.5,66,70,136,302,69,371,False,False,False,False,False,False
2026-01-28 08:45:46,22.5,55.5,26.7,17.0,3.7,26.7,65,71,136,302,69,371,False,False,False,False,False,False
2026-01-28 08:45:48,22.5,55.6,26.4,17.1,3.9,26.4,64,71,136,302,69,371,False,False,False,False,False,False
2026-01-28 08:45:50,22.5,55.7,26.8,17.9,4.5,26.8,63,72,136,302,69,371,False,False,False,False,False,False
2026-01-28 08:45:52,22.5,55.8,26.4,17.2,4.0,26.4,62,73,136,302,69,371,False,False,False,False,False,False
2026-01-28 08:45:54,22.5,55.7,26.4,17.0,3.8,26.4,62,74,136,302,69,371,False,False,False,False,False,False
2026-01-28 08:45:56,22.5,55.9,26.3,17.1,3.9,26.3,61,75,136,302,69,371,False,False,False,False,False,False
2026-01-28 08:45:58,22.5,55.8,26.4,17.1,3.9,26.4,60,75,136,302,69,371,False,False,False,False,False,False
2026-01-28 08:46:00,22.5,55.8,26.3,17.5,4.3,26.3,59,76,136,302,69,371,False,False,False,False,False,False
2026-01-28 08:46:02,22.5,55.8,26.2,16.9,3.8,26.2,58,77,136,302,69,371,False,False,False,False,False,False
2026-01-28 08:46:04,22.5,55.8,26.6,18.0,4.7,26.6,58,78,136,302,69,371,False,False,False,False,False,False
2026-01-28 08:46:06,22.5,55.9,26.5,17.2,4.0,26.5,57,79,136,302,69,371,False,False,False,False,False,False
2026-01-28 08:46:08,22.4,55.8,26.5,17.4,4.1,26.5,56,79,136,302,69,371,False,False,False,False,False,False
2026-01-28 08:46:10,22.5,55.9,26.4,17.1,3.9,26.4,55,80,136,302,69,371,False,False,False,False,False,False
2026-01-28 08:46:12,22.4,55.9,26.5,17.1,3.8,26.5,54,81,136,302,69,371,False,False,False,False,False,False
2026-01-28 08:46:14,22.5,55.9,26.4,17.4,4.2,26.4,95,41,136,302,69,371,False,False,False,False,False,False
2026-01-28 08:46:16,22.4,55.9,27.4,17.5,3.8,27.4,76,59,136,302,69,371,False,False,False,False,False,False
2026-01-28 08:46:18,22.4,55.8,27.3,18.0,4.3,27.3,75,60,136,302,69,371,False,False,False,False,False,False
2026-01-28 08:46:20,22.5,55.9,26.8,18.0,4.6,26.8,75,61,136,302,69,371,False,False,False,False,False,False
2026-01-28 08:46:22,22.4,55.9,27.1,17.1,3.5,27.1,74,62,136,302,69,371,False,False,False,False,False,False
2026-01-28 08:46:24,22.4,55.9,27.3,17.4,3.8,27.3,73,62,136,302,69,371,False,False,False,False,False,False
2026-01-28 08:46:26,22.4,55.9,27.0,17.7,4.1,27.0,72,63,136,302,69,371,False,False,False,False,False,False
2026-01-28 08:46:28,22.5,55.9,27.1,18.1,4.5,27.1,71,64,136,302,69,371,False,False,False,False,False,False
2026-01-28 08:46:30,22.4,55.9,26.8,17.4,4.0,26.8,71,65,136,302,69,371,False,False,False,False,False,False
2026-01-28 08:46:32,22.4,55.9,26.8,17.4,4.0,26.8,70,66,136,302,69,371,False,False,False,False,False,False
2026-01-28 08:46:34,22.4,56.0,27.0,18.3,4.8,27.0,69,66,136,302,69,371,False,False,False,False,False,False
2026-01-28 08:46:36,22.4,56.0,26.7,17.4,4.0,26.7,68,67,136,302,69,371,False,False,False,False,False,False
2026-01-28 08:46:38,22.4,56.0,26.5,17.2,4.0,26.5,67,68,136,302,69,371,False,False,False,False,False,False
2026-01-28 08:46:40,22.4,56.0,27.1,17.6,4.0,27.1,67,69,136,302,69,371,False,False,False,False,False,False
2026-01-28 08:46:42,22.4,55.9,26.5,17.2,4.0,26.5,66,70,136,302,69,371,False,False,False,False,False,False
2026-01-28 08:46:44,22.5,55.9,26.6,17.2,3.9,26.6,65,71,136,302,69,371,False,False,False,False,False,False
2026-01-28 08:46:46,22.4,55.9,26.4,17.0,3.8,26.4,64,71,136,302,69,371,False,False,False,False,False,False
2026-01-28 08:46:48,22.4,56.0,26.4,17.0,3.8,26.4,63,72,136,302,69,371,False,False,False,False,False,False
2026-01-28 08:46:50,22.4,56.0,26.7,17.8,4.5,26.7,62,73,136,302,69,371,False,False,False,False,False,False
2026-01-28 08:46:52,22.4,56.1,26.6,17.1,3.8,26.6,62,74,136,302,69,371,False,False,False,False,False,False
2026-01-28 08:46:54,22.4,55.9,26.2,16.9,3.8,26.2,61,75,136,302,69,371,False,False,False,False,False,False
2026-01-28 08:46:56,22.4,56.0,26.3,16.9,3.8,26.3,60,75,136,302,69,371,False,False,False,False,False,False
2026-01-28 08:46:58,22.4,56.0,26.4,17.1,3.9,26.4,59,76,136,302,69,371,False,False,False,False,False,False
2026-01-28 08:47:00,22.4,56.0,26.2,17.2,4.0,26.2,58,77,136,302,69,371,False,False,False,False,False,False
2026-01-28 08:47:02,22.4,56.0,26.6,17.2,3.9,26.6,58,78,136,302,69,371,False,False,False,False,False,False
2026-01-28 08:47:04,22.4,56.0,26.4,17.5,4.3,26.4,57,79,136,302,69,371,False,False,False,False,False,False
2026-01-28 08:47:06,22.4,56.0,26.6,17.3,4.0,26.6,56,79,136,302,69,371,False,False,False,False,False,False
2026-01-28 08:47:08,22.5,56.0,26.5,17.1,3.8,26.5,55,80,136,302,69,371,False,False,False,False,False,False
2026-01-28 08:47:10,22.4,56.0,26.5,16.8,3.6,26.5,54,81,136,302,69,371,False,False,False,False,False,False
2026-01-28 08:47:12,22.4,56.0,26.3,16.9,3.7,26.3,95,41,136,302,69,371,False,False,False,False,False,False
2026-01-28 08:47:14,22.4,56.0,27.4,17.7,4.0,27.4,76,59,136,302,69,371,False,False,False,False,False,False
2026-01-28 08:47:16,22.5,55.9,27.4,17.6,3.9,27.4,75,60,136,302,69,371,False,False,False,False,False,False
2026-01-28 08:47:18,22.5,55.9,27.3,17.9,4.3,27.3,75,61,136,302,69,371,False,False,False,False,False,False
2026-01-28 08:47:20,22.5,55.9,26.6,17.6,4.3,26.6,74,62,136,302,69,371,False,False,False,False,False,False
2026-01-28 08:47:22,22.5,55.9,27.7,17.7,3.8,27.7,73,62,136,302,69,371,False,False,False,False,False,False
2026-01-28 08:47:24,22.5,55.9,26.6,16.9,3.6,26.6,72,63,136,302,69,371,False,False,False,False,False,False
2026-01-28 08:47:26,22.5,56.0,27.6,17.7,4.0,27.6,71,64,136,302,69,371,False,False,False,False,False,False
2026-01-28 08:47:28,22.5,55.9,27.1,18.1,4.5,27.1,71,65,136,302,69,371,False,False,False,False,False,False
2026-01-28 08:47:30,22.5,55.9,26.9,17.7,4.3,26.9,70,66,136,302,69,371,False,False,False,False,False,False
2026-01-28 08:47:32,22.5,55.9,27.0,17.6,4.1,27.0,69,66,136,302,69,371,False,False,False,False,False,False
2026-01-28 08:47:34,22.5,55.8,26.8,18.3,4.9,26.8,68,67,136,302,69,371,False,False,False,False,False,False
2026-01-28 08:47:36,22.5,55.9,26.6,17.1,3.8,26.6,67,68,136,302,69,371,False,False,False,False,False,False
2026-01-28 08:47:38,22.5,55.9,26.6,17.3,4.0,26.6,67,69,136,302,69,371,False,False,False,False,False,False
2026-01-28 08:47:40,22.5,56.0,26.5,17.4,4.2,26.5,66,70,136,302,69,371,False,False,False,False,False,False
2026-01-28 08:47:42,22.5,55.9,26.7,17.2,3.9,26.7,65,71,136,302,69,371,False,False,False,False,False,False
2026-01-28 08:47:44,22.5,55.9,26.4,17.0,3.8,26.4,64,71,136,302,69,371,False,False,False,False,False,False
2026-01-28 08:47:46,22.5,55.9,26.4,17.2,4.0,26.4,63,72,136,302,69,371,False,False,False,False,False,False
2026-01-28 08:47:48,22.5,55.9,26.4,17.2,4.0,26.4,62,73,136,302,69,371,False,False,False,False,False,False
2026-01-28 08:47:50,22.5,55.9,26.8,17.9,4.5,26.8,61,74,136,302,69,371,False,False,False,False,False,False
2026-01-28 08:47:52,22.5,55.8,26.5,17.4,4.2,26.5,60,75,136,302,69,371,False,False,False,False,False,False
2026-01-28 08:47:54,22.5,55.9,26.4,17.2,4.0,26.4,60,76,136,302,69,371,False,False,False,False,False,False
2026-01-28 08:47:56,22.5,55.8,26.3,17.0,3.9,26.3,59,77,136,302,69,371,False,False,False,False,False,False
2026-01-28 08:47:58,22.5,55.9,26.5,17.4,4.2,26.5,58,77,136,302,69,371,False,False,False,False,False,False
2026-01-28 08:48:00,22.5,55.9,26.5,17.4,4.1,26.5,57,78,136,302,69,371,False,False,False,False,False,False
2026-01-28 08:48:02,22.5,55.8,26.5,17.0,3.8,26.5,56,79,136,302,69,371,False,False,False,False,False,False
2026-01-28 08:48:04,22.5,55.8,26.6,18.3,5.0,26.6,56,80,136,302,69,371,False,False,False,False,False,False
2026-01-28 08:48:06,22.5,55.8,26.8,17.8,4.4,26.8,55,81,136,302,69,371,False,False,False,False,False,False
2026-01-28 08:48:08,22.5,55.8,26.5,17.2,3.9,26.5,54,81,136,302,69,371,False,False,False,False,False,False
2026-01-28 08:48:10,22.5,55.8,26.3,17.0,3.9,26.3,94,42,136,302,69,371,False,False,False,False,False,False
2026-01-28 08:48:12,22.5,55.8,27.7,18.1,4.3,27.7,76,59,136,302,69,371,False,False,False,False,False,False
2026-01-28 08:48:14,22.5,55.9,27.5,17.7,4.0,27.5,75,60,136,302,69,371,False,False,False,False,False,False
2026-01-28 08:48:16,22.5,55.8,27.5,17.6,3.9,27.5,75,61,136,302,69,371,False,False,False,False,False,False
2026-01-28 08:48:18,22.5,55.8,27.4,17.8,4.1,27.4,74,62,136,302,69,371,False,False,False,False,False,False
2026-01-28 08:48:20,22.5,55.8,27.0,17.9,4.4,27.0,73,62,136,302,69,371,False,False,False,False,False,False
2026-01-28 08:48:22,26.0,55.0,27.2,17.7,4.1,27.2,72,63,136,302,69,371,False,True,False,False,True,False
2026-01-28 08:48:24,30.2,50.8,33.1,24.5,7.9,33.1,71,64,136,302,69,371,False,True,False,False,True,False
2026-01-28 08:48:26,29.2,48.6,33.7,24.2,7.4,33.7,65,70,136,302,69,371,False,False,False,False,False,False
2026-01-28 08:48:28,28.8,47.5,27.1,18.7,5.1,27.1,65,71,136,302,69,371,False,False,False,False,False,False
2026-01-28 08:48:30,28.7,46.6,27.2,17.7,4.1,27.2,64,72,136,302,69,371,False,False,False,False,False,False
2026-01-28 08:48:32,28.7,46.1,26.8,17.8,4.4,26.8,63,72,136,302,69,371,False,False,False,False,False,False
2026-01-28 08:48:34,28.7,45.6,26.9,18.3,4.9,26.9,62,73,136,302,69,371,False,False,False,False,False,False
2026-01-28 08:48:36,28.6,45.2,27.0,18.0,4.5,27.0,61,74,136,302,69,371,False,False,False,False,False,False
2026-01-28 08:48:38,28.7,44.9,26.7,17.4,4.1,26.7,61,75,136,302,69,371,False,False,False,False,False,False
2026-01-28 08:48:40,28.6,44.7,26.7,17.5,4.2,26.7,60,76,136,302,69,371,False,False,False,False,False,False
2026-01-28 08:48:42,28.5,44.4,26.6,17.7,4.4,26.6,59,76,136,302,69,371,False,False,False,False,False,False
2026-01-28 08:48:44,28.5,44.3,26.7,17.5,4.2,26.7,58,77,136,302,69,371,False,False,False,False,False,False
2026-01-28 08:48:46,28.4,44.2,26.7,17.7,4.4,26.7,57,78,136,302,69,371,False,False,False,False,False,False
2026-01-28 08:48:48,28.4,44.2,26.9,17.6,4.2,26.9,57,79,136,302,69,371,False,False,False,False,False,False
2026-01-28 08:48:50,28.3,44.1,27.0,18.5,5.0,27.0,56,80,136,302,69,371,False,False,False,False,False,False
2026-01-28 08:48:52,28.3,44.0,26.9,17.8,4.3,26.9,55,81,136,302,69,371,False,False,False,False,False,False
2026-01-28 08:48:54,28.2,44.0,26.7,17.6,4.3,26.7,54,81,136,302,69,371,False,False,False,False,False,False
2026-01-28 08:48:56,28.1,44.1,28.6,19.5,5.2,28.6,53,82,136,302,69,371,False,False,False,False,False,False
2026-01-28 08:48:58,28.0,44.1,26.6,16.9,3.6,26.6,52,83,136,302,69,371,False,False,False,False,False,False
2026-01-28 08:49:00,27.9,44.1,26.0,16.7,3.7,26.0,93,43,136,302,69,371,False,False,False,False,False,False
2026-01-28 08:49:02,27.9,44.2,27.3,17.2,3.6,27.3,75,61,136,302,69,371,False,False,False,False,False,False
2026-01-28 08:49:04,27.8,44.2,27.4,18.1,4.4,27.4,74,61,136,302,69,371,False,False,False,False,False,False
2026-01-28 08:49:06,27.7,44.3,27.2,17.4,3.8,27.2,73,62,136,302,69,371,False,False,False,False,False,False
2026-01-28 08:49:08,27.7,44.4,28.9,18.3,3.8,28.9,73,63,136,302,69,371,False,False,False,False,False,False
2026-01-28 08:49:10,27.6,44.5,26.8,17.2,3.8,26.8,72,64,136,302,69,371,False,False,False,False,False,False
2026-01-28 08:49:12,27.5,44.5,27.6,18.1,4.3,27.6,71,64,136,302,69,371,False,False,False,False,False,False
2026-01-28 08:49:14,27.5,44.7,26.7,17.3,3.9,26.7,71,65,136,302,69,371,False,False,False,False,False,False
2026-01-28 08:49:16,27.4,44.8,26.9,17.5,4.1,26.9,70,66,136,302,69,371,False,False,False,False,False,False
2026-01-28 08:49:18,27.3,44.8,27.0,17.6,4.2,27.0,69,66,136,302,69,371,False,False,False,False,False,False
2026-01-28 08:49:20,27.3,44.9,26.1,17.2,4.2,26.1,68,67,136,302,69,371,False,False,False,False,False,False
2026-01-28 08:49:22,27.2,45.0,26.7,17.2,3.9,26.7,68,68,136,302,69,371,False,False,False,False,False,False
2026-01-28 08:49:24,27.1,45.1,26.5,17.6,4.4,26.5,67,68,136,302,69,371,False,False,False,False,False,False
2026-01-28 08:49:26,27.1,45.2,26.6,17.2,3.9,26.6,66,69,136,302,69,371,False,False,False,False,False,False
2026-01-28 08:49:28,27.0,45.3,27.0,18.4,4.9,27.0,66,70,136,302,69,371,False,False,False,False,False,False
2026-01-28 08:49:30,26.9,45.4,26.4,17.2,4.0,26.4,65,71,136,302,69,371,False,False,False,False,False,False
2026-01-28 08:49:32,26.9,45.5,26.4,17.0,3.7,26.4,64,71,136,302,69,371,False,False,False,False,False,False
2026-01-28 08:49:34,26.8,45.6,26.6,18.0,4.8,26.6,63,72,136,302,69,371,False,False,False,False,False,False
2026-01-28 08:49:36,26.8,45.7,26.4,17.2,4.0,26.4,62,73,136,302,69,371,False,False,False,False,False,False
2026-01-28 08:49:38,26.7,45.8,26.6,17.2,3.9,26.6,62,74,136,302,69,371,False,False,False,False,False,False
2026-01-28 08:49:40,26.6,45.9,26.2,16.5,3.3,26.2,61,75,136,302,69,371,False,False,False,False,False,False
2026-01-28 08:49:42,26.6,45.9,26.3,17.0,3.9,26.3,60,75,136,302,69,371,False,False,False,False,False,False
2026-01-28 08:49:44,26.5,46.1,26.3,17.0,3.9,26.3,59,76,136,302,69,371,False,False,False,False,False,False
2026-01-28 08:49:46,26.5,46.2,26.5,17.0,3.8,26.5,58,77,136,302,69,371,False,False,False,False,False,False
2026-01-28 08:49:48,26.4,46.3,26.3,16.8,3.7,26.3,58,78,136,302,69,371,False,False,False,False,False,False
2026-01-28 08:49:50,26.3,46.4,26.7,18.0,4.6,26.7,57,79,136,302,69,371,False,False,False,False,False,False
2026-01-28 08:49:52,26.3,46.5,26.3,16.9,3.7,26.3,56,79,136,302,69,371,False,False,False,False,False,False
2026-01-28 08:49:54,26.2,46.6,26.5,17.1,3.9,26.5,55,80,136,302,69,371,False,False,False,False,False,False
2026-01-28 08:49:56,26.2,46.7,26.8,17.0,3.6,26.8,54,81,136,302,69,371,False,False,False,False,False,False
2026-01-28 08:49:58,26.1,46.8,26.1,16.9,3.9,26.1,94,41,136,302,69,371,False,False,False,False,False,False
2026-01-28 08:50:00,26.1,46.9,27.5,17.7,4.0,27.5,76,59,136,302,69,371,False,False,False,False,False,False
2026-01-28 08:50:02,26.0,47.0,27.4,17.1,3.4,27.4,75,60,136,302,69,371,False,False,False,False,False,False
2026-01-28 08:50:04,26.0,47.1,27.5,18.3,4.6,27.5,75,61,136,302,69,371,False,False,False,False,False,False
2026-01-28 08:50:06,25.9,47.2,27.9,17.4,3.4,27.9,74,62,136,302,69,371,False,False,False,False,False,False
2026-01-28 08:50:08,25.9,47.3,27.0,17.5,4.0,27.0,73,62,136,302,69,371,False,False,False,False,False,False
2026-01-28 08:50:10,25.8,47.3,27.0,17.5,4.0,27.0,72,63,136,302,69,371,False,False,False,False,False,False
2026-01-28 08:50:12,25.8,47.5,26.7,17.1,3.7,26.7,71,64,136,302,69,371,False,False,False,False,False,False
2026-01-28 08:50:14,25.7,47.6,26.8,17.3,3.9,26.8,71,65,136,302,69,371,False,False,False,False,False,False
2026-01-28 08:50:16,25.7,47.8,27.0,17.5,4.0,27.0,70,66,136,302,69,371,False,False,False,False,False,False
2026-01-28 08:50:18,25.7,47.7,26.7,17.5,4.1,26.7,69,66,136,302,69,371,False,False,False,False,False,False
2026-01-28 08:50:20,25.6,47.8,26.2,17.9,4.8,26.2,68,67,136,302,69,371,False,False,False,False,False,False
2026-01-28 08:50:22,25.6,47.9,26.6,17.3,4.0,26.6,67,68,136,302,69,371,False,False,False,False,False,False
2026-01-28 08:50:24,25.5,48.1,26.6,17.3,4.0,26.6,67,69,136,302,69,371,False,False,False,False,False,False
2026-01-28 08:50:26,25.5,48.2,26.7,17.2,3.8,26.7,66,70,136,302,69,371,False,False,False,False,False,False
2026-01-28 08:50:28,25.4,48.2,26.6,18.1,4.7,26.6,65,71,136,302,69,371,False,False,False,False,False,False
2026-01-28 08:50:30,25.4,48.3,26.3,17.1,3.9,26.3,64,71,136,302,69,371,False,False,False,False,False,False
2026-01-28 08:50:32,25.4,48.4,26.4,17.1,3.9,26.4,63,72,136,302,69,371,False,False,False,False,False,False
2026-01-28 08:50:34,25.3,48.5,26.5,17.7,4.5,26.5,63,73,136,302,69,371,False,False,False,False,False,False
2026-01-28 08:50:36,25.3,48.6,26.6,17.3,4.0,26.6,62,74,136,302,69,371,False,False,False,False,False,False
2026-01-28 08:50:38,25.2,48.7,26.4,17.1,3.9,26.4,61,75,136,302,69,371,False,False,False,False,False,False
2026-01-28 08:50:40,25.2,48.7,26.3,17.0,3.9,26.3,60,76,136,302,69,371,False,False,False,False,False,False
2026-01-28 08:50:42,25.1,48.8,26.3,17.2,4.0,26.3,59,76,136,302,69,371,False,False,False,False,False,False
2026-01-28 08:50:44,25.1,48.9,26.5,17.5,4.2,26.5,58,77,136,302,69,371,False,False,False,False,False,False
2026-01-28 08:50:46,25.1,49.0,26.2,17.3,4.2,26.2,58,78,136,302,69,371,False,False,False,False,False,False
2026-01-28 08:50:48,25.0,49.0,26.4,17.0,3.8,26.4,57,79,136,302,69,371,False,False,False,False,False,False
2026-01-28 08:50:50,25.0,49.2,26.8,18.2,4.7,26.8,56,79,136,302,69,371,False,False,False,False,False,False
2026-01-28 08:50:52,24.9,49.3,26.5,17.2,4.0,26.5,55,80,136,302,69,371,False,False,False,False,False,False
2026-01-28 08:50:54,24.9,49.3,26.8,17.8,4.4,26.8,54,81,136,302,69,371,False,False,False,False,False,False
2026-01-28 08:50:56,24.8,49.4,26.0,17.0,4.0,26.0,94,41,136,302,69,371,False,False,False,False,False,False
2026-01-28 08:50:58,24.8,49.5,27.6,17.8,4.0,27.6,76,59,136,302,69,371,False,False,False,False,False,False
2026-01-28 08:51:00,24.8,49.6,27.3,17.5,3.9,27.3,75,60,136,302,69,371,False,False,False,False,False,False
2026-01-28 08:51:02,24.7,49.7,27.2,17.7,4.1,27.2,75,61,136,302,69,371,False,False,False,False,False,False
2026-01-28 08:51:04,24.7,49.7,27.6,18.4,4.5,27.6,74,61,136,302,69,371,False,False,False,False,False,False
2026-01-28 08:51:06,24.7,49.9,27.1,17.2,3.7,27.1,73,62,136,302,69,371,False,False,False,False,False,False
2026-01-28 08:51:08,24.6,49.9,27.0,17.0,3.5,27.0,72,63,136,302,69,371,False,False,False,False,False,False
2026-01-28 08:51:10,24.6,50.0,26.9,17.0,3.6,26.9,71,64,136,302,69,371,False,False,False,False,False,False
2026-01-28 08:51:12,24.6,50.1,28.3,18.5,4.3,28.3,71,65,136,302,69,371,False,False,False,False,False,False
2026-01-28 08:51:14,24.5,50.2,26.9,16.8,3.4,26.9,70,66,136,302,69,371,False,False,False,False,False,False
2026-01-28 08:51:16,24.5,50.2,26.7,17.3,3.9,26.7,69,66,136,302,69,371,False,False,False,False,False,False
2026-01-28 08:51:18,24.4,50.3,26.7,17.5,4.2,26.7,68,67,136,302,69,371,False,False,False,False,False,False
2026-01-28 08:51:20,24.4,50.5,26.1,17.6,4.6,26.1,67,68,136,302,69,371,False,False,False,False,False,False
2026-01-28 08:51:22,24.4,50.5,26.6,17.0,3.7,26.6,67,69,136,302,69,371,False,False,False,False,False,False
2026-01-28 08:51:24,24.3,50.6,26.8,17.5,4.1,26.8,66,70,136,302,69,371,False,False,False,False,False,False
2026-01-28 08:51:26,24.3,50.6,26.5,17.4,4.2,26.5,65,71,136,302,69,371,False,False,False,False,False,False
2026-01-28 08:51:28,24.3,50.7,26.6,18.1,4.8,26.6,64,71,136,302,69,371,False,False,False,False,False,False
2026-01-28 08:51:30,24.3,50.8,26.5,17.4,4.2,26.5,63,72,136,302,69,371,False,False,False,False,False,False
2026-01-28 08:51:32,24.2,50.9,26.4,17.3,4.1,26.4,62,73,136,302,69,371,False,False,False,False,False,False
2026-01-28 08:51:34,24.2,51.0,26.8,17.9,4.5,26.8,62,74,136,302,69,371,False,False,False,False,False,False
2026-01-28 08:51:36,24.2,51.0,26.4,17.5,4.2,26.4,61,75,136,302,69,371,False,False,False,False,False,False
2026-01-28 08:51:38,24.2,51.1,26.3,17.1,3.9,26.3,60,75,136,302,69,371,False,False,False,False,False,False
2026-01-28 08:51:40,24.1,51.2,26.4,17.5,4.3,26.4,59,76,136,302,69,371,False,False,False,False,False,False
2026-01-28 08:51:42,24.1,51.3,26.5,17.4,4.1,26.5,58,77,136,302,69,371,False,False,False,False,False,False
2026-01-28 08:51:44,24.1,51.4,26.1,16.8,3.7,26.1,58,78,136,302,69,371,False,False,False,False,False,False
2026-01-28 08:51:46,24.0,51.5,26.2,17.0,3.9,26.2,57,79,136,302,69,371,False,False,False,False,False,False
2026-01-28 08:51:48,24.0,51.5,26.5,17.0,3.8,26.5,56,79,136,302,69,371,False,False,False,False,False,False
2026-01-28 08:51:50,24.0,51.6,25.7,17.4,4.5,25.7,55,81,136,302,69,371,False,False,False,False,False,False
2026-01-28 08:51:52,23.9,51.7,29.7,18.2,3.3,29.7,54,81,136,302,69,371,False,False,False,False,False,False
2026-01-28 08:51:54,23.9,51.8,26.2,16.6,3.6,26.2,94,41,136,302,69,371,False,False,False,False,False,False
2026-01-28 08:51:56,23.9,51.8,28.0,17.5,3.5,28.0,76,60,136,302,69,371,False,False,False,False,False,False
2026-01-28 08:51:58,23.8,51.9,27.6,17.8,4.0,27.6,75,60,136,302,69,371,False,False,False,False,False,False
2026-01-28 08:52:00,23.8,51.9,27.2,17.3,3.7,27.2,74,61,136,302,69,371,False,False,False,False,False,False
2026-01-28 08:52:02,23.8,52.0,27.5,17.5,3.7,27.5,73,62,136,302,69,371,False,False,False,False,False,False
2026-01-28 08:52:04,23.8,52.0,27.6,18.2,4.4,27.6,73,63,136,302,69,371,False,False,False,False,False,False
2026-01-28 08:52:06,23.7,52.1,26.8,17.3,3.9,26.8,72,64,136,302,69,371,False,False,False,False,False,False
2026-01-28 08:52:08,23.7,52.1,27.0,17.4,3.9,27.0,71,64,136,302,69,371,False,False,False,False,False,False
2026-01-28 08:52:10,23.7,52.3,27.0,17.5,4.0,27.0,70,65,136,302,69,371,False,False,False,False,False,False
2026-01-28 08:52:12,23.7,52.3,27.1,17.4,3.9,27.1,69,66,136,302,69,371,False,False,False,False,False,False
2026-01-28 08:52:14,23.7,52.3,27.0,17.8,4.3,27.0,69,67,136,302,69,371,False,False,False,False,False,False
2026-01-28 08:52:16,23.6,52.4,26.7,17.2,3.9,26.7,68,68,136,302,69,371,False,False,False,False,False,False
2026-01-28 08:52:18,23.6,52.5,26.8,17.6,4.2,26.8,67,68,136,302,69,371,False,False,False,False,False,False
2026-01-28 08:52:20,23.6,52.4,26.2,17.7,4.7,26.2,66,69,136,302,69,371,False,False,False,False,False,False
2026-01-28 08:52:22,23.6,52.5,26.9,17.3,3.9,26.9,65,70,136,302,69,371,False,False,False,False,False,False
2026-01-28 08:52:24,23.5,52.5,26.5,17.0,3.8,26.5,64,71,136,302,69,371,False,False,False,False,False,False
2026-01-28 08:52:26,23.5,52.6,26.6,17.4,4.1,26.6,64,72,136,302,69,371,False,False,False,False,False,False
2026-01-28 08:52:28,23.5,52.7,26.6,17.9,4.5,26.6,63,73,136,302,69,371,False,False,False,False,False,False
2026-01-28 08:52:30,23.5,52.8,26.5,17.1,3.8,26.5,62,73,136,302,69,371,False,False,False,False,False,False
2026-01-28 08:52:32,23.5,52.8,26.7,17.3,4.0,26.7,61,74,136,302,69,371,False,False,False,False,False,False
2026-01-28 08:52:34,23.4,52.8,26.5,17.5,4.3,26.5,60,73,134,305,66,371,False,False,False,False,False,False
2026-01-28 08:52:36,23.4,52.9,26.5,17.0,3.8,26.5,60,76,136,302,69,371,False,False,False,False,False,False
2026-01-28 08:52:38,23.4,53.0,26.4,16.6,3.4,26.4,59,77,136,302,69,371,False,False,False,False,False,False
2026-01-28 08:52:40,23.4,53.0,26.6,17.0,3.7,26.6,58,77,136,302,69,371,False,False,False,False,False,False
2026-01-28 08:52:42,23.4,53.1,26.3,16.7,3.5,26.3,57,78,136,302,69,371,False,False,False,False,False,False
2026-01-28 08:52:44,23.3,53.1,26.5,16.9,3.7,26.5,56,79,136,302,69,371,False,False,False,False,False,False
2026-01-28 08:52:46,23.3,53.2,26.6,17.2,3.9,26.6,56,80,136,302,69,371,False,False,False,False,False,False
2026-01-28 08:52:48,23.3,53.3,26.5,16.9,3.6,26.5,55,81,136,302,69,371,False,False,False,False,False,False
2026-01-28 08:52:50,23.3,53.2,26.4,17.7,4.5,26.4,54,81,136,302,69,371,False,False,False,False,False,False
2026-01-28 08:52:52,23.3,53.4,26.3,17.0,3.9,26.3,94,41,136,302,69,371,False,False,False,False,False,False
2026-01-28 08:52:54,23.2,53.4,27.6,17.6,3.8,27.6,76,59,136,302,69,371,False,False,False,False,False,False
2026-01-28 08:52:56,23.2,53.4,27.5,17.3,3.6,27.5,75,60,136,302,69,371,False,False,False,False,False,False
2026-01-28 08:52:58,23.2,53.5,27.4,17.2,3.5,27.4,75,61,136,302,69,371,False,False,False,False,False,False
2026-01-28 08:53:00,23.2,53.5,27.4,17.4,3.7,27.4,74,62,136,302,69,371,False,False,False,False,False,False
2026-01-28 08:53:02,23.2,53.5,27.1,17.4,3.9,27.1,73,63,136,302,69,371,False,False,False,False,False,False
2026-01-28 08:53:04,23.2,53.6,27.5,18.3,4.5,27.5,73,61,134,305,66,371,False,False,False,False,False,False
2026-01-28 08:53:06,23.2,53.7,27.0,17.7,4.2,27.0,71,64,136,302,69,371,False,False,False,False,False,False
2026-01-28 08:53:08,23.1,54.1,27.1,17.3,3.8,27.1,71,65,136,302,69,371,False,False,False,False,False,False
2026-01-28 08:53:10,23.1,54.5,28.0,18.1,4.1,28.0,70,66,136,302,69,371,False,False,False,False,False,False
2026-01-28 08:53:12,23.1,54.6,26.9,17.6,4.1,26.9,69,66,136,302,69,371,False,False,False,False,False,False
2026-01-28 08:53:14,23.1,54.6,26.9,17.7,4.2,26.9,68,67,136,302,69,371,False,False,False,False,False,False
2026-01-28 08:53:16,23.1,54.6,26.6,17.3,4.1,26.6,67,68,136,302,69,371,False,False,False,False,False,False
2026-01-28 08:53:18,23.1,54.6,26.8,17.4,4.0,26.8,67,69,136,302,69,371,False,False,False,False,False,False
2026-01-28 08:53:20,23.1,54.5,27.2,18.3,4.7,27.2,66,70,136,302,69,371,False,False,False,False,False,False
2026-01-28 08:53:22,23.1,54.5,26.7,16.9,3.5,26.7,65,71,136,302,69,371,False,False,False,False,False,False
2026-01-28 08:53:24,23.0,54.5,26.5,16.9,3.6,26.5,64,71,136,302,69,371,False,False,False,False,False,False
2026-01-28 08:53:26,23.0,54.5,26.5,16.8,3.5,26.5,63,72,136,302,69,371,False,False,False,False,False,False
2026-01-28 08:53:28,23.0,54.5,26.7,17.9,4.5,26.7,62,73,136,302,69,371,False,False,False,False,False,False
2026-01-28 08:53:30,23.0,54.5,26.6,17.3,4.0,26.6,62,74,136,302,69,371,False,False,False,False,False,False
2026-01-28 08:53:32,23.0,54.5,26.3,17.0,3.9,26.3,60,75,136,302,69,371,False,False,False,False,False,False
2026-01-28 08:53:34,23.0,54.5,26.4,17.1,3.9,26.4,60,76,136,302,69,371,False,False,False,False,False,False
2026-01-28 08:53:36,23.0,54.5,26.8,18.5,5.1,26.8,59,77,136,302,69,371,False,False,False,False,False,False
2026-01-28 08:53:38,23.0,54.5,26.6,17.0,3.7,26.6,58,77,136,302,69,371,False,False,False,False,False,False
2026-01-28 08:53:40,23.0,54.4,26.5,17.3,4.0,26.5,57,78,136,302,69,371,False,False,False,False,False,False
2026-01-28 08:53:42,23.0,54.4,26.4,17.0,3.8,26.4,56,79,136,302,69,371,False,False,False,False,False,False
2026-01-28 08:53:44,23.0,54.4,26.5,17.2,3.9,26.5,56,80,136,302,69,371,False,False,False,False,False,False
2026-01-28 08:53:46,23.0,54.4,27.0,17.4,3.9,27.0,55,81,136,302,69,371,False,False,False,False,False,False
2026-01-28 08:53:48,23.0,54.4,26.8,17.2,3.8,26.8,54,81,136,302,69,371,False,False,False,False,False,False
2026-01-28 08:53:50,22.9,54.4,26.0,17.7,4.7,26.0,94,41,136,302,69,371,False,False,False,False,False,False
2026-01-28 08:53:52,22.9,54.4,27.7,17.4,3.6,27.7,76,59,136,302,69,371,False,False,False,False,False,False
2026-01-28 08:53:54,22.9,54.4,27.5,17.5,3.8,27.5,75,60,136,302,69,371,False,False,False,False,False,False
2026-01-28 08:53:56,22.9,54.4,27.5,17.9,4.2,27.5,75,61,136,302,69,371,False,False,False,False,False,False
2026-01-28 08:53:58,22.9,54.5,0.0,0.0,0.0,0.0,74,62,136,302,69,371,False,False,False,False,False,False
2026-01-28 08:54:00,22.9,54.5,27.3,17.3,3.7,27.3,73,62,136,302,69,371,False,False,False,False,False,False
2026-01-28 08:54:02,22.9,54.6,27.2,17.6,4.0,27.2,72,63,136,302,69,371,False,False,False,False,False,False
2026-01-28 08:54:04,22.9,54.5,27.1,17.3,3.7,27.1,71,64,136,302,69,371,False,False,False,False,False,False
2026-01-28 08:54:06,22.9,54.6,27.3,18.2,4.5,27.3,71,65,136,302,69,371,False,False,False,False,False,False
2026-01-28 08:54:08,22.9,54.5,27.2,17.1,3.5,27.2,70,66,136,302,69,371,False,False,False,False,False,False
2026-01-28 08:54:10,22.9,54.6,26.9,16.7,3.3,26.9,69,66,136,302,69,371,False,False,False,False,False,False
2026-01-28 08:54:12,22.9,54.6,26.7,17.1,3.7,26.7,68,67,136,302,69,371,False,False,False,False,False,False
2026-01-28 08:54:14,22.9,54.6,26.8,17.3,3.9,26.8,67,68,136,302,69,371,False,False,False,False,False,False
2026-01-28 08:54:16,22.9,54.7,26.6,17.2,3.9,26.6,67,69,136,302,69,371,False,False,False,False,False,False
2026-01-28 08:54:18,22.9,54.7,26.9,17.6,4.2,26.9,66,70,136,302,69,371,False,False,False,False,False,False
2026-01-28 08:54:20,22.9,54.6,26.6,17.5,4.3,26.6,65,71,136,302,69,371,False,False,False,False,False,False
2026-01-28 08:54:22,22.9,54.7,26.6,16.9,3.6,26.6,64,71,136,302,69,371,False,False,False,False,False,False
2026-01-28 08:54:24,22.9,54.8,26.6,17.0,3.7,26.6,63,72,136,302,69,371,False,False,False,False,False,False
2026-01-28 08:54:26,22.9,54.8,26.5,17.2,3.9,26.5,62,73,136,302,69,371,False,False,False,False,False,False
2026-01-28 08:54:28,22.9,54.8,27.0,18.2,4.7,27.0,62,74,136,302,69,371,False,False,False,False,False,False
2026-01-28 08:54:30,22.9,54.7,26.5,17.2,3.9,26.5,61,75,136,302,69,371,False,False,False,False,False,False
2026-01-28 08:54:32,22.9,54.8,26.2,17.0,3.9,26.2,60,75,136,302,69,371,False,False,False,False,False,False
2026-01-28 08:54:34,22.9,54.8,26.4,16.9,3.7,26.4,59,76,136,302,69,371,False,False,False,False,False,False
2026-01-28 08:54:36,22.9,54.7,27.0,18.2,4.7,27.0,58,77,136,302,69,371,False,False,False,False,False,False
2026-01-28 08:54:38,22.9,54.7,26.5,17.2,4.0,26.5,58,78,136,302,69,371,False,False,False,False,False,False
2026-01-28 08:54:40,22.9,54.8,26.5,17.2,4.0,26.5,57,79,136,302,69,371,False,False,False,False,False,False
2026-01-28 08:54:42,22.9,54.7,26.5,17.0,3.8,26.5,56,79,136,302,69,371,False,False,False,False,False,False
2026-01-28 08:54:44,22.9,54.8,26.7,17.4,4.1,26.7,55,80,136,302,69,371,False,False,False,False,False,False
2026-01-28 08:54:46,22.9,54.7,26.9,17.4,4.0,26.9,54,81,136,302,69,371,False,False,False,False,False,False
2026-01-28 08:54:48,22.9,54.7,26.2,17.2,4.1,26.2,94,41,136,302,69,371,False,False,False,False,False,False
2026-01-28 08:54:50,22.9,54.8,27.3,18.0,4.3,27.3,76,59,136,302,69,371,False,False,False,False,False,False
2026-01-28 08:54:52,22.8,54.8,27.5,17.4,3.6,27.5,75,60,136,302,69,371,False,False,False,False,False,False
2026-01-28 08:54:54,22.8,54.8,27.5,17.4,3.7,27.5,75,61,136,302,69,371,False,False,False,False,False,False
2026-01-28 08:54:56,22.8,54.8,27.7,17.9,4.1,27.7,74,62,136,302,69,371,False,False,False,False,False,False
2026-01-28 08:54:58,22.8,54.9,27.3,17.2,3.6,27.3,73,62,136,302,69,371,False,False,False,False,False,False
2026-01-28 08:55:00,22.8,54.8,27.2,17.4,3.8,27.2,72,63,136,302,69,371,False,False,False,False,False,False
2026-01-28 08:55:02,22.8,54.9,27.1,17.4,3.8,27.1,71,64,136,302,69,371,False,False,False,False,False,False
2026-01-28 08:55:04,22.8,54.8,26.8,17.0,3.6,26.8,71,65,136,302,69,371,False,False,False,False,False,False
2026-01-28 08:55:06,22.8,54.9,27.5,18.3,4.5,27.5,70,66,136,302,69,371,False,False,False,False,False,False
2026-01-28 08:55:08,22.8,54.8,26.9,17.1,3.7,26.9,69,66,136,302,69,371,False,False,False,False,False,False
2026-01-28 08:55:10,22.8,54.9,27.4,17.6,3.9,27.4,68,67,136,302,69,371,False,False,False,False,False,False
2026-01-28 08:55:12,22.8,55.0,26.6,16.9,3.6,26.6,67,68,136,302,69,371,False,False,False,False,False,False
2026-01-28 08:55:14,22.8,54.9,26.9,17.9,4.5,26.9,67,69,136,302,69,371,False,False,False,False,False,False
2026-01-28 08:55:16,22.8,55.0,26.8,17.4,4.0,26.8,66,70,136,302,69,371,False,False,False,False,False,False
2026-01-28 08:55:18,22.8,55.0,26.7,17.6,4.2,26.7,65,71,136,302,69,371,False,False,False,False,False,False
2026-01-28 08:55:20,22.8,55.0,26.4,17.3,4.1,26.4,64,71,136,302,69,371,False,False,False,False,False,False
2026-01-28 08:55:22,22.8,55.0,26.5,17.3,4.1,26.5,63,72,136,302,69,371,False,False,False,False,False,False
2026-01-28 08:55:24,22.8,55.1,26.4,17.0,3.7,26.4,62,73,136,302,69,371,False,False,False,False,False,False
2026-01-28 08:55:26,22.8,55.0,26.8,17.5,4.1,26.8,62,74,136,302,69,371,False,False,False,False,False,False
2026-01-28 08:55:28,22.7,55.0,27.3,18.2,4.6,27.3,61,75,136,302,69,371,False,False,False,False,False,False
2026-01-28 08:55:30,22.7,55.0,25.8,16.7,3.8,25.8,60,75,136,302,69,371,False,False,False,False,False,False
2026-01-28 08:55:32,22.8,55.1,26.5,17.1,3.9,26.5,59,76,136,302,69,371,False,False,False,False,False,False
2026-01-28 08:55:34,22.7,55.1,26.5,17.1,3.9,26.5,58,77,136,302,69,371,False,False,False,False,False,False
2026-01-28 08:55:36,22.7,55.1,27.0,18.1,4.5,27.0,58,78,136,302,69,371,False,False,False,False,False,False
2026-01-28 08:55:38,22.7,55.1,26.5,17.0,3.8,26.5,57,79,136,302,69,371,False,False,False,False,False,False
2026-01-28 08:55:40,22.7,55.1,26.5,17.4,4.1,26.5,56,79,136,302,69,371,False,False,False,False,False,False
2026-01-28 08:55:42,22.7,55.1,26.6,17.5,4.2,26.6,55,80,136,302,69,371,False,False,False,False,False,False
2026-01-28 08:55:44,22.7,55.2,26.9,17.2,3.8,26.9,54,81,136,302,69,371,False,False,False,False,False,False
2026-01-28 08:55:46,22.7,55.2,26.2,16.9,3.8,26.2,95,41,136,302,69,371,False,False,False,False,False,False
2026-01-28 08:55:48,22.7,55.2,27.5,17.7,4.0,27.5,76,60,136,302,69,371,False,False,False,False,False,False
2026-01-28 08:55:50,22.7,55.2,27.3,18.0,4.3,27.3,76,60,136,302,69,371,False,False,False,False,False,False
2026-01-28 08:55:52,22.7,55.2,26.6,17.5,4.2,26.6,75,61,136,302,69,371,False,False,False,False,False,False
2026-01-28 08:55:54,22.7,55.2,26.5,17.0,3.7,26.5,74,62,136,302,69,371,False,False,False,False,False,False
2026-01-28 08:55:56,22.7,55.3,27.3,18.1,4.5,27.3,73,62,136,302,69,371,False,False,False,False,False,False
2026-01-28 08:55:58,22.7,55.2,27.1,17.4,3.9,27.1,72,63,136,302,69,371,False,False,False,False,False,False
2026-01-28 08:56:00,22.7,55.2,27.0,17.3,3.8,27.0,71,64,136,302,69,371,False,False,False,False,False,False
2026-01-28 08:56:02,22.7,55.3,27.5,17.6,3.8,27.5,71,65,136,302,69,371,False,False,False,False,False,False
2026-01-28 08:56:04,22.7,55.4,26.4,17.0,3.9,26.4,70,66,136,302,69,371,False,False,False,False,False,False
2026-01-28 08:56:06,22.7,55.4,27.3,18.1,4.4,27.3,69,66,136,302,69,371,False,False,False,False,False,False
2026-01-28 08:56:08,22.7,55.4,26.6,17.2,3.9,26.6,68,67,136,302,69,371,False,False,False,False,False,False
2026-01-28 08:56:10,22.7,55.4,26.6,17.2,3.9,26.6,67,68,136,302,69,371,False,False,False,False,False,False
2026-01-28 08:56:12,22.6,55.4,26.6,17.2,3.9,26.6,67,69,136,302,69,371,False,False,False,False,False,False
2026-01-28 08:56:14,22.7,55.4,26.8,17.1,3.7,26.8,66,70,136,302,69,371,False,False,False,False,False,False
2026-01-28 08:56:16,22.7,55.4,26.5,17.3,4.0,26.5,65,71,136,302,69,371,False,False,False,False,False,False
2026-01-28 08:56:18,22.7,55.4,26.4,17.5,4.2,26.4,64,71,136,302,69,371,False,False,False,False,False,False
2026-01-28 08:56:20,23.2,55.4,26.3,17.5,4.4,26.3,63,72,136,302,69,371,False,True,False,False,False,False
2026-01-28 08:56:22,28.8,53.1,31.9,22.6,6.6,31.9,62,73,136,302,69,371,False,True,False,False,True,False
2026-01-28 08:56:24,34.4,47.3,33.8,23.9,7.0,33.8,60,76,136,302,69,371,False,False,False,False,True,False
2026-01-28 08:56:26,34.2,42.7,31.0,22.0,6.4,31.0,59,76,136,302,69,371,False,False,False,False,False,False
2026-01-28 08:56:28,33.4,40.9,27.0,18.6,5.1,27.0,58,77,136,302,69,371,False,False,False,False,False,False
2026-01-28 08:56:30,33.1,40.1,26.9,17.5,4.1,26.9,57,78,136,302,69,371,False,False,False,False,False,False
2026-01-28 08:56:32,33.0,39.5,27.8,18.5,4.6,27.8,57,79,136,302,69,371,False,False,False,False,False,False
2026-01-28 08:56:34,32.9,39.0,26.1,17.2,4.2,26.1,56,80,136,302,69,371,False,False,False,False,False,False
2026-01-28 08:56:36,32.8,38.6,27.3,18.6,4.9,27.3,55,81,136,302,69,371,False,False,False,False,False,False
2026-01-28 08:56:38,32.8,38.5,26.7,17.3,3.9,26.7,54,81,136,302,69,371,False,False,False,False,False,False
2026-01-28 08:56:40,32.7,38.4,26.8,17.9,4.5,26.8,53,82,136,302,69,371,False,False,False,False,False,False
2026-01-28 08:56:42,32.6,38.2,27.1,17.9,4.4,27.1,52,83,136,302,69,371,False,False,False,False,False,False
2026-01-28 08:56:44,32.5,37.9,26.4,17.7,4.5,26.4,93,43,136,302,69,371,False,False,False,False,False,False
2026-01-28 08:56:46,32.3,37.8,26.2,17.5,4.3,26.2,78,58,136,302,69,371,False,False,False,False,False,False
2026-01-28 08:56:48,32.2,37.7,27.6,18.4,4.6,27.6,74,62,136,302,69,371,False,False,False,False,False,False
2026-01-28 08:56:50,32.1,37.7,27.8,18.9,5.1,27.8,73,62,136,302,69,371,False,False,False,False,False,False
2026-01-28 08:56:52,32.0,37.7,28.1,18.6,4.6,28.1,72,63,136,302,69,371,False,False,False,False,False,False
2026-01-28 08:56:54,31.8,37.7,27.7,18.3,4.4,27.7,71,64,136,302,69,371,False,False,False,False,False,False
2026-01-28 08:56:56,31.7,37.8,30.5,20.7,5.5,30.5,70,65,136,302,69,371,False,False,False,False,False,False
2026-01-28 08:56:58,31.6,37.8,27.0,17.2,3.7,27.0,70,66,136,302,69,371,False,False,False,False,False,False
2026-01-28 08:57:00,31.4,37.9,26.8,17.3,3.9,26.8,69,67,136,302,69,371,False,False,False,False,False,False
2026-01-28 08:57:02,31.3,38.1,26.9,17.4,3.9,26.9,68,67,136,302,69,371,False,False,False,False,False,False
2026-01-28 08:57:04,31.2,38.1,26.6,17.3,4.0,26.6,67,68,136,302,69,371,False,False,False,False,False,False
2026-01-28 08:57:06,31.0,38.3,27.8,19.0,5.1,27.8,67,69,136,302,69,371,False,False,False,False,False,False
2026-01-28 08:57:08,30.9,38.4,25.9,16.9,3.9,25.9,66,69,136,302,69,371,False,False,False,False,False,False
2026-01-28 08:57:10,30.8,38.7,26.5,16.9,3.7,26.5,65,70,136,302,69,371,False,False,False,False,False,False
2026-01-28 08:57:12,30.6,38.8,27.2,17.6,4.0,27.2,65,71,136,302,69,371,False,False,False,False,False,False
2026-01-28 08:57:14,30.5,38.9,26.5,17.6,4.3,26.5,64,71,136,302,69,371,False,False,False,False,False,False
2026-01-28 08:57:16,30.4,39.1,26.5,17.5,4.2,26.5,63,72,136,302,69,371,False,False,False,False,False,False
2026-01-28 08:57:18,30.2,39.3,26.3,17.4,4.2,26.3,63,73,136,302,69,371,False,False,False,False,False,False
2026-01-28 08:57:20,30.1,39.4,26.5,17.9,4.6,26.5,62,73,136,302,69,371,False,False,False,False,False,False
2026-01-28 08:57:22,30.0,39.5,26.8,17.5,4.1,26.8,61,74,136,302,69,371,False,False,False,False,False,False
2026-01-28 08:57:24,29.9,39.8,26.4,17.0,3.8,26.4,61,75,136,302,69,371,False,False,False,False,False,False
2026-01-28 08:57:26,29.7,39.9,26.4,17.4,4.2,26.4,60,76,136,302,69,371,False,False,False,False,False,False
2026-01-28 08:57:28,29.6,40.0,26.6,17.8,4.6,26.6,59,76,136,302,69,371,False,False,False,False,False,False
2026-01-28 08:57:30,29.5,40.2,26.6,17.3,4.0,26.6,58,77,136,302,69,371,False,False,False,False,False,False
2026-01-28 08:57:32,29.4,40.4,26.3,17.0,3.9,26.3,58,78,136,302,69,371,False,False,False,False,False,False
2026-01-28 08:57:34,29.3,40.7,26.5,17.6,4.4,26.5,57,79,136,302,69,371,False,False,False,False,False,False
2026-01-28 08:57:36,29.2,40.8,27.4,18.6,4.9,27.4,56,79,136,302,69,371,False,False,False,False,False,False
2026-01-28 08:57:38,29.1,41.0,25.9,16.8,3.9,25.9,55,80,136,302,69,371,False,False,False,False,False,False
2026-01-28 08:57:40,29.0,41.1,27.1,17.5,3.9,27.1,54,81,136,302,69,371,False,False,False,False,False,False
2026-01-28 08:57:42,28.8,41.3,25.8,16.7,3.8,25.8,95,41,136,302,69,371,False,False,False,False,False,False
2026-01-28 08:57:44,28.7,41.6,27.6,18.1,4.3,27.6,76,59,136,302,69,371,False,False,False,False,False,False
2026-01-28 08:57:46,28.6,41.8,27.3,17.4,3.8,27.3,75,60,136,302,69,371,False,False,False,False,False,False
2026-01-28 08:57:48,28.6,42.1,27.3,17.5,3.9,27.3,75,61,136,302,69,371,False,False,False,False,False,False
2026-01-28 08:57:50,28.5,42.1,27.3,18.1,4.5,27.3,74,62,136,302,69,371,False,False,False,False,False,False
2026-01-28 08:57:52,28.4,42.3,27.0,17.6,4.1,27.0,73,62,136,302,69,371,False,False,False,False,False,False
2026-01-28 08:57:54,28.3,42.5,27.1,17.4,3.9,27.1,72,63,136,302,69,371,False,False,False,False,False,False
2026-01-28 08:57:56,28.2,42.6,27.1,17.6,4.1,27.1,71,64,136,302,69,371,False,False,False,False,False,False
2026-01-28 08:57:58,28.1,42.7,27.0,17.4,3.9,27.0,71,65,136,302,69,371,False,False,False,False,False,False
2026-01-28 08:58:00,28.0,42.8,27.2,17.8,4.2,27.2,70,66,136,302,69,371,False,False,False,False,False,False
2026-01-28 08:58:02,27.9,42.9,26.8,16.8,3.4,26.8,69,66,136,302,69,371,False,False,False,False,False,False
2026-01-28 08:58:04,27.9,43.3,26.8,17.0,3.6,26.8,68,67,136,302,69,371,False,False,False,False,False,False
2026-01-28 08:58:06,27.8,43.4,25.9,17.6,4.6,25.9,67,68,136,302,69,371,False,False,False,False,False,False
2026-01-28 08:58:08,27.7,43.6,26.6,17.1,3.7,26.6,67,69,136,302,69,371,False,False,False,False,False,False
2026-01-28 08:58:10,27.6,43.7,27.4,17.5,3.8,27.4,66,70,136,302,69,371,False,False,False,False,False,False
2026-01-28 08:58:12,27.6,43.8,26.0,16.7,3.8,26.0,65,71,136,302,69,371,False,False,False,False,False,False
2026-01-28 08:58:14,27.5,43.9,26.8,17.3,3.9,26.8,64,71,136,302,69,371,False,False,False,False,False,False
2026-01-28 08:58:16,27.4,44.1,26.2,17.2,4.1,26.2,63,72,136,302,69,371,False,False,False,False,False,False
2026-01-28 08:58:18,27.3,44.2,26.5,17.3,4.1,26.5,62,73,136,302,69,371,False,False,False,False,False,False
2026-01-28 08:58:20,27.3,44.3,26.7,17.7,4.4,26.7,62,74,136,302,69,371,False,False,False,False,False,False
2026-01-28 08:58:22,27.2,44.4,26.4,17.1,3.9,26.4,61,75,136,302,69,371,False,False,False,False,False,False
2026-01-28 08:58:24,27.2,44.6,26.2,16.7,3.6,26.2,60,75,136,302,69,371,False,False,False,False,False,False
2026-01-28 08:58:26,27.1,44.7,26.4,17.6,4.4,26.4,59,76,136,302,69,371,False,False,False,False,False,False
2026-01-28 08:58:28,27.0,44.8,26.7,18.0,4.6,26.7,58,77,136,302,69,371,False,False,False,False,False,False
2026-01-28 08:58:30,26.9,44.9,26.4,17.1,4.0,26.4,58,78,136,302,69,371,False,False,False,False,False,False
2026-01-28 08:58:32,26.9,45.0,26.5,17.0,3.7,26.5,57,79,136,302,69,371,False,False,False,False,False,False
2026-01-28 08:58:34,26.8,45.2,26.6,17.3,4.0,26.6,56,79,136,302,69,371,False,False,False,False,False,False
2026-01-28 08:58:36,26.7,45.3,26.9,17.8,4.4,26.9,55,80,136,302,69,371,False,False,False,False,False,False
2026-01-28 08:58:38,26.7,45.3,26.8,17.4,4.0,26.8,54,81,136,302,69,371,False,False,False,False,False,False
2026-01-28 08:58:40,26.6,45.5,26.0,16.8,3.8,26.0,95,41,136,302,69,371,False,False,False,False,False,False
2026-01-28 08:58:42,26.5,45.5,27.5,17.7,3.9,27.5,76,59,136,302,69,371,False,False,False,False,False,False
2026-01-28 08:58:44,26.5,45.7,28.1,18.1,4.0,28.1,75,60,136,302,69,371,False,False,False,False,False,False
2026-01-28 08:58:46,26.4,45.8,26.7,17.3,3.9,26.7,75,61,136,302,69,371,False,False,False,False,False,False
2026-01-28 08:58:48,26.4,45.9,27.6,17.8,4.0,27.6,74,62,136,302,69,371,False,False,False,False,False,False
2026-01-28 08:58:50,26.3,46.1,26.9,17.9,4.4,26.9,73,62,136,302,69,371,False,False,False,False,False,False
2026-01-28 08:58:52,26.3,46.2,26.9,17.3,3.8,26.9,72,64,136,302,69,371,False,False,False,False,False,False
2026-01-28 08:58:54,26.2,46.3,27.6,17.6,3.8,27.6,71,64,136,302,69,371,False,False,False,False,False,False
2026-01-28 08:58:56,26.2,46.4,26.9,17.4,3.9,26.9,71,65,136,302,69,371,False,False,False,False,False,False
2026-01-28 08:58:58,26.1,46.5,27.1,17.6,4.1,27.1,70,66,136,302,69,371,False,False,False,False,False,False
2026-01-28 08:59:00,26.0,46.6,27.2,17.6,4.0,27.2,69,66,136,302,69,371,False,False,False,False,False,False
2026-01-28 08:59:02,26.0,46.7,26.6,17.1,3.8,26.6,68,67,136,302,69,371,False,False,False,False,False,False
2026-01-28 08:59:04,25.9,46.9,26.8,17.3,3.9,26.8,67,68,136,302,69,371,False,False,False,False,False,False
2026-01-28 08:59:06,25.9,47.0,25.7,16.9,4.0,25.7,66,69,136,304,67,371,False,False,False,False,False,False
2026-01-28 08:59:08,25.9,47.1,26.6,16.8,3.5,26.6,65,70,136,302,69,371,False,False,False,False,False,False
2026-01-28 08:59:10,25.8,47.2,26.5,16.9,3.6,26.5,64,71,136,302,69,371,False,False,False,False,False,False
2026-01-28 08:59:12,25.7,47.3,26.5,17.3,4.1,26.5,64,72,136,302,69,371,False,False,False,False,False,False
2026-01-28 08:59:14,25.7,47.4,26.4,16.6,3.4,26.4,63,73,136,302,69,371,False,False,False,False,False,False
2026-01-28 08:59:16,25.7,47.8,26.8,17.5,4.1,26.8,62,73,136,302,69,371,False,False,False,False,False,False
2026-01-28 08:59:18,25.6,48.2,26.5,17.1,3.8,26.5,61,74,136,302,69,371,False,False,False,False,False,False
2026-01-28 08:59:20,25.5,48.3,26.6,17.7,4.4,26.6,60,75,136,302,69,371,False,False,False,False,False,False
2026-01-28 08:59:22,25.5,48.3,26.4,17.0,3.8,26.4,60,76,136,302,69,371,False,False,False,False,False,False
2026-01-28 08:59:24,25.5,48.3,26.3,16.8,3.7,26.3,59,77,136,302,69,371,False,False,False,False,False,False
2026-01-28 08:59:26,25.4,48.4,26.6,17.6,4.3,26.6,58,77,136,302,69,371,False,False,False,False,False,False
2026-01-28 08:59:28,25.4,48.4,26.7,18.1,4.8,26.7,57,78,136,302,69,371,False,False,False,False,False,False
2026-01-28 08:59:30,25.3,48.4,26.4,16.8,3.5,26.4,56,79,136,302,69,371,False,False,False,False,False,False
2026-01-28 08:59:32,25.3,48.5,26.5,17.1,3.9,26.5,56,80,136,302,69,371,False,False,False,False,False,False
2026-01-28 08:59:34,25.3,48.6,26.5,16.9,3.7,26.5,55,81,136,302,69,371,False,False,False,False,False,False
2026-01-28 08:59:36,25.2,48.6,27.0,17.9,4.4,27.0,54,81,136,302,69,371,False,False,False,False,False,False
2026-01-28 08:59:38,25.2,48.7,26.3,17.2,4.1,26.3,94,41,136,302,69,371,False,False,False,False,False,False
2026-01-28 08:59:40,25.2,48.8,27.5,17.6,3.9,27.5,76,59,136,302,69,371,False,False,False,False,False,False
2026-01-28 08:59:42,25.1,48.9,27.6,17.6,3.8,27.6,75,60,136,302,69,371,False,False,False,False,False,False
2026-01-28 08:59:44,25.1,48.9,27.5,17.7,3.9,27.5,75,61,136,302,69,371,False,False,False,False,False,False
2026-01-28 08:59:46,25.1,49.0,27.6,17.6,3.8,27.6,74,62,136,302,69,371,False,False,False,False,False,False
2026-01-28 08:59:48,25.0,49.0,27.2,16.8,3.2,27.2,73,62,136,302,69,371,False,False,False,False,False,False
2026-01-28 08:59:50,25.0,49.1,27.2,18.0,4.4,27.2,72,63,136,302,69,371,False,False,False,False,False,False
2026-01-28 08:59:52,25.0,49.1,27.1,17.2,3.7,27.1,71,64,136,302,69,371,False,False,False,False,False,False
2026-01-28 08:59:54,25.0,49.2,27.1,17.1,3.5,27.1,71,65,136,302,69,371,False,False,False,False,False,False
2026-01-28 08:59:56,24.9,49.2,27.1,17.5,3.9,27.1,70,66,136,302,69,371,False,False,False,False,False,False
2026-01-28 08:59:58,24.9,49.3,26.9,17.2,3.7,26.9,69,66,136,302,69,371,False,False,False,False,False,False
2026-01-28 09:00:00,24.9,49.4,26.9,17.7,4.2,26.9,68,67,136,302,69,371,False,False,False,False,False,False
2026-01-28 09:00:02,24.8,49.5,26.8,17.2,3.8,26.8,67,68,136,302,69,371,False,False,False,False,False,False
2026-01-28 09:00:04,24.8,49.5,26.7,17.5,4.2,26.7,67,69,136,302,69,371,False,False,False,False,False,False
2026-01-28 09:00:36,24.8,49.6,0.0,0.0,0.0,0.0,73,62,136,302,69,371,False,False,False,False,False,False
2026-01-28 09:00:38,24.2,50.8,27.3,19.3,5.7,27.3,66,69,136,302,69,371,False,False,False,False,False,False
2026-01-28 09:00:40,24.2,50.9,26.2,16.8,3.7,26.2,66,70,136,302,69,371,False,False,False,False,False,False
2026-01-28 09:00:42,24.2,51.0,26.4,17.2,4.0,26.4,65,71,136,302,69,371,False,False,False,False,False,False
2026-01-28 09:00:44,24.2,51.1,26.3,16.8,3.7,26.3,64,71,136,302,69,371,False,False,False,False,False,False
2026-01-28 09:00:46,24.1,51.1,26.4,16.9,3.7,26.4,64,72,136,302,69,371,False,False,False,False,False,False
2026-01-28 09:00:48,24.1,51.1,26.2,16.8,3.7,26.2,63,72,136,302,69,371,False,False,False,False,False,False
2026-01-28 09:00:50,24.1,51.2,26.4,17.1,3.9,26.4,62,73,136,302,69,371,False,False,False,False,False,False
2026-01-28 09:00:52,24.1,51.3,26.6,18.2,4.9,26.6,61,74,136,302,69,371,False,False,False,False,False,False
2026-01-28 09:00:54,24.0,51.4,26.4,17.0,3.8,26.4,61,75,136,302,69,371,False,False,False,False,False,False
2026-01-28 09:00:56,24.0,51.5,26.3,17.0,3.9,26.3,60,75,136,302,69,371,False,False,False,False,False,False
2026-01-28 09:00:58,24.0,51.7,26.2,17.2,4.1,26.2,59,76,136,302,69,371,False,False,False,False,False,False
2026-01-28 09:01:00,23.9,51.7,26.2,16.9,3.8,26.2,59,77,136,302,69,371,False,False,False,False,False,False
2026-01-28 09:01:02,23.9,51.8,26.5,17.0,3.7,26.5,58,77,136,302,69,371,False,False,False,False,False,False
2026-01-28 09:01:04,23.9,52.0,27.2,17.9,4.3,27.2,57,78,136,302,69,371,False,False,False,False,False,False
2026-01-28 09:01:06,23.9,52.0,26.2,16.8,3.7,26.2,57,79,136,302,69,371,False,False,False,False,False,False
2026-01-28 09:01:08,23.8,52.1,26.7,17.5,4.2,26.7,56,79,136,302,69,371,False,False,False,False,False,False
2026-01-28 09:01:10,23.8,52.2,26.4,17.1,4.0,26.4,55,80,136,302,69,371,False,False,False,False,False,False
2026-01-28 09:01:12,23.8,52.2,26.4,16.9,3.7,26.4,54,81,136,302,69,371,False,False,False,False,False,False
2026-01-28 09:01:14,23.8,52.3,26.7,16.9,3.5,26.7,53,82,136,302,69,371,False,False,False,False,False,False
2026-01-28 09:01:16,23.8,52.3,26.4,17.5,4.3,26.4,94,42,136,302,69,371,False,False,False,False,False,False
2026-01-28 09:01:18,23.7,52.3,27.6,17.8,4.0,27.6,76,60,136,302,69,371,False,False,False,False,False,False
2026-01-28 09:01:20,23.7,52.3,27.6,17.6,3.8,27.6,75,60,136,302,69,371,False,False,False,False,False,False
2026-01-28 09:01:22,23.7,52.4,27.4,18.3,4.6,27.4,74,61,136,302,69,371,False,False,False,False,False,False
2026-01-28 09:01:24,23.7,52.4,27.6,17.7,3.8,27.6,73,62,136,302,69,371,False,False,False,False,False,False
2026-01-28 09:01:26,23.7,52.5,27.2,17.6,4.0,27.2,73,63,136,302,69,371,False,False,False,False,False,False
2026-01-28 09:01:28,23.7,52.5,27.4,17.8,4.1,27.4,72,64,136,302,69,371,False,False,False,False,False,False
2026-01-28 09:01:30,23.7,52.6,27.0,17.5,4.0,27.0,71,64,136,302,69,371,False,False,False,False,False,False
2026-01-28 09:01:32,23.6,52.6,27.0,17.5,4.0,27.0,70,65,136,302,69,371,False,False,False,False,False,False
2026-01-28 09:01:34,23.6,52.6,27.1,17.4,3.9,27.1,69,66,136,302,69,371,False,False,False,False,False,False
2026-01-28 09:01:36,23.6,52.7,26.9,17.7,4.2,26.9,69,67,136,302,69,371,False,False,False,False,False,False
2026-01-28 09:01:38,23.6,52.6,26.2,17.5,4.4,26.2,68,68,136,302,69,371,False,False,False,False,False,False
2026-01-28 09:01:40,23.6,52.7,26.6,16.8,3.4,26.6,67,69,136,302,69,371,False,False,False,False,False,False
2026-01-28 09:01:42,23.6,52.7,26.9,17.3,3.9,26.9,66,69,136,302,69,371,False,False,False,False,False,False
2026-01-28 09:01:44,23.6,52.8,26.5,16.7,3.5,26.5,65,70,136,302,69,371,False,False,False,False,False,False
2026-01-28 09:01:46,23.5,52.8,26.6,17.1,3.9,26.6,64,71,136,302,69,371,False,False,False,False,False,False
2026-01-28 09:01:48,23.5,52.8,26.5,17.1,3.9,26.5,64,72,136,302,69,371,False,False,False,False,False,False
2026-01-28 09:01:50,23.5,52.8,26.7,17.4,4.1,26.7,63,73,136,302,69,371,False,False,False,False,False,False
2026-01-28 09:01:52,23.5,52.9,26.7,18.2,4.8,26.7,62,73,136,302,69,371,False,False,False,False,False,False
2026-01-28 09:01:54,23.5,52.9,26.5,17.6,4.3,26.5,61,74,136,302,69,371,False,False,False,False,False,False
2026-01-28 09:01:56,23.5,53.0,26.3,17.1,4.0,26.3,60,75,136,302,69,371,False,False,False,False,False,False
2026-01-28 09:01:58,23.5,53.0,26.3,17.1,4.0,26.3,60,76,136,302,69,371,False,False,False,False,False,False
2026-01-28 09:02:00,23.4,53.0,26.3,17.0,3.9,26.3,59,77,136,302,69,371,False,False,False,False,False,False
2026-01-28 09:02:02,23.4,53.1,26.4,17.1,3.9,26.4,58,77,136,302,69,371,False,False,False,False,False,False
2026-01-28 09:02:04,23.4,53.1,26.3,17.3,4.2,26.3,57,78,136,302,69,371,False,False,False,False,False,False
2026-01-28 09:02:06,23.4,53.2,26.5,17.3,4.1,26.5,56,79,136,302,69,371,False,False,False,False,False,False
2026-01-28 09:02:08,23.4,53.2,26.7,18.1,4.7,26.7,56,80,136,302,69,371,False,False,False,False,False,False
2026-01-28 09:02:10,23.4,53.2,26.4,16.9,3.7,26.4,55,81,136,302,69,371,False,False,False,False,False,False
2026-01-28 09:02:12,23.4,53.3,26.7,17.4,4.1,26.7,54,82,136,302,69,371,False,False,False,False,False,False
2026-01-28 09:02:14,23.4,53.3,26.1,16.8,3.8,26.1,94,41,136,302,69,371,False,False,False,False,False,False
2026-01-28 09:02:16,23.4,53.3,27.5,17.3,3.6,27.5,76,60,136,302,69,371,False,False,False,False,False,False
2026-01-28 09:02:18,23.3,53.3,27.3,17.6,4.0,27.3,75,60,136,302,69,371,False,False,False,False,False,False
2026-01-28 09:02:20,23.3,53.3,27.4,17.6,3.9,27.4,74,61,136,302,69,371,False,False,False,False,False,False
2026-01-28 09:02:22,23.3,53.4,27.4,18.0,4.4,27.4,74,62,136,302,69,371,False,False,False,False,False,False
2026-01-28 09:02:24,23.3,53.4,26.9,17.3,3.8,26.9,73,63,136,302,69,371,False,False,False,False,False,False
2026-01-28 09:02:26,23.3,53.4,26.8,16.9,3.5,26.8,72,64,136,302,69,371,False,False,False,False,False,False
2026-01-28 09:02:28,23.3,53.5,26.9,17.6,4.2,26.9,71,64,136,302,69,371,False,False,False,False,False,False
2026-01-28 09:02:30,23.3,53.5,26.7,17.2,3.8,26.7,70,65,136,302,69,371,False,False,False,False,False,False
2026-01-28 09:02:32,23.3,53.6,26.8,17.1,3.7,26.8,69,66,136,302,69,371,False,False,False,False,False,False
2026-01-28 09:02:34,23.2,53.5,26.7,17.1,3.8,26.7,69,67,136,302,69,371,False,False,False,False,False,False
2026-01-28 09:02:36,23.2,53.6,26.5,17.2,4.0,26.5,68,68,136,302,69,371,False,False,False,False,False,False
2026-01-28 09:02:38,23.3,53.6,25.8,17.7,4.8,25.8,67,69,136,302,69,371,False,False,False,False,False,False
2026-01-28 09:02:40,23.2,53.6,29.6,18.7,3.9,29.6,66,69,136,302,69,371,False,False,False,False,False,False
2026-01-28 09:02:42,23.2,53.7,26.5,17.5,4.2,26.5,65,70,136,302,69,371,False,False,False,False,False,False
2026-01-28 09:02:44,23.2,53.7,26.1,17.0,3.9,26.1,64,71,136,302,69,371,False,False,False,False,False,False
2026-01-28 09:02:46,23.2,53.7,26.3,17.2,4.0,26.3,64,72,136,302,69,371,False,False,False,False,False,False
2026-01-28 09:02:48,23.2,53.7,26.2,16.5,3.4,26.2,63,73,136,302,69,371,False,False,False,False,False,False
2026-01-28 09:02:50,23.2,53.8,26.5,17.0,3.8,26.5,62,73,136,302,69,371,False,False,False,False,False,False
2026-01-28 09:02:52,23.2,53.8,26.7,17.7,4.3,26.7,61,74,136,302,69,371,False,False,False,False,False,False
2026-01-28 09:02:54,23.2,53.8,26.2,17.0,3.9,26.2,60,75,136,302,69,371,False,False,False,False,False,False
2026-01-28 09:02:56,23.1,53.9,26.3,16.8,3.7,26.3,60,76,136,302,69,371,False,False,False,False,False,False
2026-01-28 09:02:58,23.1,53.9,26.2,16.9,3.8,26.2,59,77,136,302,69,371,False,False,False,False,False,False
2026-01-28 09:03:00,23.1,53.9,26.3,17.0,3.9,26.3,58,77,136,302,69,371,False,False,False,False,False,False
2026-01-28 09:03:02,23.1,53.9,26.9,17.5,4.1,26.9,57,78,136,302,69,371,False,False,False,False,False,False
2026-01-28 09:03:04,23.1,54.0,26.4,17.1,3.9,26.4,56,79,136,302,69,371,False,False,False,False,False,False
2026-01-28 09:03:06,23.1,54.0,26.4,17.2,4.0,26.4,56,80,136,302,69,371,False,False,False,False,False,False
2026-01-28 09:03:08,23.1,54.1,26.6,18.0,4.7,26.6,55,81,136,302,69,371,False,False,False,False,False,False
2026-01-28 09:03:10,23.1,54.1,26.6,17.2,3.9,26.6,54,82,136,302,69,371,False,False,False,False,False,False
2026-01-28 09:03:12,23.1,54.1,25.8,16.7,3.8,25.8,94,42,136,302,69,371,False,False,False,False,False,False
2026-01-28 09:03:14,23.0,54.1,27.3,17.5,3.8,27.3,76,60,136,302,69,371,False,False,False,False,False,False
2026-01-28 09:03:16,23.0,54.2,27.5,18.1,4.4,27.5,75,60,136,302,69,371,False,False,False,False,False,False
2026-01-28 09:03:18,23.0,54.2,27.1,18.1,4.6,27.1,74,61,136,302,69,371,False,False,False,False,False,False
2026-01-28 09:03:20,23.0,54.3,27.4,17.7,4.0,27.4,73,62,136,302,69,371,False,False,False,False,False,False
2026-01-28 09:03:22,23.0,54.3,27.0,18.0,4.5,27.0,73,63,136,302,69,371,False,False,False,False,False,False
2026-01-28 09:03:24,23.0,54.3,26.9,17.5,4.1,26.9,72,64,136,302,69,371,False,False,False,False,False,False
2026-01-28 09:03:26,23.0,54.3,26.9,17.6,4.1,26.9,71,64,136,302,69,371,False,False,False,False,False,False
2026-01-28 09:03:28,23.0,54.4,26.9,18.1,4.6,26.9,70,66,136,302,69,371,False,False,False,False,False,False
2026-01-28 09:03:30,22.9,54.4,27.0,17.6,4.2,27.0,69,66,136,302,69,371,False,False,False,False,False,False
2026-01-28 09:03:32,22.9,54.4,26.6,17.5,4.1,26.6,69,67,136,302,69,371,False,False,False,False,False,False
2026-01-28 09:03:34,22.9,54.5,26.7,17.3,4.0,26.7,68,68,136,302,69,371,False,False,False,False,False,False
2026-01-28 09:03:36,22.9,54.5,26.6,17.4,4.1,26.6,67,69,136,302,69,371,False,False,False,False,False,False
2026-01-28 09:03:38,22.9,54.5,26.1,17.5,4.5,26.1,66,69,136,302,69,371,False,False,False,False,False,False
2026-01-28 09:03:40,22.9,54.5,26.5,17.4,4.2,26.5,65,70,136,302,69,371,False,False,False,False,False,False
2026-01-28 09:03:42,22.9,54.6,26.4,17.5,4.3,26.4,64,71,136,302,69,371,False,False,False,False,False,False
2026-01-28 09:03:44,22.9,54.6,26.1,16.7,3.7,26.1,64,72,136,302,69,371,False,False,False,False,False,False
2026-01-28 09:03:46,22.9,54.6,26.2,17.3,4.2,26.2,62,73,136,302,69,371,False,False,False,False,False,False
2026-01-28 09:03:48,22.8,54.7,26.4,16.9,3.7,26.4,62,73,136,302,69,371,False,False,False,False,False,False
2026-01-28 09:03:50,22.8,54.7,26.3,17.2,4.1,26.3,61,74,136,302,69,371,False,False,False,False,False,False
2026-01-28 09:03:52,22.9,54.7,26.2,17.3,4.2,26.2,60,75,136,302,69,371,False,False,False,False,False,False
2026-01-28 09:03:54,22.8,54.8,26.3,17.4,4.2,26.3,60,76,136,302,69,371,False,False,False,False,False,False
2026-01-28 09:03:56,22.8,54.8,26.3,17.1,4.0,26.3,59,77,136,302,69,371,False,False,False,False,False,False
2026-01-28 09:03:58,22.8,54.8,28.0,17.8,3.8,28.0,58,77,136,302,69,371,False,False,False,False,False,False
2026-01-28 09:04:00,22.8,54.8,26.2,17.0,4.0,26.2,57,78,136,302,69,371,False,False,False,False,False,False
2026-01-28 09:04:02,22.8,54.8,26.4,17.0,3.8,26.4,56,79,136,302,69,371,False,False,False,False,False,False
2026-01-28 09:04:04,22.8,54.8,26.5,17.3,4.1,26.5,56,80,136,302,69,371,False,False,False,False,False,False
2026-01-28 09:04:06,22.8,55.0,26.4,16.9,3.7,26.4,55,81,136,302,69,371,False,False,False,False,False,False
2026-01-28 09:04:08,22.8,55.0,26.9,17.3,3.8,26.9,54,82,136,302,69,371,False,False,False,False,False,False
2026-01-28 09:04:10,22.8,55.0,26.0,16.8,3.8,26.0,94,41,136,302,69,371,False,False,False,False,False,False
2026-01-28 09:04:12,22.7,55.0,27.4,17.4,3.7,27.4,76,60,136,302,69,371,False,False,False,False,False,False
2026-01-28 09:04:14,22.7,55.0,27.2,17.5,3.9,27.2,75,60,136,302,69,371,False,False,False,False,False,False
2026-01-28 09:04:16,22.7,55.0,27.1,17.4,3.9,27.1,74,61,136,302,69,371,False,False,False,False,False,False
2026-01-28 09:04:18,22.7,55.1,27.3,17.8,4.2,27.3,73,62,136,302,69,371,False,False,False,False,False,False
2026-01-28 09:04:20,22.7,55.1,27.1,17.6,4.1,27.1,73,63,136,302,69,371,False,False,False,False,False,False
2026-01-28 09:04:22,22.7,55.1,26.9,17.5,4.0,26.9,72,63,136,302,69,371,False,False,False,False,False,False
2026-01-28 09:04:24,22.7,55.1,26.9,17.5,4.0,26.9,71,64,136,302,69,371,False,False,False,False,False,False
2026-01-28 09:04:26,22.7,55.2,26.8,17.2,3.8,26.8,70,65,136,302,69,371,False,False,False,False,False,False
2026-01-28 09:04:28,22.7,55.2,27.2,18.2,4.6,27.2,69,66,136,302,69,371,False,False,False,False,False,False
2026-01-28 09:04:30,22.7,55.2,26.7,17.2,3.9,26.7,69,67,136,302,69,371,False,False,False,False,False,False
2026-01-28 09:04:32,22.7,55.3,26.4,17.2,4.0,26.4,68,68,136,302,69,371,False,False,False,False,False,False
2026-01-28 09:04:34,22.6,55.3,26.6,17.1,3.8,26.6,67,69,136,302,69,371,False,False,False,False,False,False
2026-01-28 09:04:36,22.6,55.3,26.7,17.1,3.8,26.7,66,69,136,302,69,371,False,False,False,False,False,False
2026-01-28 09:04:38,22.7,55.4,25.8,17.3,4.4,25.8,65,70,136,302,69,371,False,False,False,False,False,False
2026-01-28 09:04:40,22.6,55.5,26.3,16.5,3.3,26.3,64,71,136,302,69,371,False,False,False,False,False,False
2026-01-28 09:04:42,22.6,55.5,26.9,17.7,4.3,26.9,64,72,136,302,69,371,False,False,False,False,False,False
2026-01-28 09:04:44,22.7,55.5,26.0,17.0,4.0,26.0,62,73,136,302,69,371,False,False,False,False,False,False
2026-01-28 09:04:46,22.6,55.6,26.5,16.7,3.5,26.5,62,73,136,302,69,371,False,False,False,False,False,False
2026-01-28 09:04:48,22.6,55.8,26.0,16.4,3.4,26.0,61,74,136,302,69,371,False,False,False,False,False,False
2026-01-28 09:04:50,22.6,56.0,26.2,16.5,3.4,26.2,60,75,136,302,69,371,False,False,False,False,False,False
2026-01-28 09:04:52,22.6,56.0,26.1,16.9,3.9,26.1,59,76,136,302,69,371,False,False,False,False,False,False
2026-01-28 09:04:54,22.6,56.1,26.2,16.7,3.6,26.2,59,77,136,302,69,371,False,False,False,False,False,False
2026-01-28 09:04:56,22.6,56.1,26.4,16.9,3.7,26.4,58,77,136,302,69,371,False,False,False,False,False,False
2026-01-28 09:04:58,22.6,56.0,26.3,17.2,4.0,26.3,57,78,136,302,69,371,False,False,False,False,False,False
2026-01-28 09:05:00,22.6,56.2,26.3,17.0,3.8,26.3,56,79,136,302,69,371,False,False,False,False,False,False
2026-01-28 09:05:02,22.6,56.2,26.9,17.7,4.3,26.9,56,80,136,302,69,371,False,False,False,False,False,False
2026-01-28 09:05:04,22.6,56.2,26.4,17.2,4.0,26.4,55,81,136,302,69,371,False,False,False,False,False,False
2026-01-28 09:05:06,22.6,56.4,26.6,17.3,4.0,26.6,54,82,136,302,69,371,False,False,False,False,False,False
2026-01-28 09:05:08,22.6,56.6,26.4,17.5,4.3,26.4,94,41,136,302,69,371,False,False,False,False,False,False
2026-01-28 09:05:10,22.6,56.6,27.4,16.9,3.2,27.4,76,60,136,302,69,371,False,False,False,False,False,False
2026-01-28 09:05:12,22.6,56.5,27.2,17.6,3.9,27.2,75,60,136,302,69,371,False,False,False,False,False,False
2026-01-28 09:05:14,22.6,56.4,27.1,17.1,3.6,27.1,74,61,136,302,69,371,False,False,False,False,False,False
2026-01-28 09:05:16,22.6,56.2,27.2,17.7,4.1,27.2,73,62,136,302,69,371,False,False,False,False,False,False
2026-01-28 09:05:18,22.6,56.2,27.1,18.2,4.6,27.1,73,63,136,302,69,371,False,False,False,False,False,False
2026-01-28 09:05:20,22.6,56.1,26.9,17.5,4.0,26.9,72,64,136,302,69,371,False,False,False,False,False,False
2026-01-28 09:05:22,22.6,56.0,26.8,18.1,4.6,26.8,71,65,136,302,69,371,False,False,False,False,False,False
2026-01-28 09:05:24,22.6,56.0,26.8,17.4,4.0,26.8,70,65,136,302,69,371,False,False,False,False,False,False
2026-01-28 09:05:26,22.6,55.9,27.0,17.5,4.0,27.0,69,66,136,302,69,371,False,False,False,False,False,False
2026-01-28 09:05:28,22.6,55.9,27.0,18.6,5.1,27.0,69,67,136,302,69,371,False,False,False,False,False,False
2026-01-28 09:05:30,22.6,55.8,26.6,16.9,3.6,26.6,68,68,136,302,69,371,False,False,False,False,False,False
2026-01-28 09:05:32,22.6,55.8,26.3,17.3,4.1,26.3,67,69,136,302,69,371,False,False,False,False,False,False
2026-01-28 09:05:34,22.6,55.8,26.6,17.2,4.0,26.6,66,70,136,302,69,371,False,False,False,False,False,False
2026-01-28 09:05:36,22.6,55.8,26.4,17.1,3.8,26.4,65,70,136,302,69,371,False,False,False,False,False,False
2026-01-28 09:05:38,22.6,55.8,25.8,17.5,4.6,25.8,64,71,136,302,69,371,False,False,False,False,False,False
2026-01-28 09:05:40,22.6,55.8,26.3,16.8,3.7,26.3,64,72,136,302,69,371,False,False,False,False,False,False
2026-01-28 09:05:42,22.6,55.8,26.4,17.2,4.0,26.4,63,73,136,302,69,371,False,False,False,False,False,False
2026-01-28 09:05:44,22.6,55.7,26.5,17.0,3.7,26.5,62,73,136,302,69,371,False,False,False,False,False,False
2026-01-28 09:05:46,22.6,55.7,26.3,17.2,4.0,26.3,61,74,136,302,69,371,False,False,False,False,False,False
2026-01-28 09:05:48,22.6,55.7,26.1,17.2,4.1,26.1,60,75,136,302,69,371,False,False,False,False,False,False
2026-01-28 09:05:50,22.6,55.7,26.3,17.0,3.8,26.3,60,76,136,302,69,371,False,False,False,False,False,False
2026-01-28 09:05:52,22.6,55.6,26.3,17.5,4.4,26.3,59,77,136,302,69,371,False,False,False,False,False,False
2026-01-28 09:05:54,22.6,55.7,26.4,17.1,3.9,26.4,58,78,136,302,69,371,False,False,False,False,False,False
2026-01-28 09:05:56,22.6,55.7,26.4,17.1,3.9,26.4,57,79,136,302,69,371,False,False,False,False,False,False
2026-01-28 09:05:58,22.6,55.7,26.6,17.5,4.3,26.6,56,79,136,302,69,371,False,False,False,False,False,False
2026-01-28 09:06:00,22.6,55.7,26.6,17.3,4.0,26.6,55,80,136,302,69,371,False,False,False,False,False,False
2026-01-28 09:06:02,22.5,55.7,26.5,17.2,3.9,26.5,54,81,136,302,69,371,False,False,False,False,False,False
2026-01-28 09:06:04,22.6,55.8,26.8,17.5,4.1,26.8,53,82,136,302,69,371,False,False,False,False,False,False
2026-01-28 09:06:06,22.6,55.7,26.3,17.3,4.1,26.3,94,42,136,302,69,371,False,False,False,False,False,False
2026-01-28 09:06:08,22.5,55.8,27.4,18.7,4.9,27.4,76,60,136,302,69,371,False,False,False,False,False,False
2026-01-28 09:06:10,22.5,55.8,27.5,17.5,3.7,27.5,75,60,136,302,69,371,False,False,False,False,False,False
2026-01-28 09:06:12,22.5,55.8,27.4,17.5,3.8,27.4,74,61,136,302,69,371,False,False,False,False,False,False
2026-01-28 09:06:14,22.5,55.8,27.6,17.9,4.1,27.6,73,62,136,302,69,371,False,False,False,False,False,False
2026-01-28 09:06:16,22.5,55.8,27.0,17.4,3.9,27.0,72,63,136,302,69,371,False,False,False,False,False,False
2026-01-28 09:06:18,22.5,55.8,27.1,17.7,4.1,27.1,72,64,136,302,69,371,False,False,False,False,False,False
2026-01-28 09:06:20,22.5,55.9,27.1,17.6,4.0,27.1,71,64,136,302,69,371,False,False,False,False,False,False
2026-01-28 09:06:22,22.5,56.2,27.1,18.2,4.7,27.1,70,65,136,302,69,371,False,False,False,False,False,False
2026-01-28 09:06:24,22.5,56.5,27.1,17.5,4.0,27.1,69,66,136,302,69,371,False,False,False,False,False,False
2026-01-28 09:06:26,22.5,56.6,26.9,17.4,3.9,26.9,69,67,136,302,69,371,False,False,False,False,False,False
2026-01-28 09:06:28,22.5,56.5,26.9,18.2,4.8,26.9,68,68,136,302,69,371,False,False,False,False,False,False
2026-01-28 09:06:30,22.5,56.4,26.7,17.2,3.8,26.7,67,69,136,302,69,371,False,False,False,False,False,False
2026-01-28 09:06:32,22.5,56.4,27.1,17.5,4.0,27.1,66,70,136,302,69,371,False,False,False,False,False,False
2026-01-28 09:06:34,22.5,56.4,26.5,16.8,3.5,26.5,65,70,136,302,69,371,False,False,False,False,False,False
2026-01-28 09:06:36,22.5,56.4,26.5,17.2,4.0,26.5,64,71,136,302,69,371,False,False,False,False,False,False
2026-01-28 09:06:38,22.5,56.3,26.0,17.2,4.2,26.0,64,72,136,302,69,371,False,False,False,False,False,False
2026-01-28 09:06:40,22.5,56.3,26.5,17.1,3.9,26.5,63,73,136,302,69,371,False,False,False,False,False,False
2026-01-28 09:06:42,22.5,56.2,26.6,17.4,4.1,26.6,62,73,136,302,69,371,False,False,False,False,False,False
2026-01-28 09:06:44,22.5,56.2,26.5,17.2,3.9,26.5,61,74,136,302,69,371,False,False,False,False,False,False
2026-01-28 09:06:46,22.5,56.1,26.3,17.1,3.9,26.3,60,75,136,302,69,371,False,False,False,False,False,False
2026-01-28 09:06:48,22.5,56.1,26.4,17.5,4.3,26.4,60,76,136,302,69,371,False,False,False,False,False,False
2026-01-28 09:06:50,22.5,56.1,26.4,17.1,3.9,26.4,59,77,136,302,69,371,False,False,False,False,False,False
2026-01-28 09:06:52,22.5,56.2,26.6,17.9,4.6,26.6,58,78,136,302,69,371,False,False,False,False,False,False
2026-01-28 09:06:54,22.5,56.1,26.5,17.2,3.9,26.5,57,78,136,302,69,371,False,False,False,False,False,False
2026-01-28 09:06:56,22.5,56.1,26.4,17.1,3.9,26.4,56,79,136,302,69,371,False,False,False,False,False,False
2026-01-28 09:06:58,22.5,56.1,26.7,17.8,4.5,26.7,56,80,136,302,69,371,False,False,False,False,False,False
2026-01-28 09:07:00,22.5,56.1,27.2,17.4,3.8,27.2,55,81,136,302,69,371,False,False,False,False,False,False
2026-01-28 09:07:02,22.5,56.1,26.8,17.4,4.0,26.8,54,82,136,302,69,371,False,False,False,False,False,False
2026-01-28 09:07:04,22.5,56.1,26.0,17.0,4.0,26.0,94,42,136,302,69,371,False,False,False,False,False,False
2026-01-28 09:07:06,22.5,56.1,27.7,18.0,4.2,27.7,76,60,136,302,69,371,False,False,False,False,False,False
2026-01-28 09:07:08,22.5,56.0,27.2,17.8,4.2,27.2,75,60,136,302,69,371,False,False,False,False,False,False
2026-01-28 09:07:10,22.5,56.2,27.3,17.4,3.8,27.3,74,61,136,302,69,371,False,False,False,False,False,False
2026-01-28 09:07:12,22.5,56.1,27.5,17.8,4.0,27.5,73,62,136,302,69,371,False,False,False,False,False,False
2026-01-28 09:07:14,22.5,56.2,27.1,17.4,3.8,27.1,73,63,136,302,69,371,False,False,False,False,False,False
2026-01-28 09:07:16,22.5,56.2,27.2,17.6,4.1,27.2,72,64,136,302,69,371,False,False,False,False,False,False
2026-01-28 09:07:18,22.5,56.1,27.1,18.0,4.4,27.1,71,64,136,302,69,371,False,False,False,False,False,False
2026-01-28 09:07:20,22.5,56.1,26.9,17.4,4.0,26.9,70,65,136,302,69,371,False,False,False,False,False,False
2026-01-28 09:07:22,22.5,56.1,27.3,18.3,4.6,27.3,70,66,136,302,69,371,False,False,False,False,False,False
2026-01-28 09:07:24,22.5,56.1,26.8,17.5,4.1,26.8,69,67,136,302,69,371,False,False,False,False,False,False
2026-01-28 09:07:26,22.5,56.1,26.8,17.2,3.8,26.8,68,68,136,302,69,371,False,False,False,False,False,False
2026-01-28 09:07:28,22.5,56.1,26.9,18.0,4.6,26.9,67,68,136,302,69,371,False,False,False,False,False,False
2026-01-28 09:07:30,22.5,56.1,26.9,17.3,3.8,26.9,66,69,136,302,69,371,False,False,False,False,False,False
2026-01-28 09:07:32,22.5,56.2,26.5,17.4,4.2,26.5,65,70,136,302,69,371,False,False,False,False,False,False
2026-01-28 09:07:34,22.5,56.2,26.6,17.8,4.5,26.6,65,72,137,302,69,371,False,False,False,False,False,False
2026-01-28 09:07:36,22.5,56.2,26.3,17.2,4.1,26.3,64,73,137,302,69,371,False,False,False,False,False,False
2026-01-28 09:07:38,22.5,56.2,25.9,17.6,4.7,25.9,63,73,137,302,69,371,False,False,False,False,False,False
2026-01-28 09:07:40,22.5,56.3,26.7,17.3,4.0,26.7,62,74,137,302,69,371,False,False,False,False,False,False
2026-01-28 09:07:42,22.5,56.4,26.5,17.5,4.3,26.5,61,75,137,302,69,371,False,False,False,False,False,False
2026-01-28 09:07:44,22.5,56.4,26.4,17.5,4.3,26.4,60,76,137,302,69,371,False,False,False,False,False,False
2026-01-28 09:07:46,22.5,56.4,26.4,17.1,4.0,26.4,60,77,137,302,69,371,False,False,False,False,False,False
2026-01-28 09:07:48,22.5,56.4,26.4,17.2,4.0,26.4,59,78,137,302,69,371,False,False,False,False,False,False
2026-01-28 09:07:50,22.5,56.3,26.5,17.2,3.9,26.5,58,78,137,302,69,371,False,False,False,False,False,False
2026-01-28 09:07:52,22.5,56.3,26.5,18.0,4.7,26.5,57,79,137,302,69,371,False,False,False,False,False,False
2026-01-28 09:07:54,22.5,56.3,26.4,17.2,4.0,26.4,56,80,137,302,69,371,False,False,False,False,False,False
2026-01-28 09:07:56,22.5,56.6,26.6,17.3,4.0,26.6,56,81,137,302,69,371,False,False,False,False,False,False
2026-01-28 09:07:58,22.5,57.1,26.6,17.5,4.2,26.6,55,82,137,302,69,371,False,False,False,False,False,False
2026-01-28 09:08:00,22.5,57.1,26.8,17.3,3.9,26.8,54,82,137,302,69,371,False,False,False,False,False,False
2026-01-28 09:08:02,22.5,57.0,26.2,17.2,4.1,26.2,94,42,137,302,69,371,False,False,False,False,False,False
2026-01-28 09:08:04,22.5,56.9,27.6,17.8,4.1,27.6,76,61,137,302,69,371,False,False,False,False,False,False
2026-01-28 09:08:06,22.5,60.5,27.4,17.8,4.1,27.4,75,61,137,302,69,371,False,False,False,False,False,True
2026-01-28 09:08:08,22.6,63.2,31.1,23.1,7.5,31.1,74,63,137,302,69,371,False,False,False,False,False,True
2026-01-28 09:08:10,22.6,63.5,32.2,23.1,7.0,32.2,68,68,137,302,69,371,False,False,False,False,False,True
2026-01-28 09:08:12,22.6,62.9,32.2,22.4,6.3,32.2,67,69,137,302,69,371,False,False,False,False,False,True
2026-01-28 09:08:14,22.6,62.1,31.9,22.5,6.5,31.9,67,70,137,302,69,371,False,False,False,False,False,True
2026-01-28 09:08:16,22.6,61.6,31.5,22.3,6.5,31.5,66,71,137,302,69,371,False,False,False,False,False,True
2026-01-28 09:08:18,22.6,61.2,31.7,22.5,6.6,31.7,65,71,137,302,69,371,False,False,False,False,False,True
2026-01-28 09:08:20,22.6,60.8,31.8,22.2,6.3,31.8,64,72,137,302,69,371,False,False,False,False,False,True
2026-01-28 09:08:22,22.6,60.3,31.7,22.9,7.0,31.7,63,73,137,302,69,371,False,False,False,False,False,True
2026-01-28 09:08:24,22.7,59.7,32.3,23.2,7.1,32.3,62,74,137,302,69,371,False,False,False,False,False,False
2026-01-28 09:08:26,22.7,59.1,26.7,17.9,4.6,26.7,62,75,137,302,69,371,False,False,False,False,False,False
2026-01-28 09:08:28,22.7,58.7,27.2,19.1,5.5,27.2,61,76,137,302,69,371,False,False,False,False,False,False
2026-01-28 09:08:30,22.7,58.3,26.6,17.8,4.5,26.6,60,76,137,302,69,371,False,False,False,False,False,False
2026-01-28 09:08:32,22.6,57.8,26.7,18.0,4.6,26.7,59,77,137,302,69,371,False,False,False,False,False,False
2026-01-28 09:08:34,22.7,57.5,26.5,17.8,4.6,26.5,58,78,137,302,69,371,False,False,False,False,False,False
2026-01-28 09:08:36,22.6,57.3,26.5,18.1,4.8,26.5,58,79,137,302,69,371,False,False,False,False,False,False
2026-01-28 09:08:38,22.6,57.1,26.8,18.7,5.3,26.8,57,80,137,302,69,371,False,False,False,False,False,False
2026-01-28 09:08:40,22.6,56.9,26.8,18.1,4.7,26.8,56,80,137,302,69,371,False,False,False,False,False,False
2026-01-28 09:08:42,22.6,56.7,26.5,17.8,4.5,26.5,55,81,137,302,69,371,False,False,False,False,False,False
2026-01-28 09:08:44,22.6,56.6,26.7,18.0,4.6,26.7,54,82,137,302,69,371,False,False,False,False,False,False
2026-01-28 09:08:46,22.6,56.5,26.6,17.6,4.3,26.6,54,83,137,302,69,371,False,False,False,False,False,False
2026-01-28 09:08:48,22.6,56.4,27.1,18.1,4.5,27.1,53,84,137,302,69,371,False,False,False,False,False,False
2026-01-28 09:08:50,22.6,56.4,26.6,18.0,4.7,26.6,52,85,137,302,69,371,False,False,False,False,False,False
2026-01-28 09:08:52,22.6,56.3,26.7,18.4,5.0,26.7,92,45,137,302,69,371,False,False,False,False,False,False
2026-01-28 09:08:54,22.6,56.3,28.7,20.0,5.6,28.7,78,59,137,302,69,371,False,False,False,False,False,False
2026-01-28 09:08:56,22.6,56.3,27.2,17.5,3.9,27.2,74,62,137,302,69,371,False,False,False,False,False,False
2026-01-28 09:08:58,22.6,56.2,27.3,17.5,3.9,27.3,74,63,137,302,69,371,False,False,False,False,False,False
2026-01-28 09:09:00,22.6,56.2,27.0,17.2,3.8,27.0,73,64,137,302,69,371,False,False,False,False,False,False
2026-01-28 09:09:02,22.6,56.2,26.9,17.4,3.9,26.9,72,64,137,302,69,371,False,False,False,False,False,False
2026-01-28 09:09:04,22.6,56.1,26.8,17.2,3.8,26.8,71,65,137,302,69,371,False,False,False,False,False,False
2026-01-28 09:09:06,22.6,56.2,27.0,17.8,4.4,27.0,71,66,137,302,69,371,False,False,False,False,False,False
2026-01-28 09:09:08,22.6,56.2,26.9,17.7,4.3,26.9,70,66,137,302,69,371,False,False,False,False,False,False
2026-01-28 09:09:10,22.6,56.2,26.7,17.2,3.9,26.7,69,67,137,302,69,371,False,False,False,False,False,False
2026-01-28 09:09:12,22.6,56.1,26.6,17.4,4.1,26.6,69,68,137,302,69,371,False,False,False,False,False,False
2026-01-28 09:09:14,22.6,56.2,26.6,17.3,4.0,26.6,68,68,137,302,69,371,False,False,False,False,False,False
2026-01-28 09:09:16,22.6,56.2,26.5,16.7,3.4,26.5,67,69,137,302,69,371,False,False,False,False,False,False
2026-01-28 09:09:18,22.5,56.2,26.7,17.9,4.5,26.7,67,70,137,302,69,371,False,False,False,False,False,False
2026-01-28 09:09:20,22.6,56.2,26.7,17.6,4.3,26.7,66,70,137,302,69,371,False,False,False,False,False,False
2026-01-28 09:09:22,22.6,56.2,26.5,18.1,4.8,26.5,65,68,134,305,66,371,False,False,False,False,False,False
2026-01-28 09:09:24,22.5,56.1,26.4,17.3,4.0,26.4,65,72,137,302,69,371,False,False,False,False,False,False
2026-01-28 09:09:26,22.5,56.2,26.7,17.0,3.7,26.7,64,72,137,302,69,371,False,False,False,False,False,False
2026-01-28 09:09:28,22.6,56.1,26.9,18.1,4.6,26.9,63,73,137,302,69,371,False,False,False,False,False,False
2026-01-28 09:09:30,22.5,56.2,26.0,16.7,3.7,26.0,62,74,137,302,69,371,False,False,False,False,False,False
2026-01-28 09:09:32,22.5,56.1,26.3,17.4,4.3,26.3,61,75,137,302,69,371,False,False,False,False,False,False
2026-01-28 09:09:34,22.5,56.2,26.2,17.0,3.9,26.2,61,76,137,302,69,371,False,False,False,False,False,False
2026-01-28 09:09:36,22.5,56.2,26.7,17.4,4.1,26.7,59,77,137,302,69,371,False,False,False,False,False,False
2026-01-28 09:09:38,22.5,56.2,25.5,17.1,4.3,25.5,59,78,137,302,69,371,False,False,False,False,False,False
2026-01-28 09:09:40,22.5,56.2,26.1,16.9,3.8,26.1,58,79,137,302,69,371,False,False,False,False,False,False
2026-01-28 09:09:42,22.5,56.2,26.3,17.0,3.8,26.3,57,79,137,302,69,371,False,False,False,False,False,False
2026-01-28 09:09:44,22.5,56.2,26.3,16.7,3.6,26.3,56,80,137,302,69,371,False,False,False,False,False,False
2026-01-28 09:09:46,22.5,56.3,26.7,17.3,4.0,26.7,55,81,137,302,69,371,False,False,False,False,False,False
2026-01-28 09:09:48,22.5,56.2,26.5,17.3,4.0,26.5,55,82,137,302,69,371,False,False,False,False,False,False
2026-01-28 09:09:50,22.5,56.3,26.4,17.0,3.7,26.4,54,83,137,302,69,371,False,False,False,False,False,False
2026-01-28 09:09:52,22.5,56.3,26.6,18.1,4.8,26.6,94,40,134,305,66,371,False,False,False,False,False,False
2026-01-28 09:09:54,22.5,56.3,27.1,17.2,3.6,27.1,76,60,137,302,69,371,False,False,False,False,False,False
2026-01-28 09:09:56,22.5,56.3,27.7,17.9,4.0,27.7,75,61,137,302,69,371,False,False,False,False,False,False
2026-01-28 09:09:58,22.5,56.3,28.0,18.3,4.3,28.0,74,62,137,302,69,371,False,False,False,False,False,False
2026-01-28 09:10:00,22.5,56.3,26.6,16.8,3.5,26.6,74,63,137,302,69,371,False,False,False,False,False,False
2026-01-28 09:10:02,22.5,56.2,27.3,17.6,3.9,27.3,73,64,137,302,69,371,False,False,False,False,False,False
2026-01-28 09:10:04,22.5,56.3,26.9,17.3,3.9,26.9,72,64,137,302,69,371,False,False,False,False,False,False
2026-01-28 09:10:06,22.5,56.3,27.3,17.7,4.0,27.3,71,65,137,302,69,371,False,False,False,False,False,False
2026-01-28 09:10:08,22.5,56.3,26.5,17.8,4.5,26.5,70,66,137,302,69,371,False,False,False,False,False,False
2026-01-28 09:10:10,22.5,56.3,26.7,17.4,4.1,26.7,69,67,137,302,69,371,False,False,False,False,False,False
2026-01-28 09:10:12,22.5,56.3,26.8,17.3,3.9,26.8,69,68,137,302,69,371,False,False,False,False,False,False
2026-01-28 09:10:14,22.4,56.3,26.6,17.4,4.1,26.6,68,68,137,302,69,371,False,False,False,False,False,False
2026-01-28 09:10:16,22.4,56.3,26.9,17.2,3.8,26.9,67,69,137,302,69,371,False,False,False,False,False,False
2026-01-28 09:10:18,22.5,56.4,26.5,17.1,3.9,26.5,66,70,137,302,69,371,False,False,False,False,False,False
2026-01-28 09:10:20,22.4,56.3,26.6,17.0,3.7,26.6,66,69,135,302,69,371,False,False,False,False,False,False
2026-01-28 09:10:22,22.4,56.3,27.0,17.5,4.0,27.0,65,72,137,302,69,371,False,False,False,False,False,False
2026-01-28 09:10:24,22.4,56.4,27.1,18.0,4.4,27.1,64,72,137,302,69,371,False,False,False,False,False,False
2026-01-28 09:10:26,22.4,56.4,26.4,17.0,3.8,26.4,63,73,137,302,69,371,False,False,False,False,False,False
2026-01-28 09:10:28,22.4,56.4,26.6,18.2,4.9,26.6,62,74,137,302,69,371,False,False,False,False,False,False
2026-01-28 09:10:30,22.4,56.4,26.3,17.2,4.0,26.3,61,75,137,302,69,371,False,False,False,False,False,False
2026-01-28 09:10:32,22.4,56.4,27.0,17.4,4.0,27.0,61,76,137,302,69,371,False,False,False,False,False,False
2026-01-28 09:10:34,22.4,56.4,25.9,16.8,3.9,25.9,60,77,137,302,69,371,False,False,False,False,False,False
2026-01-28 09:10:36,22.4,56.4,26.5,17.1,3.9,26.5,59,77,137,302,69,371,False,False,False,False,False,False
2026-01-28 09:10:38,22.4,56.4,25.8,17.2,4.3,25.8,58,78,137,302,69,371,False,False,False,False,False,False
2026-01-28 09:10:40,22.4,56.4,26.3,17.0,3.8,26.3,57,79,137,302,69,371,False,False,False,False,False,False
2026-01-28 09:10:42,22.4,56.5,26.5,16.9,3.6,26.5,57,80,137,302,69,371,False,False,False,False,False,False
2026-01-28 09:10:44,22.4,56.5,27.0,17.2,3.7,27.0,56,81,137,302,69,371,False,False,False,False,False,False
2026-01-28 09:10:46,22.4,56.5,26.5,16.8,3.6,26.5,55,81,137,302,69,371,False,False,False,False,False,False
2026-01-28 09:10:48,22.4,56.5,26.5,17.1,3.9,26.5,54,82,137,302,69,371,False,False,False,False,False,False
2026-01-28 09:10:50,22.4,56.5,26.2,16.9,3.7,26.2,94,42,137,302,69,371,False,False,False,False,False,False
2026-01-28 09:10:52,22.4,56.5,27.6,17.9,4.1,27.6,76,60,137,302,69,371,False,False,False,False,False,False
2026-01-28 09:10:54,22.4,56.5,27.0,17.8,4.3,27.0,75,61,137,302,69,371,False,False,False,False,False,False
2026-01-28 09:10:56,22.4,56.5,27.4,17.7,4.0,27.4,74,62,137,302,69,371,False,False,False,False,False,False
2026-01-28 09:10:58,22.4,56.5,27.3,17.9,4.2,27.3,74,63,137,302,69,371,False,False,False,False,False,False
2026-01-28 09:11:00,22.3,56.5,27.2,17.6,4.0,27.2,73,64,137,302,69,371,False,False,False,False,False,False
2026-01-28 09:11:02,22.4,56.6,27.9,18.2,4.2,27.9,72,64,137,302,69,371,False,False,False,False,False,False
2026-01-28 09:11:04,22.4,56.6,26.6,17.2,3.9,26.6,71,65,137,302,69,371,False,False,False,False,False,False
2026-01-28 09:11:06,22.3,56.5,27.4,17.7,4.0,27.4,70,66,137,302,69,371,False,False,False,False,False,False
2026-01-28 09:11:08,22.3,56.6,26.6,17.8,4.5,26.6,69,67,137,302,69,371,False,False,False,False,False,False
2026-01-28 09:11:10,22.3,56.6,26.8,17.4,4.0,26.8,69,68,137,302,69,371,False,False,False,False,False,False
2026-01-28 09:11:12,22.3,56.6,26.7,17.2,3.8,26.7,68,68,137,302,69,371,False,False,False,False,False,False
2026-01-28 09:11:14,22.3,56.6,26.9,17.6,4.1,26.9,67,69,137,302,69,371,False,False,False,False,False,False
2026-01-28 09:11:16,22.3,56.6,26.6,17.1,3.8,26.6,66,70,137,302,69,371,False,False,False,False,False,False
2026-01-28 09:11:18,22.3,56.6,26.5,17.5,4.3,26.5,66,71,137,302,69,371,False,False,False,False,False,False
2026-01-28 09:11:20,22.3,56.6,26.7,17.8,4.4,26.7,65,72,137,302,69,371,False,False,False,False,False,False
2026-01-28 09:11:22,22.3,56.6,26.5,17.2,3.9,26.5,64,72,137,302,69,371,False,False,False,False,False,False
2026-01-28 09:11:24,22.3,56.6,26.7,17.7,4.4,26.7,63,73,137,302,69,371,False,False,False,False,False,False
2026-01-28 09:11:26,22.3,56.7,26.8,17.4,4.0,26.8,62,74,137,302,69,371,False,False,False,False,False,False
2026-01-28 09:11:28,22.3,56.6,26.5,18.0,4.7,26.5,61,75,137,302,69,371,False,False,False,False,False,False
2026-01-28 09:11:30,22.3,56.7,26.4,17.3,4.2,26.4,61,76,137,302,69,371,False,False,False,False,False,False
2026-01-28 09:11:32,22.3,56.7,26.6,17.5,4.1,26.6,60,77,137,302,69,371,False,False,False,False,False,False
2026-01-28 09:11:34,22.3,56.7,26.3,17.1,4.0,26.3,59,77,137,302,69,371,False,False,False,False,False,False
2026-01-28 09:11:36,22.3,56.7,27.0,17.6,4.1,27.0,58,78,137,302,69,371,False,False,False,False,False,False
2026-01-28 09:11:38,22.3,56.8,25.5,17.1,4.3,25.5,57,79,137,302,69,371,False,False,False,False,False,False
2026-01-28 09:11:40,22.3,56.8,26.5,17.2,4.0,26.5,57,80,137,302,69,371,False,False,False,False,False,False
2026-01-28 09:11:42,22.3,56.7,26.5,17.1,3.8,26.5,56,81,137,302,69,371,False,False,False,False,False,False
2026-01-28 09:11:44,22.3,56.7,26.5,17.1,3.9,26.5,55,81,137,302,69,371,False,False,False,False,False,False
2026-01-28 09:11:46,22.3,56.7,26.6,17.0,3.7,26.6,54,82,137,302,69,371,False,False,False,False,False,False
2026-01-28 09:11:48,22.3,56.7,26.1,17.1,4.0,26.1,94,42,137,302,69,371,False,False,False,False,False,False
2026-01-28 09:11:50,22.3,56.7,27.7,17.7,3.9,27.7,76,60,137,302,69,371,False,False,False,False,False,False
2026-01-28 09:11:52,22.3,56.8,27.6,17.9,4.1,27.6,75,61,137,302,69,371,False,False,False,False,False,False
2026-01-28 09:11:54,22.3,56.8,26.5,17.7,4.5,26.5,74,62,137,302,69,371,False,False,False,False,False,False
2026-01-28 09:11:56,22.3,56.8,27.2,17.6,4.0,27.2,74,63,137,302,69,371,False,False,False,False,False,False
2026-01-28 09:11:58,22.3,56.8,27.2,17.9,4.2,27.2,73,64,137,302,69,371,False,False,False,False,False,False
2026-01-28 09:12:00,22.3,56.8,27.1,17.8,4.2,27.1,72,64,137,302,69,371,False,False,False,False,False,False
2026-01-28 09:12:02,22.3,56.8,27.3,17.5,3.8,27.3,71,65,137,302,69,371,False,False,False,False,False,False
2026-01-28 09:12:04,22.3,56.8,27.0,17.4,3.9,27.0,70,66,137,302,69,371,False,False,False,False,False,False
2026-01-28 09:12:06,22.3,56.8,27.6,18.0,4.2,27.6,69,67,137,302,69,371,False,False,False,False,False,False
2026-01-28 09:12:08,22.3,56.8,26.2,17.6,4.5,26.2,69,68,137,302,69,371,False,False,False,False,False,False
2026-01-28 09:12:10,22.3,56.8,27.1,17.3,3.7,27.1,68,68,137,302,69,371,False,False,False,False,False,False
2026-01-28 09:12:12,22.3,56.8,26.5,17.0,3.8,26.5,67,69,137,302,69,371,False,False,False,False,False,False
2026-01-28 09:12:14,22.2,56.9,26.7,17.5,4.1,26.7,66,70,137,302,69,371,False,False,False,False,False,False
2026-01-28 09:12:16,22.2,56.9,26.5,17.1,3.9,26.5,66,71,137,302,69,371,False,False,False,False,False,False
2026-01-28 09:12:18,22.2,56.9,26.5,17.7,4.4,26.5,65,72,137,302,69,371,False,False,False,False,False,False
2026-01-28 09:12:20,22.2,56.9,26.8,17.2,3.9,26.8,64,72,137,302,69,371,False,False,False,False,False,False
2026-01-28 09:12:22,22.2,56.9,26.8,17.5,4.1,26.8,63,73,137,302,69,371,False,False,False,False,False,False
2026-01-28 09:12:24,22.2,56.8,26.7,17.6,4.3,26.7,62,74,137,302,69,371,False,False,False,False,False,False
2026-01-28 09:12:26,22.2,56.9,26.3,17.2,4.0,26.3,61,75,137,302,69,371,False,False,False,False,False,False
2026-01-28 09:12:28,22.2,56.9,26.5,18.2,4.9,26.5,61,76,137,302,69,371,False,False,False,False,False,False
2026-01-28 09:12:30,22.2,56.9,26.5,17.2,4.0,26.5,60,77,137,302,69,371,False,False,False,False,False,False
2026-01-28 09:12:32,22.2,56.9,26.3,16.9,3.8,26.3,59,77,137,302,69,371,False,False,False,False,False,False
2026-01-28 09:12:34,22.2,56.9,26.3,17.1,3.9,26.3,58,78,137,302,69,371,False,False,False,False,False,False
2026-01-28 09:12:36,22.2,56.9,26.4,17.1,4.0,26.4,57,79,137,302,69,371,False,False,False,False,False,False
2026-01-28 09:12:38,22.2,57.0,26.1,17.4,4.3,26.1,57,80,137,302,69,371,False,False,False,False,False,False
2026-01-28 09:12:40,22.2,57.0,27.2,17.6,4.0,27.2,56,81,137,302,69,371,False,False,False,False,False,False
2026-01-28 09:12:42,22.2,57.0,26.0,16.9,3.9,26.0,55,81,137,302,69,371,False,False,False,False,False,False
2026-01-28 09:12:44,22.2,57.0,26.5,17.2,3.9,26.5,54,82,137,302,69,371,False,False,False,False,False,False
2026-01-28 09:12:46,22.2,57.0,26.3,17.0,3.8,26.3,94,42,137,302,69,371,False,False,False,False,False,False
2026-01-28 09:12:48,22.2,57.0,27.5,17.8,4.0,27.5,76,60,137,302,69,371,False,False,False,False,False,False
2026-01-28 09:12:50,22.2,57.1,27.7,17.5,3.7,27.7,75,61,137,302,69,371,False,False,False,False,False,False
2026-01-28 09:12:52,22.2,57.1,27.3,17.6,4.0,27.3,74,62,137,302,69,371,False,False,False,False,False,False
2026-01-28 09:12:54,22.2,57.0,26.4,17.6,4.4,26.4,74,63,137,302,69,371,False,False,False,False,False,False
2026-01-28 09:12:56,22.2,57.0,27.0,17.5,4.0,27.0,72,64,137,302,69,371,False,False,False,False,False,False
2026-01-28 09:12:58,22.2,57.0,27.3,17.9,4.3,27.3,72,64,137,302,69,371,False,False,False,False,False,False
2026-01-28 09:13:00,22.2,57.1,30.3,19.2,4.0,30.3,71,65,137,302,69,371,False,False,False,False,False,False
2026-01-28 09:13:02,22.2,57.0,26.9,17.2,3.7,26.9,70,64,135,304,67,371,False,False,False,False,False,False
2026-01-28 09:13:04,22.2,57.0,26.9,17.6,4.2,26.9,70,67,137,302,69,371,False,False,False,False,False,False
2026-01-28 09:13:06,22.2,57.1,26.8,17.4,3.9,26.8,69,68,137,302,69,371,False,False,False,False,False,False
2026-01-28 09:13:08,22.2,57.1,26.8,17.9,4.5,26.8,68,68,137,302,69,371,False,False,False,False,False,False
2026-01-28 09:13:10,22.2,57.0,26.7,17.1,3.7,26.7,67,69,137,302,69,371,False,False,False,False,False,False
2026-01-28 09:13:12,22.2,57.0,26.5,17.2,4.0,26.5,66,70,137,302,69,371,False,False,False,False,False,False
2026-01-28 09:13:14,22.2,57.1,26.5,17.2,4.0,26.5,66,71,137,302,69,371,False,False,False,False,False,False
2026-01-28 09:13:16,22.2,57.1,27.0,17.2,3.7,27.0,65,72,137,302,69,371,False,False,False,False,False,False
2026-01-28 09:13:18,22.2,57.1,26.6,17.5,4.2,26.6,64,72,137,302,69,371,False,False,False,False,False,False
2026-01-28 09:13:20,22.2,57.1,26.6,17.5,4.2,26.6,63,73,137,302,69,371,False,False,False,False,False,False
2026-01-28 09:13:22,22.2,57.1,26.4,17.1,3.9,26.4,62,74,137,302,69,371,False,False,False,False,False,False
2026-01-28 09:13:24,22.2,57.0,26.7,17.7,4.4,26.7,61,75,137,302,69,371,False,False,False,False,False,False
2026-01-28 09:13:26,22.2,57.1,26.2,17.0,3.9,26.2,61,76,137,302,69,371,False,False,False,False,False,False
2026-01-28 09:13:28,22.2,57.1,26.6,18.2,4.9,26.6,60,77,137,302,69,371,False,False,False,False,False,False
2026-01-28 09:13:30,22.2,57.1,26.2,16.8,3.7,26.2,59,77,137,302,69,371,False,False,False,False,False,False
2026-01-28 09:13:32,22.2,57.1,26.4,17.3,4.1,26.4,58,78,137,302,69,371,False,False,False,False,False,False
2026-01-28 09:13:34,22.2,57.2,26.5,17.3,4.1,26.5,57,79,137,302,69,371,False,False,False,False,False,False
2026-01-28 09:13:36,22.2,57.1,26.5,17.3,4.0,26.5,57,80,137,302,69,371,False,False,False,False,False,False
2026-01-28 09:13:38,22.2,57.2,26.5,17.9,4.7,26.5,56,81,137,302,69,371,False,False,False,False,False,False
2026-01-28 09:13:40,22.2,57.1,26.5,17.1,3.8,26.5,55,81,137,302,69,371,False,False,False,False,False,False
2026-01-28 09:13:42,22.2,57.2,26.7,17.3,4.0,26.7,54,82,137,302,69,371,False,False,False,False,False,False
2026-01-28 09:13:44,22.2,57.2,26.1,17.1,4.0,26.1,94,42,137,302,69,371,False,False,False,False,False,False
2026-01-28 09:13:46,22.2,57.2,27.7,17.7,3.9,27.7,76,60,137,302,69,371,False,False,False,False,False,False
2026-01-28 09:13:48,22.2,57.2,27.6,17.8,4.0,27.6,75,61,137,302,69,371,False,False,False,False,False,False
2026-01-28 09:13:50,22.2,57.4,27.4,17.7,4.0,27.4,74,62,137,302,69,371,False,False,False,False,False,False
2026-01-28 09:13:52,22.2,57.5,27.2,17.6,3.9,27.2,74,63,137,302,69,371,False,False,False,False,False,False
2026-01-28 09:13:54,22.2,57.5,26.4,17.7,4.5,26.4,72,64,137,302,69,371,False,False,False,False,False,False
2026-01-28 09:13:56,22.2,57.5,27.1,17.3,3.8,27.1,72,64,137,302,69,371,False,False,False,False,False,False
2026-01-28 09:13:58,22.2,57.4,27.4,18.0,4.3,27.4,71,65,137,302,69,371,False,False,False,False,False,False
2026-01-28 09:14:00,22.2,57.4,26.9,17.4,4.0,26.9,70,66,137,302,69,371,False,False,False,False,False,False
2026-01-28 09:14:02,22.2,57.4,27.0,17.5,4.0,27.0,70,67,137,302,69,371,False,False,False,False,False,False
2026-01-28 09:14:04,22.2,57.3,26.8,17.3,3.9,26.8,69,68,137,302,69,371,False,False,False,False,False,False
2026-01-28 09:14:06,22.2,57.3,27.0,17.4,3.9,27.0,68,68,137,302,69,371,False,False,False,False,False,False
2026-01-28 09:14:08,22.2,57.3,26.8,17.9,4.6,26.8,67,69,137,302,69,371,False,False,False,False,False,False
2026-01-28 09:14:10,22.2,57.2,26.5,16.9,3.6,26.5,66,70,137,302,69,371,False,False,False,False,False,False
2026-01-28 09:14:12,22.2,57.2,26.7,17.2,3.9,26.7,66,71,137,302,69,371,False,False,False,False,False,False
2026-01-28 09:14:14,22.2,57.1,26.5,17.4,4.2,26.5,65,72,137,302,69,371,False,False,False,False,False,False
2026-01-28 09:14:16,22.2,57.2,26.8,17.3,3.9,26.8,64,72,137,302,69,371,False,False,False,False,False,False
2026-01-28 09:14:18,22.2,57.2,26.5,17.6,4.4,26.5,63,73,137,302,69,371,False,False,False,False,False,False
2026-01-28 09:14:20,22.2,57.1,27.1,17.6,4.1,27.1,62,74,137,302,69,371,False,False,False,False,False,False
2026-01-28 09:14:22,22.2,57.2,26.3,17.3,4.1,26.3,61,75,137,302,69,371,False,False,False,False,False,False
2026-01-28 09:14:24,22.2,57.1,26.8,18.0,4.6,26.8,61,76,137,302,69,371,False,False,False,False,False,False
2026-01-28 09:14:26,22.2,57.1,26.4,17.2,4.0,26.4,60,77,137,302,69,371,False,False,False,False,False,False
2026-01-28 09:14:28,22.2,57.2,26.4,17.9,4.7,26.4,59,77,137,302,69,371,False,False,False,False,False,False
2026-01-28 09:14:30,22.2,57.2,26.3,17.0,3.8,26.3,58,78,137,302,69,371,False,False,False,False,False,False
2026-01-28 09:14:32,22.2,57.1,26.4,17.1,3.9,26.4,57,79,137,302,69,371,False,False,False,False,False,False
2026-01-28 09:14:34,22.2,57.2,26.5,17.3,4.1,26.5,57,80,137,302,69,371,False,False,False,False,False,False
2026-01-28 09:14:36,22.2,57.1,26.8,17.4,4.0,26.8,56,81,137,302,69,371,False,False,False,False,False,False
2026-01-28 09:14:38,22.2,57.2,26.5,18.0,4.7,26.5,55,81,137,302,69,371,False,False,False,False,False,False
2026-01-28 09:14:40,22.2,57.2,26.6,17.1,3.8,26.6,54,82,137,302,69,371,False,False,False,False,False,False
2026-01-28 09:14:42,22.2,57.2,26.3,17.0,3.9,26.3,94,42,137,302,69,371,False,False,False,False,False,False
2026-01-28 09:14:44,22.2,57.2,27.4,17.4,3.7,27.4,76,61,137,302,69,371,False,False,False,False,False,False
2026-01-28 09:14:46,22.2,57.2,27.7,17.7,3.8,27.7,75,61,137,302,69,371,False,False,False,False,False,False
2026-01-28 09:14:48,22.2,57.4,27.3,17.5,3.9,27.3,74,62,137,302,69,371,False,False,False,False,False,False
2026-01-28 09:14:50,22.2,57.5,27.4,17.6,3.9,27.4,74,63,137,302,69,371,False,False,False,False,False,False
2026-01-28 09:14:52,22.2,57.5,27.2,17.8,4.2,27.2,73,64,137,302,69,371,False,False,False,False,False,False
2026-01-28 09:14:54,22.2,57.5,26.5,17.8,4.5,26.5,72,64,137,302,69,371,False,False,False,False,False,False
2026-01-28 09:14:56,22.2,57.4,27.2,17.5,3.9,27.2,71,65,137,302,69,371,False,False,False,False,False,False
2026-01-28 09:14:58,22.2,57.4,27.1,17.5,4.0,27.1,70,66,137,302,69,371,False,False,False,False,False,False
2026-01-28 09:15:00,22.2,57.3,26.8,17.2,3.8,26.8,70,67,137,302,69,371,False,False,False,False,False,False
2026-01-28 09:15:02,22.2,57.3,26.8,17.2,3.7,26.8,69,68,137,302,69,371,False,False,False,False,False,False
2026-01-28 09:15:04,22.2,57.2,26.9,17.6,4.2,26.9,68,68,137,302,69,371,False,False,False,False,False,False
2026-01-28 09:15:06,22.2,57.2,27.1,17.5,3.9,27.1,67,69,137,302,69,371,False,False,False,False,False,False
2026-01-28 09:15:08,22.2,57.2,26.7,17.9,4.6,26.7,66,70,137,302,69,371,False,False,False,False,False,False
2026-01-28 09:15:10,22.2,57.2,26.6,17.1,3.8,26.6,65,71,137,302,69,371,False,False,False,False,False,False
2026-01-28 09:15:12,22.2,57.2,26.5,17.3,4.0,26.5,65,72,137,302,69,371,False,False,False,False,False,False
2026-01-28 09:15:14,22.2,57.2,26.7,17.5,4.1,26.7,64,73,137,302,69,371,False,False,False,False,False,False
2026-01-28 09:15:16,22.2,57.2,26.4,17.2,4.0,26.4,63,73,137,302,69,371,False,False,False,False,False,False
2026-01-28 09:15:18,22.2,57.1,26.4,17.5,4.3,26.4,62,74,137,302,69,371,False,False,False,False,False,False
2026-01-28 09:15:20,22.2,57.1,26.4,17.3,4.1,26.4,61,75,137,302,69,371,False,False,False,False,False,False
2026-01-28 09:15:22,22.2,57.2,26.6,17.9,4.6,26.6,61,76,137,302,69,371,False,False,False,False,False,False
2026-01-28 09:15:24,22.2,57.1,27.0,17.8,4.4,27.0,60,77,137,302,69,371,False,False,False,False,False,False
2026-01-28 09:15:26,22.2,57.2,26.2,17.1,4.0,26.2,59,77,137,302,69,371,False,False,False,False,False,False
2026-01-28 09:15:28,22.2,57.1,26.6,17.8,4.5,26.6,58,78,137,302,69,371,False,False,False,False,False,False
2026-01-28 09:15:30,22.2,57.1,26.4,17.1,4.0,26.4,57,79,137,302,69,371,False,False,False,False,False,False
2026-01-28 09:15:32,22.2,57.1,26.6,17.3,4.0,26.6,57,80,137,302,69,371,False,False,False,False,False,False
2026-01-28 09:15:34,22.2,57.1,26.7,17.4,4.1,26.7,56,81,137,302,69,371,False,False,False,False,False,False
2026-01-28 09:15:36,22.2,57.1,26.6,17.3,4.0,26.6,55,81,137,302,69,371,False,False,False,False,False,False
2026-01-28 09:15:38,22.2,57.1,26.5,17.8,4.6,26.5,54,82,137,302,69,371,False,False,False,False,False,False
2026-01-28 09:15:40,22.2,57.1,26.2,16.9,3.8,26.2,94,42,137,302,69,371,False,False,False,False,False,False
2026-01-28 09:15:42,22.2,57.2,27.7,18.4,4.6,27.7,76,61,137,302,69,371,False,False,False,False,False,False
2026-01-28 09:15:44,22.2,57.2,27.6,17.7,3.9,27.6,75,61,137,302,69,371,False,False,False,False,False,False
2026-01-28 09:15:46,22.2,57.2,27.4,17.8,4.1,27.4,74,62,137,302,69,371,False,False,False,False,False,False
2026-01-28 09:15:48,22.2,57.3,27.1,17.6,4.0,27.1,74,63,137,302,69,371,False,False,False,False,False,False
2026-01-28 09:15:50,22.2,57.3,27.3,17.9,4.3,27.3,73,64,137,302,69,371,False,False,False,False,False,False
2026-01-28 09:15:52,22.2,57.3,27.1,17.4,3.9,27.1,72,64,137,302,69,371,False,False,False,False,False,False
2026-01-28 09:15:54,22.2,57.3,26.7,18.1,4.8,26.7,71,65,137,302,69,371,False,False,False,False,False,False
2026-01-28 09:15:56,22.2,57.3,27.0,17.6,4.1,27.0,70,66,137,302,69,371,False,False,False,False,False,False
2026-01-28 09:15:58,22.2,57.2,26.9,17.8,4.3,26.9,70,67,137,302,69,371,False,False,False,False,False,False
2026-01-28 09:16:00,22.2,57.2,26.6,17.5,4.2,26.6,68,68,137,302,69,371,False,False,False,False,False,False
2026-01-28 09:16:02,22.2,57.2,27.1,17.5,4.0,27.1,68,68,137,302,69,371,False,False,False,False,False,False
2026-01-28 09:16:04,22.3,57.2,26.6,17.3,4.0,26.6,67,69,137,302,69,371,False,False,False,False,False,False
2026-01-28 09:16:06,22.2,57.2,26.7,17.3,4.0,26.7,66,70,137,302,69,371,False,False,False,False,False,False
2026-01-28 09:16:08,22.2,58.5,26.5,17.7,4.4,26.5,65,71,137,302,69,371,False,False,False,False,False,False
2026-01-28 09:16:10,22.3,65.1,26.5,17.0,3.7,26.5,65,72,137,302,69,371,False,False,False,False,False,True
2026-01-28 09:16:12,22.4,69.2,32.2,23.2,7.1,32.2,64,73,137,302,69,371,False,False,False,False,False,True
2026-01-28 09:16:14,22.4,68.4,32.0,22.5,6.5,32.0,61,75,137,302,69,371,False,False,False,False,False,True
2026-01-28 09:16:16,22.5,66.9,31.1,22.1,6.6,31.1,60,76,137,302,69,371,False,False,False,False,False,True
2026-01-28 09:16:18,22.5,65.4,31.2,22.4,6.8,31.2,60,77,137,302,69,371,False,False,False,False,False,True
2026-01-28 09:16:20,22.5,64.1,31.3,22.3,6.7,31.3,59,78,137,302,69,371,False,False,False,False,False,True
2026-01-28 09:16:22,22.5,62.8,31.4,22.4,6.7,31.4,58,78,137,302,69,371,False,False,False,False,False,True
2026-01-28 09:16:24,22.6,61.7,31.6,23.2,7.5,31.6,57,79,137,302,69,371,False,False,False,False,False,True
2026-01-28 09:16:26,22.6,60.8,31.6,22.5,6.7,31.6,56,80,137,302,69,371,False,False,False,False,False,True
2026-01-28 09:16:28,22.6,60.0,31.5,23.4,7.7,31.5,56,81,137,302,69,371,False,False,False,False,False,False
2026-01-28 09:16:30,22.6,59.4,26.5,17.7,4.5,26.5,55,82,137,302,69,371,False,False,False,False,False,False
2026-01-28 09:16:32,22.6,58.9,27.0,17.8,4.3,27.0,54,83,137,302,69,371,False,False,False,False,False,False
2026-01-28 09:16:34,22.6,58.5,26.7,18.0,4.7,26.7,53,83,137,302,69,371,False,False,False,False,False,False
2026-01-28 09:16:36,22.6,58.2,26.8,17.6,4.2,26.8,52,84,137,302,69,371,False,False,False,False,False,False
2026-01-28 09:16:38,22.6,57.9,26.5,18.5,5.2,26.5,92,44,137,302,69,371,False,False,False,False,False,False
2026-01-28 09:16:40,22.5,57.6,26.6,18.0,4.7,26.6,78,59,137,302,69,371,False,False,False,False,False,False
2026-01-28 09:16:42,22.6,57.4,27.6,18.3,4.5,27.6,73,63,137,302,69,371,False,False,False,False,False,False
2026-01-28 09:16:44,22.6,57.2,27.4,17.8,4.1,27.4,72,64,137,302,69,371,False,False,False,False,False,False
2026-01-28 09:16:46,22.5,57.1,27.2,18.1,4.5,27.2,71,65,137,302,69,371,False,False,False,False,False,False
2026-01-28 09:16:48,22.5,57.0,27.3,18.2,4.6,27.3,71,66,137,302,69,371,False,False,False,False,False,False
2026-01-28 09:16:50,22.5,56.9,27.2,18.3,4.6,27.2,70,67,137,302,69,371,False,False,False,False,False,False
2026-01-28 09:16:52,22.5,56.8,27.4,18.1,4.4,27.4,69,68,137,302,69,371,False,False,False,False,False,False
2026-01-28 09:16:54,22.5,56.8,27.1,18.9,5.4,27.1,68,68,137,302,69,371,False,False,False,False,False,False
2026-01-28 09:16:56,22.5,56.7,27.2,18.0,4.4,27.2,67,69,137,302,69,371,False,False,False,False,False,False
2026-01-28 09:16:58,22.5,56.7,29.3,20.3,5.6,29.3,66,70,137,302,69,371,False,False,False,False,False,False
2026-01-28 09:17:00,22.5,56.7,26.5,17.2,4.0,26.5,66,71,137,302,69,371,False,False,False,False,False,False
2026-01-28 09:17:02,22.5,56.6,26.7,17.3,3.9,26.7,65,71,137,302,69,371,False,False,False,False,False,False
2026-01-28 09:17:04,22.5,56.6,26.3,17.0,3.8,26.3,64,72,137,302,69,371,False,False,False,False,False,False
2026-01-28 09:17:06,22.5,56.6,26.4,17.3,4.1,26.4,64,73,137,302,69,371,False,False,False,False,False,False
2026-01-28 09:17:08,22.4,56.6,26.4,17.9,4.7,26.4,63,73,137,302,69,371,False,False,False,False,False,False
2026-01-28 09:17:10,22.4,56.6,26.4,17.0,3.8,26.4,62,74,137,302,69,371,False,False,False,False,False,False
2026-01-28 09:17:12,22.4,56.6,26.3,17.2,4.1,26.3,62,75,137,302,69,371,False,False,False,False,False,False
2026-01-28 09:17:14,22.4,56.6,26.0,17.1,4.1,26.0,61,76,137,302,69,371,False,False,False,False,False,False
2026-01-28 09:17:16,22.4,56.6,26.2,17.0,3.9,26.2,60,76,137,302,69,371,False,False,False,False,False,False
2026-01-28 09:17:18,22.4,56.6,26.2,17.3,4.3,26.2,59,77,137,302,69,371,False,False,False,False,False,False
2026-01-28 09:17:20,22.4,56.6,26.4,17.2,4.0,26.4,59,78,137,302,69,371,False,False,False,False,False,False
2026-01-28 09:17:22,22.4,56.6,26.3,17.7,4.6,26.3,58,78,137,302,69,371,False,False,False,False,False,False
2026-01-28 09:17:24,22.4,56.6,26.5,17.9,4.7,26.5,57,79,137,302,69,371,False,False,False,False,False,False
2026-01-28 09:17:26,22.3,56.6,26.3,17.0,3.8,26.3,57,80,137,302,69,371,False,False,False,False,False,False
2026-01-28 09:17:28,22.3,56.7,26.7,18.1,4.7,26.7,56,80,137,302,69,371,False,False,False,False,False,False
2026-01-28 09:17:30,22.3,56.7,26.4,17.1,3.9,26.4,55,81,137,302,69,371,False,False,False,False,False,False
2026-01-28 09:17:32,22.3,56.8,26.4,17.2,4.0,26.4,55,82,137,302,69,371,False,False,False,False,False,False
2026-01-28 09:17:34,22.3,56.7,26.6,18.0,4.7,26.6,54,81,135,302,69,371,False,False,False,False,False,False
2026-01-28 09:17:36,22.3,56.8,26.3,17.3,4.1,26.3,94,40,135,302,69,371,False,False,False,False,False,False
2026-01-28 09:17:38,22.3,56.8,27.6,18.2,4.4,27.6,76,59,135,302,69,371,False,False,False,False,False,False
2026-01-28 09:17:40,22.3,56.8,27.7,17.7,3.9,27.7,75,59,135,302,69,371,False,False,False,False,False,False
2026-01-28 09:17:42,22.3,56.8,28.1,18.0,3.9,28.1,74,60,135,302,69,371,False,False,False,False,False,False
2026-01-28 09:17:44,22.3,56.9,27.3,17.6,3.9,27.3,74,61,135,302,69,371,False,False,False,False,False,False
2026-01-28 09:17:46,22.3,56.9,27.1,17.4,3.9,27.1,73,62,135,302,69,371,False,False,False,False,False,False
2026-01-28 09:17:48,22.3,56.9,27.1,17.6,4.0,27.1,72,62,135,302,69,371,False,False,False,False,False,False
2026-01-28 09:17:50,22.3,56.9,29.0,18.4,3.9,29.0,71,63,135,302,69,371,False,False,False,False,False,False
2026-01-28 09:17:52,22.2,56.9,26.9,17.5,4.0,26.9,70,64,135,302,69,371,False,False,False,False,False,False
2026-01-28 09:17:54,22.3,57.0,26.6,17.9,4.6,26.6,70,65,135,302,69,371,False,False,False,False,False,False
2026-01-28 09:17:56,22.3,57.0,26.8,17.3,3.8,26.8,69,66,135,302,69,371,False,False,False,False,False,False
2026-01-28 09:17:58,22.2,57.0,27.0,17.8,4.3,27.0,68,66,135,302,69,371,False,False,False,False,False,False
2026-01-28 09:18:00,22.3,57.0,26.7,17.3,3.9,26.7,67,67,135,302,69,371,False,False,False,False,False,False
2026-01-28 09:18:02,22.3,57.0,26.7,17.5,4.2,26.7,66,68,135,302,69,371,False,False,False,False,False,False
2026-01-28 09:18:04,22.2,57.0,26.5,17.4,4.1,26.5,65,69,135,302,69,371,False,False,False,False,False,False
2026-01-28 09:18:06,22.2,57.0,26.6,17.3,4.0,26.6,65,70,135,302,69,371,False,False,False,False,False,False
2026-01-28 09:18:08,22.2,57.0,26.6,17.8,4.5,26.6,64,70,135,302,69,371,False,False,False,False,False,False
2026-01-28 09:18:10,22.2,57.0,26.5,17.1,3.8,26.5,63,71,135,302,69,371,False,False,False,False,False,False
2026-01-28 09:18:12,22.2,57.0,26.2,17.4,4.3,26.2,62,72,135,302,69,371,False,False,False,False,False,False
2026-01-28 09:18:14,22.2,57.0,26.2,16.8,3.7,26.2,61,73,135,302,69,371,False,False,False,False,False,False
2026-01-28 09:18:16,22.2,57.0,26.3,17.1,4.0,26.3,61,74,135,302,69,371,False,False,False,False,False,False
2026-01-28 09:18:18,22.2,57.0,26.4,17.2,4.0,26.4,60,75,135,302,69,371,False,False,False,False,False,False
2026-01-28 09:18:20,22.2,57.0,26.3,17.2,4.1,26.3,59,75,135,302,69,371,False,False,False,False,False,False
2026-01-28 09:18:22,22.2,57.1,26.2,16.8,3.7,26.2,58,76,135,302,69,371,False,False,False,False,False,False
2026-01-28 09:18:24,22.2,57.1,26.6,17.9,4.6,26.6,57,77,135,302,69,371,False,False,False,False,False,False
2026-01-28 09:18:26,22.2,57.1,26.4,17.1,3.9,26.4,57,78,135,302,69,371,False,False,False,False,False,False
2026-01-28 09:18:28,22.2,57.0,27.0,18.4,4.9,27.0,56,79,135,302,69,371,False,False,False,False,False,False
2026-01-28 09:18:30,22.2,57.1,26.3,17.2,4.1,26.3,55,79,135,302,69,371,False,False,False,False,False,False
2026-01-28 09:18:32,22.2,57.1,26.6,17.3,4.0,26.6,54,80,135,302,69,371,False,False,False,False,False,False
2026-01-28 09:18:34,22.2,57.1,26.0,17.2,4.2,26.0,94,40,135,302,69,371,False,False,False,False,False,False
2026-01-28 09:18:36,22.2,57.1,27.6,17.9,4.1,27.6,76,58,135,302,69,371,False,False,False,False,False,False
2026-01-28 09:18:38,22.2,57.1,27.5,18.5,4.8,27.5,75,59,135,302,69,371,False,False,False,False,False,False
2026-01-28 09:18:40,22.1,57.2,27.2,17.6,4.0,27.2,74,60,135,302,69,371,False,False,False,False,False,False
2026-01-28 09:18:42,22.1,57.2,27.5,17.6,3.8,27.5,74,61,135,302,69,371,False,False,False,False,False,False
2026-01-28 09:18:44,22.1,57.2,26.6,17.5,4.2,26.6,73,62,135,302,69,371,False,False,False,False,False,False
2026-01-28 09:18:46,22.1,57.2,27.0,17.5,4.0,27.0,72,62,135,302,69,371,False,False,False,False,False,False
2026-01-28 09:18:48,22.1,57.2,27.1,17.6,4.0,27.1,71,63,135,302,69,371,False,False,False,False,False,False
2026-01-28 09:18:50,22.1,57.3,26.9,17.6,4.1,26.9,70,64,135,302,69,371,False,False,False,False,False,False
2026-01-28 09:18:52,22.1,57.2,26.7,17.4,4.0,26.7,70,65,135,302,69,371,False,False,False,False,False,False
2026-01-28 09:18:54,22.1,57.3,26.0,17.5,4.5,26.0,69,66,135,302,69,371,False,False,False,False,False,False
2026-01-28 09:18:56,22.1,57.3,26.9,17.4,4.0,26.9,68,66,135,302,69,371,False,False,False,False,False,False
2026-01-28 09:18:58,22.1,57.3,26.7,17.4,4.1,26.7,67,67,135,302,69,371,False,False,False,False,False,False
2026-01-28 09:19:00,22.1,57.4,26.4,16.9,3.7,26.4,66,68,135,302,69,371,False,False,False,False,False,False
2026-01-28 09:19:02,22.1,57.3,26.4,17.2,4.0,26.4,65,69,135,302,69,371,False,False,False,False,False,False
2026-01-28 09:19:04,22.1,57.4,26.4,17.2,4.0,26.4,65,70,135,302,69,371,False,False,False,False,False,False
2026-01-28 09:19:06,22.1,57.3,26.7,17.4,4.1,26.7,64,71,135,302,69,371,False,False,False,False,False,False
2026-01-28 09:19:08,22.1,57.3,26.4,17.4,4.2,26.4,63,71,135,302,69,371,False,False,False,False,False,False
2026-01-28 09:19:10,22.1,57.3,26.3,17.1,3.9,26.3,62,72,135,302,69,371,False,False,False,False,False,False
2026-01-28 09:19:12,22.1,57.3,26.4,17.1,3.9,26.4,61,73,135,302,69,371,False,False,False,False,False,False
2026-01-28 09:19:14,22.1,57.4,26.3,17.3,4.1,26.3,61,74,135,302,69,371,False,False,False,False,False,False
2026-01-28 09:19:16,22.1,57.4,26.5,17.3,4.1,26.5,60,75,135,302,69,371,False,False,False,False,False,False
2026-01-28 09:19:18,22.1,57.4,26.1,17.2,4.1,26.1,59,75,135,302,69,371,False,False,False,False,False,False
2026-01-28 09:19:20,22.1,57.4,26.1,17.2,4.1,26.1,58,76,135,302,69,371,False,False,False,False,False,False
2026-01-28 09:19:22,22.1,57.4,26.4,17.2,4.1,26.4,57,77,135,302,69,371,False,False,False,False,False,False
2026-01-28 09:19:24,22.1,57.4,26.9,18.3,4.8,26.9,57,78,135,302,69,371,False,False,False,False,False,False
2026-01-28 09:19:26,22.1,57.5,26.6,17.2,3.9,26.6,56,79,135,302,69,371,False,False,False,False,False,False
2026-01-28 09:19:28,22.1,57.4,26.7,18.3,4.9,26.7,55,79,135,302,69,371,False,False,False,False,False,False
2026-01-28 09:19:30,22.1,57.4,26.4,16.6,3.4,26.4,54,80,135,302,69,371,False,False,False,False,False,False
2026-01-28 09:19:32,22.1,57.5,26.2,17.2,4.0,26.2,94,40,135,302,69,371,False,False,False,False,False,False
2026-01-28 09:19:34,22.1,57.5,27.3,17.5,3.9,27.3,76,58,135,302,69,371,False,False,False,False,False,False
2026-01-28 09:19:36,22.1,57.5,27.6,17.8,3.9,27.6,75,59,135,302,69,371,False,False,False,False,False,False
2026-01-28 09:19:38,22.1,57.5,27.2,17.7,4.1,27.2,75,60,135,302,69,371,False,False,False,False,False,False
2026-01-28 09:19:40,22.1,57.6,27.1,17.6,4.0,27.1,74,61,135,302,69,371,False,False,False,False,False,False
2026-01-28 09:19:42,22.0,57.6,27.7,17.8,3.9,27.7,73,62,135,302,69,371,False,False,False,False,False,False
2026-01-28 09:19:44,22.0,57.5,27.0,17.3,3.9,27.0,72,62,135,302,69,371,False,False,False,False,False,False
2026-01-28 09:19:46,22.0,57.5,27.1,17.4,3.9,27.1,71,63,135,302,69,371,False,False,False,False,False,False
2026-01-28 09:19:48,22.0,57.5,26.8,17.3,3.9,26.8,70,64,135,302,69,371,False,False,False,False,False,False
2026-01-28 09:19:50,22.0,57.5,26.8,17.5,4.1,26.8,70,65,135,302,69,371,False,False,False,False,False,False
2026-01-28 09:19:52,22.0,57.5,26.7,17.3,4.0,26.7,69,66,135,302,69,371,False,False,False,False,False,False
2026-01-28 09:19:54,22.1,57.7,26.4,17.9,4.7,26.4,68,66,135,302,69,371,False,False,False,False,False,False
2026-01-28 09:19:56,22.0,57.6,26.5,17.0,3.8,26.5,67,67,135,302,69,371,False,False,False,False,False,False
2026-01-28 09:19:58,22.1,58.1,26.6,17.4,4.1,26.6,66,68,135,302,69,371,False,False,False,False,False,False
2026-01-28 09:20:00,22.1,58.4,26.8,17.2,3.8,26.8,65,69,135,302,69,371,False,False,False,False,False,False
2026-01-28 09:20:02,22.0,58.6,26.3,17.0,3.8,26.3,64,70,135,302,69,371,False,False,False,False,False,False
2026-01-28 09:20:04,22.0,58.5,26.5,17.3,4.1,26.5,64,71,135,302,69,371,False,False,False,False,False,False
2026-01-28 09:20:06,22.0,58.4,26.4,17.1,3.9,26.4,63,71,135,302,69,371,False,False,False,False,False,False
2026-01-28 09:20:08,22.1,58.4,26.3,17.5,4.3,26.3,62,72,135,302,69,371,False,False,False,False,False,False
2026-01-28 09:20:10,22.1,58.3,26.3,17.1,3.9,26.3,61,73,135,302,69,371,False,False,False,False,False,False
2026-01-28 09:20:12,22.0,58.2,26.3,17.1,3.9,26.3,61,74,135,302,69,371,False,False,False,False,False,False
2026-01-28 09:20:14,22.0,58.0,26.6,17.8,4.5,26.6,60,75,135,302,69,371,False,False,False,False,False,False
2026-01-28 09:20:16,22.0,58.0,26.0,16.9,3.9,26.0,59,75,135,302,69,371,False,False,False,False,False,False
2026-01-28 09:20:18,22.1,58.0,26.1,17.3,4.2,26.1,58,76,135,302,69,371,False,False,False,False,False,False
2026-01-28 09:20:20,22.0,57.9,26.5,17.3,4.1,26.5,57,77,135,302,69,371,False,False,False,False,False,False
2026-01-28 09:20:22,22.1,57.9,26.4,17.2,4.0,26.4,57,78,135,302,69,371,False,False,False,False,False,False
2026-01-28 09:20:24,22.0,57.8,27.0,18.2,4.7,27.0,56,79,135,302,69,371,False,False,False,False,False,False
2026-01-28 09:20:26,22.1,57.8,26.4,17.2,4.0,26.4,55,79,135,302,69,371,False,False,False,False,False,False
2026-01-28 09:20:28,22.1,57.8,26.8,18.0,4.6,26.8,54,80,135,302,69,371,False,False,False,False,False,False
2026-01-28 09:20:30,22.1,57.7,26.1,17.0,4.0,26.1,94,40,135,302,69,371,False,False,False,False,False,False
2026-01-28 09:20:32,22.1,57.7,27.4,17.9,4.2,27.4,76,58,135,302,69,371,False,False,False,False,False,False
2026-01-28 09:20:34,22.1,57.7,27.6,17.8,4.0,27.6,75,59,135,302,69,371,False,False,False,False,False,False
2026-01-28 09:20:36,22.1,57.7,27.3,17.4,3.8,27.3,74,60,135,302,69,371,False,False,False,False,False,False
2026-01-28 09:20:38,22.0,57.7,27.3,18.2,4.6,27.3,74,61,135,302,69,371,False,False,False,False,False,False
2026-01-28 09:20:40,22.1,57.7,27.1,17.3,3.8,27.1,73,62,135,302,69,371,False,False,False,False,False,False
2026-01-28 09:20:42,22.1,57.7,27.0,17.3,3.8,27.0,72,62,135,302,69,371,False,False,False,False,False,False
2026-01-28 09:20:44,22.1,57.7,27.1,17.8,4.2,27.1,71,63,135,302,69,371,False,False,False,False,False,False
2026-01-28 09:20:46,22.1,57.7,26.9,17.4,4.0,26.9,70,64,135,302,69,371,False,False,False,False,False,False
2026-01-28 09:20:48,22.0,57.6,26.7,17.0,3.7,26.7,70,65,135,302,69,371,False,False,False,False,False,False
2026-01-28 09:20:50,22.0,57.6,26.6,17.5,4.2,26.6,69,66,135,302,69,371,False,False,False,False,False,False
2026-01-28 09:20:52,22.0,57.7,26.9,17.4,4.0,26.9,68,66,135,302,69,371,False,False,False,False,False,False
2026-01-28 09:20:54,22.1,57.6,26.1,17.8,4.8,26.1,67,67,135,302,69,371,False,False,False,False,False,False
2026-01-28 09:20:56,22.1,57.6,26.5,17.1,3.9,26.5,66,68,135,302,69,371,False,False,False,False,False,False
2026-01-28 09:20:58,22.1,57.6,26.6,17.5,4.2,26.6,65,69,135,302,69,371,False,False,False,False,False,False
2026-01-28 09:21:00,22.1,57.7,26.4,17.2,4.0,26.4,65,70,135,302,69,371,False,False,False,False,False,False
2026-01-28 09:21:02,22.1,57.6,26.6,17.4,4.0,26.6,64,71,135,302,69,371,False,False,False,False,False,False
2026-01-28 09:21:04,22.0,57.6,26.2,17.2,4.1,26.2,63,71,135,302,69,371,False,False,False,False,False,False
2026-01-28 09:21:06,22.1,57.6,26.4,17.1,3.9,26.4,62,72,135,302,69,371,False,False,False,False,False,False
2026-01-28 09:21:08,22.0,57.6,26.4,17.7,4.5,26.4,62,73,135,302,69,371,False,False,False,False,False,False
2026-01-28 09:21:10,22.1,57.6,26.3,17.3,4.1,26.3,61,74,135,302,69,371,False,False,False,False,False,False
2026-01-28 09:21:12,22.1,57.6,26.5,17.2,4.0,26.5,60,75,135,302,69,371,False,False,False,False,False,False
2026-01-28 09:21:14,22.0,57.6,26.0,17.0,4.0,26.0,59,75,135,302,69,371,False,False,False,False,False,False
2026-01-28 09:21:16,22.1,57.6,26.0,16.8,3.8,26.0,58,76,135,302,69,371,False,False,False,False,False,False
2026-01-28 09:21:18,22.1,57.6,26.4,17.6,4.4,26.4,57,77,135,302,69,371,False,False,False,False,False,False
2026-01-28 09:21:20,22.1,57.6,26.5,17.1,3.9,26.5,57,78,135,302,69,371,False,False,False,False,False,False
2026-01-28 09:21:22,22.1,57.6,26.6,17.3,4.0,26.6,56,79,135,302,69,371,False,False,False,False,False,False
2026-01-28 09:21:24,22.1,57.6,27.5,19.0,5.2,27.5,55,79,135,302,69,371,False,False,False,False,False,False
2026-01-28 09:21:26,22.1,57.6,26.0,17.2,4.2,26.0,54,80,135,302,69,371,False,False,False,False,False,False
2026-01-28 09:21:28,22.1,57.6,26.4,18.0,4.8,26.4,94,40,135,302,69,371,False,False,False,False,False,False
2026-01-28 09:21:30,22.1,57.6,27.4,17.7,4.0,27.4,76,58,135,302,69,371,False,False,False,False,False,False
2026-01-28 09:21:32,22.1,57.6,27.4,17.7,4.0,27.4,75,59,135,302,69,371,False,False,False,False,False,False
2026-01-28 09:21:34,22.1,57.6,27.2,17.7,4.1,27.2,74,60,135,302,69,371,False,False,False,False,False,False
2026-01-28 09:21:36,22.1,57.6,26.7,17.4,4.0,26.7,74,61,135,302,69,371,False,False,False,False,False,False
2026-01-28 09:21:38,22.1,57.6,27.2,17.8,4.2,27.2,73,61,135,302,69,371,False,False,False,False,False,False
2026-01-28 09:21:40,22.1,57.6,27.6,17.7,3.9,27.6,72,62,135,302,69,371,False,False,False,False,False,False
2026-01-28 09:21:42,22.1,57.6,27.2,17.3,3.7,27.2,71,63,135,302,69,371,False,False,False,False,False,False
2026-01-28 09:21:44,22.1,57.6,26.8,17.4,4.0,26.8,70,64,135,302,69,371,False,False,False,False,False,False
2026-01-28 09:21:46,22.1,57.6,26.7,17.1,3.8,26.7,70,65,135,302,69,371,False,False,False,False,False,False
2026-01-28 09:21:48,22.1,57.6,26.6,17.4,4.1,26.6,69,66,135,302,69,371,False,False,False,False,False,False
2026-01-28 09:21:50,22.1,57.6,27.2,17.5,3.9,27.2,68,67,135,302,69,371,False,False,False,False,False,False
2026-01-28 09:21:52,22.1,57.6,26.6,17.3,4.0,26.6,67,67,135,302,69,371,False,False,False,False,False,False
2026-01-28 09:21:54,22.1,57.6,26.1,17.5,4.5,26.1,66,68,135,302,69,371,False,False,False,False,False,False
2026-01-28 09:21:56,22.1,57.6,26.4,16.7,3.5,26.4,65,69,135,302,69,371,False,False,False,False,False,False
2026-01-28 09:21:58,22.1,57.5,26.5,17.1,3.9,26.5,65,70,135,302,69,371,False,False,False,False,False,False
2026-01-28 09:22:00,22.1,57.6,26.6,17.1,3.8,26.6,64,71,135,302,69,371,False,False,False,False,False,False
2026-01-28 09:22:02,22.1,57.6,26.4,17.1,3.9,26.4,63,71,135,302,69,371,False,False,False,False,False,False
2026-01-28 09:22:04,22.1,57.6,26.1,17.0,3.9,26.1,62,72,135,302,69,371,False,False,False,False,False,False
2026-01-28 09:22:06,22.1,57.6,26.3,17.1,3.9,26.3,61,73,135,302,69,371,False,False,False,False,False,False
2026-01-28 09:22:08,22.1,57.5,26.4,17.6,4.4,26.4,61,74,135,302,69,371,False,False,False,False,False,False
2026-01-28 09:22:10,22.1,57.6,26.4,17.4,4.2,26.4,60,75,135,302,69,371,False,False,False,False,False,False
2026-01-28 09:22:12,22.1,57.6,26.3,17.1,4.0,26.3,59,75,135,302,69,371,False,False,False,False,False,False
2026-01-28 09:22:14,22.1,57.6,26.2,17.3,4.1,26.2,58,76,135,302,69,371,False,False,False,False,False,False
2026-01-28 09:22:16,22.1,57.6,26.4,17.2,4.0,26.4,57,77,135,302,69,371,False,False,False,False,False,False
2026-01-28 09:22:18,22.1,57.5,26.4,17.3,4.1,26.4,57,78,135,302,69,371,False,False,False,False,False,False
2026-01-28 09:22:20,22.1,57.6,26.7,17.2,3.8,26.7,56,79,135,302,69,371,False,False,False,False,False,False
2026-01-28 09:22:22,22.1,57.6,26.6,17.6,4.3,26.6,55,79,135,302,69,371,False,False,False,False,False,False
2026-01-28 09:22:24,22.1,57.6,26.9,18.2,4.7,26.9,54,80,135,302,69,371,False,False,False,False,False,False
2026-01-28 09:22:26,22.1,57.6,26.1,16.8,3.7,26.1,94,40,135,302,69,371,False,False,False,False,False,False
2026-01-28 09:22:28,22.1,57.6,27.8,18.7,4.8,27.8,76,58,135,302,69,371,False,False,False,False,False,False
2026-01-28 09:22:30,22.1,57.6,27.5,17.6,3.9,27.5,75,59,135,302,69,371,False,False,False,False,False,False
2026-01-28 09:22:32,22.1,57.6,27.1,17.5,3.9,27.1,74,60,135,302,69,371,False,False,False,False,False,False
2026-01-28 09:22:34,22.1,57.6,27.1,17.4,3.9,27.1,74,61,135,302,69,371,False,False,False,False,False,False
2026-01-28 09:22:36,22.1,57.6,26.8,17.2,3.8,26.8,72,62,135,302,69,371,False,False,False,False,False,False
2026-01-28 09:22:38,22.1,57.6,27.2,18.2,4.6,27.2,72,63,135,302,69,371,False,False,False,False,False,False
2026-01-28 09:22:40,22.1,57.5,27.0,17.2,3.7,27.0,71,64,135,302,69,371,False,False,False,False,False,False
2026-01-28 09:22:42,22.1,57.6,26.8,17.2,3.8,26.8,70,64,135,302,69,371,False,False,False,False,False,False
2026-01-28 09:22:44,22.1,57.6,26.7,17.4,4.1,26.7,69,65,135,302,69,371,False,False,False,False,False,False
2026-01-28 09:22:46,22.1,57.6,26.7,17.2,3.8,26.7,68,66,135,302,69,371,False,False,False,False,False,False
2026-01-28 09:22:48,22.1,57.6,26.7,17.2,3.9,26.7,68,67,135,302,69,371,False,False,False,False,False,False
2026-01-28 09:22:50,22.1,57.6,26.6,17.2,3.9,26.6,67,68,135,302,69,371,False,False,False,False,False,False
2026-01-28 09:22:52,22.1,57.6,26.4,17.1,3.9,26.4,66,69,135,302,69,371,False,False,False,False,False,False
2026-01-28 09:22:54,22.1,57.6,25.8,17.6,4.7,25.8,65,69,135,302,69,371,False,False,False,False,False,False
2026-01-28 09:22:56,22.1,57.6,26.5,16.7,3.5,26.5,64,70,135,302,69,371,False,False,False,False,False,False
2026-01-28 09:22:58,22.1,57.6,26.7,17.2,3.8,26.7,63,71,135,302,69,371,False,False,False,False,False,False
2026-01-28 09:23:00,22.1,57.6,26.3,17.1,4.0,26.3,63,72,135,302,69,371,False,False,False,False,False,False
2026-01-28 09:23:02,22.1,57.6,26.4,17.2,4.0,26.4,62,73,135,302,69,371,False,False,False,False,False,False
2026-01-28 09:23:04,22.1,57.7,26.2,17.3,4.2,26.2,61,73,135,302,69,371,False,False,False,False,False,False
2026-01-28 09:23:06,22.1,57.6,26.4,17.2,4.0,26.4,60,74,135,302,69,371,False,False,False,False,False,False
2026-01-28 09:23:08,22.1,57.6,26.4,17.6,4.4,26.4,59,74,134,305,66,371,False,False,False,False,False,False
2026-01-28 09:23:10,22.1,57.6,26.3,17.4,4.2,26.3,59,76,135,302,69,371,False,False,False,False,False,False
2026-01-28 09:23:12,22.1,57.7,26.3,17.2,4.0,26.3,58,77,135,302,69,371,False,False,False,False,False,False
2026-01-28 09:23:14,22.1,57.7,26.3,17.3,4.1,26.3,57,77,135,302,69,371,False,False,False,False,False,False
2026-01-28 09:23:16,22.1,57.6,26.4,17.2,4.0,26.4,56,78,135,302,69,371,False,False,False,False,False,False
2026-01-28 09:23:18,22.1,57.6,26.8,17.7,4.3,26.8,55,79,135,302,69,371,False,False,False,False,False,False
2026-01-28 09:23:20,22.1,57.6,26.3,16.7,3.5,26.3,55,80,135,302,69,371,False,False,False,False,False,False
2026-01-28 09:23:22,22.1,57.6,26.5,16.7,3.4,26.5,54,81,135,302,69,371,False,False,False,False,False,False
2026-01-28 09:23:24,22.1,57.6,26.5,17.7,4.4,26.5,94,40,135,302,69,371,False,False,False,False,False,False
2026-01-28 09:23:26,22.1,57.6,27.7,18.1,4.2,27.7,76,58,135,302,69,371,False,False,False,False,False,False
2026-01-28 09:23:28,22.1,57.6,28.0,18.5,4.5,28.0,75,59,135,302,69,371,False,False,False,False,False,False
2026-01-28 09:23:30,22.1,57.6,27.4,17.8,4.0,27.4,74,60,135,302,69,371,False,False,False,False,False,False
2026-01-28 09:23:32,22.1,57.6,27.4,17.5,3.8,27.4,74,61,135,302,69,371,False,False,False,False,False,False
2026-01-28 09:23:34,22.1,57.6,27.3,17.6,4.0,27.3,73,62,135,302,69,371,False,False,False,False,False,False
2026-01-28 09:23:36,22.1,57.6,27.0,17.1,3.6,27.0,72,62,135,302,69,371,False,False,False,False,False,False
2026-01-28 09:23:38,22.1,57.6,27.4,18.2,4.5,27.4,71,62,134,305,66,371,False,False,False,False,False,False
2026-01-28 09:23:40,22.1,57.9,28.0,17.9,4.0,28.0,70,64,135,302,69,371,False,False,False,False,False,False
2026-01-28 09:23:42,22.1,58.0,26.9,17.3,3.8,26.9,70,65,135,302,69,371,False,False,False,False,False,False
2026-01-28 09:23:44,22.1,58.0,26.8,17.3,4.0,26.8,69,66,135,302,69,371,False,False,False,False,False,False
2026-01-28 09:23:46,22.1,58.0,27.0,17.0,3.6,27.0,68,66,135,302,69,371,False,False,False,False,False,False
2026-01-28 09:23:48,22.1,57.9,26.6,17.2,3.9,26.6,67,67,135,302,69,371,False,False,False,False,False,False
2026-01-28 09:23:50,22.1,57.9,26.7,16.9,3.6,26.7,66,68,135,302,69,371,False,False,False,False,False,False
2026-01-28 09:23:52,22.1,57.9,26.4,17.1,3.9,26.4,65,69,135,302,69,371,False,False,False,False,False,False
2026-01-28 09:23:54,22.1,58.0,26.0,17.2,4.2,26.0,65,70,135,302,69,371,False,False,False,False,False,False
2026-01-28 09:23:56,22.1,58.0,26.7,17.2,3.9,26.7,64,71,135,302,69,371,False,False,False,False,False,False
2026-01-28 09:23:58,22.1,57.9,26.5,17.0,3.8,26.5,63,71,135,302,69,371,False,False,False,False,False,False
2026-01-28 09:24:00,22.1,57.9,26.5,17.4,4.2,26.5,62,72,135,302,69,371,False,False,False,False,False,False
2026-01-28 09:24:02,22.1,57.9,26.3,17.2,4.1,26.3,61,73,135,302,69,371,False,False,False,False,False,False
2026-01-28 09:24:04,22.1,57.8,26.4,17.3,4.1,26.4,61,74,135,302,69,371,False,False,False,False,False,False
2026-01-28 09:24:06,22.1,57.7,26.5,17.2,3.9,26.5,60,75,135,302,69,371,False,False,False,False,False,False
2026-01-28 09:24:08,22.1,57.8,26.8,17.4,4.1,26.8,59,74,134,305,66,371,False,False,False,False,False,False
2026-01-28 09:24:10,22.1,58.2,26.1,16.9,3.9,26.1,58,76,135,302,69,371,False,False,False,False,False,False
2026-01-28 09:24:12,22.2,63.2,26.5,16.9,3.6,26.5,57,77,135,302,69,371,False,False,False,False,False,True
2026-01-28 09:24:14,22.3,68.4,31.8,23.0,7.1,31.8,56,78,135,302,69,371,False,False,False,False,False,True
2026-01-28 09:24:16,22.3,70.7,31.1,22.0,6.4,31.1,54,81,135,302,69,371,False,False,False,False,False,True
2026-01-28 09:24:18,22.3,69.3,31.3,22.7,7.1,31.3,53,81,135,302,69,371,False,False,False,False,False,True
2026-01-28 09:24:20,22.4,67.7,30.8,22.0,6.6,30.8,52,82,135,302,69,371,False,False,False,False,False,True
2026-01-28 09:24:22,22.4,66.1,30.5,21.6,6.4,30.5,92,42,135,302,69,371,False,False,False,False,False,True
2026-01-28 09:24:24,22.4,64.5,30.7,22.4,7.0,30.7,72,62,135,302,69,371,False,False,False,False,False,True
2026-01-28 09:24:26,22.4,63.3,32.3,23.1,6.9,32.3,68,67,135,302,69,371,False,False,False,False,False,True
2026-01-28 09:24:28,22.4,62.2,31.9,23.2,7.3,31.9,67,68,135,302,69,371,False,False,False,False,False,True
2026-01-28 09:24:30,22.4,61.4,31.6,22.5,6.7,31.6,66,68,135,302,69,371,False,False,False,False,False,True
2026-01-28 09:24:32,22.4,60.6,31.4,22.2,6.5,31.4,65,69,135,302,69,371,False,False,False,False,False,True
2026-01-28 09:24:34,22.4,59.9,31.7,22.3,6.5,31.7,64,70,135,302,69,371,False,False,False,False,False,False
2026-01-28 09:24:36,22.4,59.4,27.0,18.3,4.8,27.0,64,71,135,302,69,371,False,False,False,False,False,False
2026-01-28 09:24:38,22.4,59.0,26.7,17.9,4.6,26.7,63,72,135,302,69,371,False,False,False,False,False,False
2026-01-28 09:24:40,22.4,58.7,27.0,18.2,4.7,27.0,62,72,135,302,69,371,False,False,False,False,False,False
2026-01-28 09:24:42,22.4,58.4,26.9,17.9,4.4,26.9,61,73,135,302,69,371,False,False,False,False,False,False
2026-01-28 09:24:44,22.4,58.2,26.8,18.2,4.7,26.8,60,74,135,302,69,371,False,False,False,False,False,False
2026-01-28 09:24:46,22.4,58.0,26.6,17.9,4.6,26.6,60,75,135,302,69,371,False,False,False,False,False,False
2026-01-28 09:24:48,22.4,57.9,27.0,18.3,4.8,27.0,59,76,135,302,69,371,False,False,False,False,False,False
2026-01-28 09:24:50,22.4,57.7,26.5,17.7,4.4,26.5,58,76,135,302,69,371,False,False,False,False,False,False
2026-01-28 09:24:52,22.4,57.6,26.4,18.2,5.0,26.4,57,77,135,302,69,371,False,False,False,False,False,False
2026-01-28 09:24:54,22.4,57.5,27.1,19.0,5.4,27.1,56,78,135,302,69,371,False,False,False,False,False,False
2026-01-28 09:24:56,22.4,57.4,27.5,18.5,4.8,27.5,55,79,135,302,69,371,False,False,False,False,False,False
2026-01-28 09:24:58,22.4,57.4,26.6,17.9,4.6,26.6,55,80,135,302,69,371,False,False,False,False,False,False
2026-01-28 09:25:00,22.4,57.3,26.7,17.9,4.5,26.7,54,81,135,302,69,371,False,False,False,False,False,False
2026-01-28 09:25:02,22.4,57.3,26.8,17.9,4.5,26.8,53,81,135,302,69,371,False,False,False,False,False,False
2026-01-28 09:25:04,22.4,57.2,29.1,20.4,5.8,29.1,52,82,135,302,69,371,False,False,False,False,False,False
2026-01-28 09:25:06,22.4,57.2,25.9,17.0,4.1,25.9,92,42,135,302,69,371,False,False,False,False,False,False
2026-01-28 09:25:08,22.3,57.2,27.0,17.5,4.0,27.0,74,60,135,302,69,371,False,False,False,False,False,False
2026-01-28 09:25:10,22.3,57.1,27.1,18.1,4.6,27.1,74,61,135,302,69,371,False,False,False,False,False,False
2026-01-28 09:25:12,22.3,57.2,27.1,17.2,3.7,27.1,73,61,135,302,69,371,False,False,False,False,False,False
2026-01-28 09:25:14,22.3,57.1,27.2,17.6,4.0,27.2,72,62,135,302,69,371,False,False,False,False,False,False
2026-01-28 09:25:16,22.3,57.1,26.9,17.4,4.0,26.9,72,63,135,302,69,371,False,False,False,False,False,False
2026-01-28 09:25:18,22.3,57.2,26.9,17.8,4.3,26.9,71,64,135,302,69,371,False,False,False,False,False,False
2026-01-28 09:25:20,22.3,57.2,26.8,17.3,3.9,26.8,70,64,135,302,69,371,False,False,False,False,False,False
2026-01-28 09:25:22,22.3,57.2,26.8,17.4,4.0,26.8,69,65,135,302,69,371,False,False,False,False,False,False
2026-01-28 09:25:24,22.3,57.2,26.9,17.6,4.1,26.9,69,66,135,302,69,371,False,False,False,False,False,False
2026-01-28 09:25:26,22.3,57.2,26.8,17.9,4.5,26.8,68,66,135,302,69,371,False,False,False,False,False,False
2026-01-28 09:25:28,22.3,57.1,26.8,17.9,4.5,26.8,67,67,135,302,69,371,False,False,False,False,False,False
2026-01-28 09:25:30,22.3,57.1,26.6,17.7,4.4,26.6,67,68,135,302,69,371,False,False,False,False,False,False
2026-01-28 09:25:32,22.3,57.2,26.5,17.1,3.9,26.5,66,68,135,302,69,371,False,False,False,False,False,False
2026-01-28 09:25:34,22.3,57.2,26.7,17.4,4.1,26.7,65,69,135,302,69,371,False,False,False,False,False,False
2026-01-28 09:25:36,22.2,57.2,26.4,17.0,3.9,26.4,65,70,135,302,69,371,False,False,False,False,False,False
2026-01-28 09:25:38,22.2,57.2,26.3,17.1,4.0,26.3,64,71,135,302,69,371,False,False,False,False,False,False
2026-01-28 09:25:40,22.2,57.2,26.6,17.8,4.5,26.6,63,71,135,302,69,371,False,False,False,False,False,False
2026-01-28 09:25:42,22.2,57.2,26.5,17.2,3.9,26.5,62,72,135,302,69,371,False,False,False,False,False,False
2026-01-28 09:25:44,22.2,57.2,26.4,17.3,4.1,26.4,61,73,135,302,69,371,False,False,False,False,False,False
2026-01-28 09:25:46,22.2,57.3,26.3,17.1,3.9,26.3,61,74,135,302,69,371,False,False,False,False,False,False
2026-01-28 09:25:48,22.2,57.3,26.3,17.0,3.9,26.3,60,75,135,302,69,371,False,False,False,False,False,False
2026-01-28 09:25:50,22.2,57.3,26.3,17.2,4.1,26.3,59,75,135,302,69,371,False,False,False,False,False,False
2026-01-28 09:25:52,22.2,57.3,26.4,17.3,4.1,26.4,58,76,135,302,69,371,False,False,False,False,False,False
2026-01-28 09:25:54,22.2,57.4,26.2,17.6,4.5,26.2,57,77,135,302,69,371,False,False,False,False,False,False
2026-01-28 09:25:56,22.2,57.4,26.4,17.4,4.2,26.4,57,78,135,302,69,371,False,False,False,False,False,False
2026-01-28 09:25:58,22.2,57.3,26.5,17.0,3.8,26.5,56,79,135,302,69,371,False,False,False,False,False,False
2026-01-28 09:26:00,22.2,57.4,26.5,17.7,4.5,26.5,55,79,135,302,69,371,False,False,False,False,False,False
2026-01-28 09:26:02,22.2,57.4,26.8,17.5,4.1,26.8,54,80,135,302,69,371,False,False,False,False,False,False
2026-01-28 09:26:04,22.2,57.4,26.2,17.0,3.9,26.2,94,40,135,302,69,371,False,False,False,False,False,False
2026-01-28 09:26:06,22.2,57.4,27.5,17.9,4.1,27.5,76,58,135,302,69,371,False,False,False,False,False,False
2026-01-28 09:26:08,22.2,57.4,27.3,17.6,4.0,27.3,75,60,135,302,69,371,False,False,False,False,False,False
2026-01-28 09:26:10,22.2,57.4,26.6,17.8,4.6,26.6,74,60,135,302,69,371,False,False,False,False,False,False
2026-01-28 09:26:12,22.2,57.4,27.4,17.7,4.0,27.4,74,61,135,302,69,371,False,False,False,False,False,False
2026-01-28 09:26:14,22.2,57.4,27.2,17.5,4.0,27.2,73,62,135,302,69,371,False,False,False,False,False,False
2026-01-28 09:26:16,22.2,57.4,27.0,17.5,4.0,27.0,72,62,135,302,69,371,False,False,False,False,False,False
2026-01-28 09:26:18,22.2,57.4,27.4,18.2,4.5,27.4,71,63,135,302,69,371,False,False,False,False,False,False
2026-01-28 09:26:20,22.2,57.4,26.6,17.4,4.1,26.6,70,64,135,302,69,371,False,False,False,False,False,False
2026-01-28 09:26:22,22.2,57.4,27.1,17.4,3.8,27.1,70,65,135,302,69,371,False,False,False,False,False,False
2026-01-28 09:26:24,22.2,57.4,26.7,17.9,4.6,26.7,69,66,135,302,69,371,False,False,False,False,False,False
2026-01-28 09:26:26,22.2,57.4,26.7,17.4,4.1,26.7,68,66,135,302,69,371,False,False,False,False,False,False
2026-01-28 09:26:28,22.2,57.4,26.8,18.0,4.6,26.8,67,67,135,302,69,371,False,False,False,False,False,False
2026-01-28 09:26:30,22.2,57.4,26.5,17.4,4.2,26.5,66,68,135,302,69,371,False,False,False,False,False,False
2026-01-28 09:26:32,22.2,57.4,26.7,17.3,3.9,26.7,65,69,135,302,69,371,False,False,False,False,False,False
2026-01-28 09:26:34,22.2,57.4,26.4,17.2,3.9,26.4,65,70,135,302,69,371,False,False,False,False,False,False
2026-01-28 09:26:36,22.2,57.4,26.9,17.4,3.9,26.9,64,71,135,302,69,371,False,False,False,False,False,False
2026-01-28 09:26:38,22.2,57.4,26.2,17.1,4.0,26.2,63,71,135,302,69,371,False,False,False,False,False,False
2026-01-28 09:26:40,22.1,57.4,26.8,17.9,4.4,26.8,62,72,135,302,69,371,False,False,False,False,False,False
2026-01-28 09:26:42,22.1,57.4,26.3,17.3,4.2,26.3,61,73,135,302,69,371,False,False,False,False,False,False
2026-01-28 09:26:44,22.1,57.5,26.4,17.2,4.0,26.4,61,74,135,302,69,371,False,False,False,False,False,False
2026-01-28 09:26:46,22.1,57.5,26.2,17.2,4.1,26.2,60,75,135,302,69,371,False,False,False,False,False,False
2026-01-28 09:26:48,22.2,57.5,26.4,17.7,4.5,26.4,59,75,135,302,69,371,False,False,False,False,False,False
2026-01-28 09:26:50,22.1,57.5,26.6,17.9,4.7,26.6,58,76,135,302,69,371,False,False,False,False,False,False
2026-01-28 09:26:52,22.1,57.5,27.1,17.5,3.9,27.1,57,77,135,302,69,371,False,False,False,False,False,False
2026-01-28 09:26:54,22.1,57.5,26.3,17.4,4.2,26.3,57,78,135,302,69,371,False,False,False,False,False,False
2026-01-28 09:26:56,22.1,57.5,26.3,17.1,3.9,26.3,56,79,135,302,69,371,False,False,False,False,False,False
2026-01-28 09:26:58,22.1,57.5,26.5,17.2,3.9,26.5,55,79,135,302,69,371,False,False,False,False,False,False
2026-01-28 09:27:00,22.1,57.5,26.7,17.5,4.2,26.7,54,80,135,302,69,371,False,False,False,False,False,False
2026-01-28 09:27:02,22.1,57.5,26.2,17.0,3.9,26.2,94,40,135,302,69,371,False,False,False,False,False,False
2026-01-28 09:27:04,22.1,57.5,27.6,17.8,4.1,27.6,76,58,135,302,69,371,False,False,False,False,False,False
2026-01-28 09:27:06,22.1,57.5,27.4,17.3,3.6,27.4,75,59,135,302,69,371,False,False,False,False,False,False
2026-01-28 09:27:08,22.1,57.5,27.2,17.5,3.9,27.2,74,60,135,302,69,371,False,False,False,False,False,False
2026-01-28 09:27:10,22.1,57.5,26.6,17.6,4.3,26.6,74,61,135,302,69,371,False,False,False,False,False,False
2026-01-28 09:27:12,22.1,57.6,27.0,17.4,3.9,27.0,73,62,135,302,69,371,False,False,False,False,False,False
2026-01-28 09:27:14,22.1,57.6,27.0,17.6,4.1,27.0,72,62,135,302,69,371,False,False,False,False,False,False
2026-01-28 09:27:16,22.1,57.6,26.9,17.5,4.0,26.9,71,63,135,302,69,371,False,False,False,False,False,False
2026-01-28 09:27:18,22.1,57.6,27.0,17.8,4.3,27.0,70,64,135,302,69,371,False,False,False,False,False,False
2026-01-28 09:27:20,22.1,57.6,26.9,17.3,3.8,26.9,70,65,135,302,69,371,False,False,False,False,False,False
2026-01-28 09:27:22,22.1,57.6,26.8,17.6,4.2,26.8,69,66,135,302,69,371,False,False,False,False,False,False
2026-01-28 09:27:24,22.1,57.6,26.8,17.6,4.2,26.8,68,66,135,302,69,371,False,False,False,False,False,False
2026-01-28 09:27:26,22.1,57.6,26.6,17.6,4.3,26.6,67,67,135,302,69,371,False,False,False,False,False,False
2026-01-28 09:27:28,22.1,57.6,26.8,17.9,4.5,26.8,66,68,135,302,69,371,False,False,False,False,False,False
2026-01-28 09:27:30,22.0,57.7,26.7,17.5,4.2,26.7,65,69,135,302,69,371,False,False,False,False,False,False
2026-01-28 09:27:32,22.0,57.7,26.5,17.3,4.1,26.5,65,70,135,302,69,371,False,False,False,False,False,False
2026-01-28 09:27:34,22.0,57.7,26.4,17.7,4.5,26.4,64,71,135,302,69,371,False,False,False,False,False,False
2026-01-28 09:27:36,22.0,57.7,26.4,17.2,4.0,26.4,63,71,135,302,69,371,False,False,False,False,False,False
2026-01-28 09:27:38,22.0,57.7,26.5,17.6,4.4,26.5,62,72,135,302,69,371,False,False,False,False,False,False
2026-01-28 09:27:40,22.0,57.7,26.2,17.5,4.4,26.2,61,73,135,302,69,371,False,False,False,False,False,False
2026-01-28 09:27:42,22.0,57.8,26.3,17.3,4.1,26.3,61,74,135,302,69,371,False,False,False,False,False,False
2026-01-28 09:27:44,22.0,57.8,26.2,16.9,3.9,26.2,60,75,135,302,69,371,False,False,False,False,False,False
2026-01-28 09:27:46,22.0,57.8,26.2,17.1,4.0,26.2,59,75,135,302,69,371,False,False,False,False,False,False
2026-01-28 09:27:48,22.0,57.8,26.8,17.2,3.8,26.8,58,76,135,302,69,371,False,False,False,False,False,False
2026-01-28 09:27:50,22.0,57.8,26.3,17.1,4.0,26.3,57,77,135,302,69,371,False,False,False,False,False,False
2026-01-28 09:27:52,22.0,57.7,27.0,17.4,3.9,27.0,57,78,135,302,69,371,False,False,False,False,False,False
2026-01-28 09:27:54,22.0,57.8,25.5,17.2,4.5,25.5,56,79,135,302,69,371,False,False,False,False,False,False
2026-01-28 09:27:56,22.0,57.7,26.4,17.3,4.1,26.4,55,79,135,302,69,371,False,False,False,False,False,False
2026-01-28 09:27:58,22.0,57.8,26.9,17.3,3.9,26.9,54,80,135,302,69,371,False,False,False,False,False,False
2026-01-28 09:28:00,22.0,57.8,26.1,17.5,4.4,26.1,94,40,135,302,69,371,False,False,False,False,False,False
2026-01-28 09:28:02,22.0,57.7,27.6,17.6,3.8,27.6,76,58,135,302,69,371,False,False,False,False,False,False
2026-01-28 09:28:04,22.0,57.8,27.4,17.7,4.0,27.4,75,59,135,302,69,371,False,False,False,False,False,False
2026-01-28 09:28:06,22.0,57.8,27.3,17.5,3.8,27.3,74,60,135,302,69,371,False,False,False,False,False,False
2026-01-28 09:28:08,22.0,57.8,27.3,17.7,4.0,27.3,74,61,135,302,69,371,False,False,False,False,False,False
2026-01-28 09:28:10,22.0,57.8,26.5,17.8,4.5,26.5,73,62,135,302,69,371,False,False,False,False,False,False
2026-01-28 09:28:12,22.0,57.9,27.1,17.7,4.1,27.1,72,62,135,302,69,371,False,False,False,False,False,False
2026-01-28 09:28:14,22.0,57.8,27.0,17.3,3.8,27.0,71,63,135,302,69,371,False,False,False,False,False,False
2026-01-28 09:28:16,22.0,57.8,26.9,17.3,3.9,26.9,70,64,135,302,69,371,False,False,False,False,False,False
2026-01-28 09:28:18,22.0,57.8,27.1,17.4,3.8,27.1,70,65,135,302,69,371,False,False,False,False,False,False
2026-01-28 09:28:20,22.0,57.8,26.6,16.9,3.6,26.6,69,66,135,302,69,371,False,False,False,False,False,False
2026-01-28 09:28:22,22.0,57.8,26.7,17.2,3.9,26.7,68,66,135,302,69,371,False,False,False,False,False,False
2026-01-28 09:28:24,22.0,57.8,26.8,17.8,4.4,26.8,67,67,135,302,69,371,False,False,False,False,False,False
2026-01-28 09:28:26,22.0,57.8,26.9,17.3,3.9,26.9,66,68,135,302,69,371,False,False,False,False,False,False
2026-01-28 09:28:28,22.0,57.9,26.8,17.8,4.4,26.8,65,69,135,302,69,371,False,False,False,False,False,False
2026-01-28 09:28:30,22.0,57.8,26.4,17.4,4.2,26.4,65,70,135,302,69,371,False,False,False,False,False,False
2026-01-28 09:28:32,22.0,57.9,26.4,16.9,3.7,26.4,64,71,135,302,69,371,False,False,False,False,False,False
2026-01-28 09:28:34,22.0,57.8,26.3,17.0,3.8,26.3,63,71,135,302,69,371,False,False,False,False,False,False
2026-01-28 09:28:36,22.0,57.8,26.5,17.0,3.7,26.5,62,72,135,302,69,371,False,False,False,False,False,False
2026-01-28 09:28:38,22.0,57.8,26.1,17.0,3.9,26.1,61,73,135,302,69,371,False,False,False,False,False,False
2026-01-28 09:28:40,22.0,57.8,26.6,17.8,4.5,26.6,61,74,135,302,69,371,False,False,False,False,False,False
2026-01-28 09:28:42,22.0,57.8,26.3,16.9,3.8,26.3,60,75,135,302,69,371,False,False,False,False,False,False
2026-01-28 09:28:44,22.0,57.8,26.1,16.9,3.8,26.1,59,75,135,302,69,371,False,False,False,False,False,False
2026-01-28 09:28:46,22.0,57.8,26.4,17.1,3.9,26.4,58,76,135,302,69,371,False,False,False,False,False,False
2026-01-28 09:28:48,22.0,57.9,26.4,17.1,3.9,26.4,57,77,135,302,69,371,False,False,False,False,False,False
2026-01-28 09:28:50,22.0,57.9,26.4,17.4,4.2,26.4,57,78,135,302,69,371,False,False,False,False,False,False
2026-01-28 09:28:52,22.0,57.9,27.0,17.2,3.7,27.0,56,79,135,302,69,371,False,False,False,False,False,False
2026-01-28 09:28:54,22.0,57.8,26.3,18.0,4.9,26.3,55,79,135,302,69,371,False,False,False,False,False,False
2026-01-28 09:28:56,22.0,57.8,26.6,17.0,3.8,26.6,54,80,135,302,69,371,False,False,False,False,False,False
2026-01-28 09:28:58,22.0,57.8,26.3,17.0,3.8,26.3,94,40,135,302,69,371,False,False,False,False,False,False
2026-01-28 09:29:00,22.0,57.9,27.4,17.9,4.2,27.4,76,58,135,302,69,371,False,False,False,False,False,False
2026-01-28 09:29:02,22.0,57.8,27.4,17.6,3.9,27.4,75,59,135,302,69,371,False,False,False,False,False,False
2026-01-28 09:29:04,22.0,57.8,27.2,17.6,4.0,27.2,74,60,135,302,69,371,False,False,False,False,False,False
2026-01-28 09:29:06,22.0,57.9,27.4,17.5,3.8,27.4,74,61,135,302,69,371,False,False,False,False,False,False
2026-01-28 09:29:08,22.0,57.9,27.0,17.5,3.9,27.0,73,62,135,302,69,371,False,False,False,False,False,False
2026-01-28 09:29:10,22.0,57.9,26.3,17.7,4.5,26.3,72,62,135,302,69,371,False,False,False,False,False,False
2026-01-28 09:29:12,22.0,57.8,26.9,17.5,4.0,26.9,71,63,135,302,69,371,False,False,False,False,False,False
2026-01-28 09:29:14,22.0,57.9,26.9,17.4,3.9,26.9,70,64,135,302,69,371,False,False,False,False,False,False
2026-01-28 09:29:16,22.0,57.9,27.0,17.5,4.0,27.0,70,65,135,302,69,371,False,False,False,False,False,False
2026-01-28 09:29:18,22.0,57.8,26.8,17.5,4.1,26.8,69,66,135,302,69,371,False,False,False,False,False,False
2026-01-28 09:29:20,22.0,57.9,26.7,17.4,4.1,26.7,68,66,135,302,69,371,False,False,False,False,False,False
2026-01-28 09:29:22,22.0,57.8,26.6,17.0,3.7,26.6,67,67,135,302,69,371,False,False,False,False,False,False
2026-01-28 09:29:24,22.0,57.9,26.6,17.9,4.6,26.6,66,69,135,302,69,371,False,False,False,False,False,False
2026-01-28 09:29:26,22.0,57.9,26.5,17.2,4.0,26.5,65,69,135,302,69,371,False,False,False,False,False,False
2026-01-28 09:29:28,22.0,57.8,26.6,18.4,5.1,26.6,64,70,135,302,69,371,False,False,False,False,False,False
2026-01-28 09:29:30,22.0,57.9,26.5,17.7,4.4,26.5,63,71,135,302,69,371,False,False,False,False,False,False
2026-01-28 09:29:32,22.0,57.8,26.5,17.3,4.1,26.5,63,72,135,302,69,371,False,False,False,False,False,False
2026-01-28 09:29:34,22.0,57.9,26.4,17.0,3.7,26.4,62,73,135,302,69,371,False,False,False,False,False,False
2026-01-28 09:29:36,22.0,57.9,26.3,16.9,3.7,26.3,61,73,135,302,69,371,False,False,False,False,False,False
2026-01-28 09:29:38,22.0,57.8,26.3,17.1,4.0,26.3,60,74,135,302,69,371,False,False,False,False,False,False
2026-01-28 09:29:40,22.0,57.8,26.6,17.7,4.5,26.6,59,75,135,302,69,371,False,False,False,False,False,False
2026-01-28 09:29:42,22.1,57.9,26.0,16.8,3.8,26.0,59,76,135,302,69,371,False,False,False,False,False,False
2026-01-28 09:29:44,22.1,58.6,26.4,17.1,3.9,26.4,58,77,135,302,69,371,False,False,False,False,False,False
2026-01-28 09:29:46,22.1,59.3,0.0,0.0,0.0,0.0,57,77,135,302,69,371,False,False,False,False,False,False
2026-01-28 09:29:48,22.1,59.7,26.5,17.3,4.0,26.5,56,78,135,302,69,371,False,False,False,False,False,False
2026-01-28 09:29:50,22.0,60.2,26.5,17.5,4.2,26.5,55,79,135,302,69,371,False,False,False,False,False,True
2026-01-28 09:29:52,22.1,60.5,31.8,22.6,6.7,31.8,54,80,135,302,69,371,False,False,False,False,False,True
2026-01-28 09:29:54,22.1,60.3,31.4,23.0,7.3,31.4,52,83,135,302,69,371,False,False,False,False,False,True
2026-01-28 09:29:56,22.1,60.1,31.3,22.4,6.7,31.3,92,42,135,302,69,371,False,False,False,False,False,True
2026-01-28 09:29:58,22.1,59.9,30.7,21.6,6.2,30.7,72,62,135,302,69,371,False,False,False,False,False,False
2026-01-28 09:30:00,22.1,59.8,27.4,18.2,4.5,27.4,71,63,135,302,69,371,False,False,False,False,False,False
2026-01-28 09:30:02,22.1,59.5,27.8,18.3,4.4,27.8,71,64,135,302,69,371,False,False,False,False,False,False
2026-01-28 09:30:04,22.1,59.3,27.7,18.6,4.7,27.7,70,65,135,302,69,371,False,False,False,False,False,False
2026-01-28 09:30:06,22.1,59.1,27.3,18.1,4.4,27.3,69,66,135,302,69,371,False,False,False,False,False,False
2026-01-28 09:30:08,22.1,58.9,27.2,18.1,4.5,27.2,68,66,135,302,69,371,False,False,False,False,False,False
2026-01-28 09:30:10,22.1,58.7,26.9,18.5,5.1,26.9,67,68,135,302,69,371,False,False,False,False,False,False
2026-01-28 09:30:12,22.1,58.9,27.2,18.2,4.6,27.2,66,68,135,302,69,371,False,False,False,False,False,False
2026-01-28 09:30:14,22.1,58.9,27.2,17.9,4.3,27.2,66,69,135,302,69,371,False,False,False,False,False,False
2026-01-28 09:30:16,22.1,58.7,26.9,18.1,4.6,26.9,65,70,135,302,69,371,False,False,False,False,False,False
2026-01-28 09:30:18,22.1,58.6,26.9,18.3,4.8,26.9,64,70,135,302,69,371,False,False,False,False,False,False
2026-01-28 09:30:20,22.1,58.5,27.0,18.1,4.7,27.0,63,71,135,302,69,371,False,False,False,False,False,False
2026-01-28 09:30:22,22.1,58.4,26.8,17.7,4.3,26.8,62,72,135,302,69,371,False,False,False,False,False,False
2026-01-28 09:30:24,22.1,58.3,27.0,18.8,5.3,27.0,61,73,135,302,69,371,False,False,False,False,False,False
2026-01-28 09:30:26,22.1,58.3,26.9,18.1,4.6,26.9,60,74,135,302,69,371,False,False,False,False,False,False
2026-01-28 09:30:28,22.1,58.2,29.2,20.8,6.2,29.2,60,75,135,302,69,371,False,False,False,False,False,False
2026-01-28 09:30:30,22.1,58.2,26.3,17.0,3.9,26.3,59,76,135,302,69,371,False,False,False,False,False,False
2026-01-28 09:30:32,22.1,58.0,26.4,17.0,3.8,26.4,58,76,135,302,69,371,False,False,False,False,False,False
2026-01-28 09:30:34,22.1,58.0,26.8,17.3,3.8,26.8,57,77,135,302,69,371,False,False,False,False,False,False
2026-01-28 09:30:36,22.1,58.0,26.3,17.2,4.1,26.3,57,78,135,302,69,371,False,False,False,False,False,False
2026-01-28 09:30:38,22.1,58.0,26.3,17.1,4.0,26.3,56,78,135,302,69,371,False,False,False,False,False,False
2026-01-28 09:30:40,22.1,57.9,26.8,18.0,4.6,26.8,55,79,135,302,69,371,False,False,False,False,False,False
2026-01-28 09:30:42,22.2,57.9,26.4,17.3,4.1,26.4,55,80,135,302,69,371,False,False,False,False,False,False
2026-01-28 09:30:44,22.1,57.9,26.5,17.6,4.3,26.5,54,80,135,302,69,371,False,False,False,False,False,False
2026-01-28 09:30:46,22.2,57.9,26.5,17.2,4.0,26.5,53,81,135,302,69,371,False,False,False,False,False,False
2026-01-28 09:30:48,22.2,57.8,26.2,17.1,4.0,26.2,94,41,135,302,69,371,False,False,False,False,False,False
2026-01-28 09:30:50,22.1,57.8,27.4,17.8,4.0,27.4,75,59,135,302,69,371,False,False,False,False,False,False
2026-01-28 09:30:52,22.2,57.8,27.8,18.0,4.1,27.8,75,60,135,302,69,371,False,False,False,False,False,False
2026-01-28 09:30:54,22.2,57.7,27.5,18.6,4.8,27.5,75,60,135,302,69,371,False,False,False,False,False,False
2026-01-28 09:30:56,22.2,57.7,27.2,17.1,3.5,27.2,73,61,135,302,69,371,False,False,False,False,False,False
2026-01-28 09:30:58,22.2,57.7,27.2,17.8,4.2,27.2,73,62,135,302,69,371,False,False,False,False,False,False
2026-01-28 09:31:00,22.1,57.7,27.1,17.5,4.0,27.1,72,62,135,302,69,371,False,False,False,False,False,False
2026-01-28 09:31:02,22.1,57.7,27.3,17.8,4.1,27.3,71,63,135,302,69,371,False,False,False,False,False,False
2026-01-28 09:31:04,22.1,57.7,26.9,17.6,4.2,26.9,70,64,135,302,69,371,False,False,False,False,False,False
2026-01-28 09:31:06,22.2,57.7,27.0,17.8,4.3,27.0,70,65,135,302,69,371,False,False,False,False,False,False
2026-01-28 09:31:08,22.1,57.7,26.8,17.2,3.8,26.8,69,66,135,302,69,371,False,False,False,False,False,False
2026-01-28 09:31:10,22.2,57.6,26.2,17.5,4.5,26.2,68,66,135,302,69,371,False,False,False,False,False,False
2026-01-28 09:31:12,22.2,57.7,26.9,17.4,4.0,26.9,67,67,135,302,69,371,False,False,False,False,False,False
2026-01-28 09:31:14,22.2,57.7,26.5,17.4,4.1,26.5,66,68,135,302,69,371,False,False,False,False,False,False
2026-01-28 09:31:16,22.1,58.1,26.5,17.1,3.8,26.5,65,69,135,302,69,371,False,False,False,False,False,False
2026-01-28 09:31:18,22.1,58.6,26.6,17.4,4.1,26.6,65,70,135,302,69,371,False,False,False,False,False,False
2026-01-28 09:31:20,22.2,58.7,26.5,17.5,4.2,26.5,64,71,135,302,69,371,False,False,False,False,False,False
2026-01-28 09:31:22,22.2,58.8,26.8,17.3,4.0,26.8,63,71,135,302,69,371,False,False,False,False,False,False
2026-01-28 09:31:24,22.2,58.7,26.3,17.8,4.6,26.3,62,72,135,302,69,371,False,False,False,False,False,False
2026-01-28 09:31:26,22.2,58.5,26.4,17.1,3.9,26.4,61,73,135,302,69,371,False,False,False,False,False,False
2026-01-28 09:31:28,22.2,58.4,26.9,18.7,5.2,26.9,61,74,135,302,69,371,False,False,False,False,False,False
2026-01-28 09:31:30,22.2,58.6,26.5,17.2,3.9,26.5,60,75,135,302,69,371,False,False,False,False,False,False
2026-01-28 09:31:32,22.2,58.6,26.4,17.3,4.1,26.4,59,75,135,302,69,371,False,False,False,False,False,False
2026-01-28 09:31:34,22.2,58.5,26.2,17.0,3.9,26.2,58,76,135,302,69,371,False,False,False,False,False,False
2026-01-28 09:31:36,22.2,58.4,26.5,17.3,4.1,26.5,57,77,135,302,69,371,False,False,False,False,False,False
2026-01-28 09:31:38,22.2,58.4,26.5,17.5,4.2,26.5,57,78,135,302,69,371,False,False,False,False,False,False
2026-01-28 09:31:40,22.2,58.4,28.6,19.0,4.7,28.6,56,79,135,302,69,371,False,False,False,False,False,False
2026-01-28 09:31:42,22.2,58.3,26.4,17.2,4.0,26.4,55,79,135,302,69,371,False,False,False,False,False,False
2026-01-28 09:31:44,22.2,58.2,26.7,17.4,4.0,26.7,54,80,135,302,69,371,False,False,False,False,False,False
2026-01-28 09:31:46,22.2,58.2,26.1,16.9,3.8,26.1,94,40,135,302,69,371,False,False,False,False,False,False
2026-01-28 09:31:48,22.2,58.1,27.7,17.7,3.9,27.7,76,58,135,302,69,371,False,False,False,False,False,False
2026-01-28 09:31:50,22.2,58.1,28.0,18.2,4.2,28.0,75,60,135,302,69,371,False,False,False,False,False,False
2026-01-28 09:31:52,22.2,58.0,27.4,17.6,3.9,27.4,74,60,135,302,69,371,False,False,False,False,False,False
2026-01-28 09:31:54,22.2,57.9,27.2,18.3,4.7,27.2,73,61,135,302,69,371,False,False,False,False,False,False
2026-01-28 09:31:56,22.2,57.9,27.1,17.2,3.7,27.1,72,62,135,302,69,371,False,False,False,False,False,False
2026-01-28 09:31:58,22.2,57.9,27.1,17.6,4.1,27.1,72,63,135,302,69,371,False,False,False,False,False,False
2026-01-28 09:32:00,22.2,57.8,27.1,17.4,3.8,27.1,71,64,135,302,69,371,False,False,False,False,False,False
2026-01-28 09:32:02,22.2,57.8,26.9,17.3,3.8,26.9,70,64,135,302,69,371,False,False,False,False,False,False
2026-01-28 09:32:04,22.2,57.8,26.7,17.3,4.0,26.7,69,65,135,302,69,371,False,False,False,False,False,False
2026-01-28 09:32:06,22.2,57.7,26.9,17.3,3.9,26.9,68,66,135,302,69,371,False,False,False,False,False,False
2026-01-28 09:32:08,22.2,57.7,26.6,17.1,3.8,26.6,68,67,135,302,69,371,False,False,False,False,False,False
2026-01-28 09:32:10,22.4,64.0,27.7,18.1,4.2,27.7,67,68,135,302,69,371,False,False,False,False,False,True
2026-01-28 09:32:12,22.3,69.8,36.6,25.1,6.8,36.6,65,70,135,302,69,371,False,False,False,False,False,True
2026-01-28 09:32:14,22.3,69.7,34.7,24.2,6.9,34.7,62,72,135,302,69,371,False,False,False,False,False,True
2026-01-28 09:32:16,22.3,68.4,33.1,23.4,6.9,33.1,61,73,135,302,69,371,False,False,False,False,False,True
2026-01-28 09:32:18,22.3,66.8,32.0,22.7,6.7,32.0,60,74,135,302,69,371,False,False,False,False,False,True
2026-01-28 09:32:20,22.3,65.5,31.7,22.7,6.9,31.7,60,75,135,302,69,371,False,False,False,False,False,True
2026-01-28 09:32:22,22.3,64.4,31.4,22.4,6.7,31.4,59,76,135,302,69,371,False,False,False,False,False,True
2026-01-28 09:32:24,22.3,63.4,31.5,23.1,7.4,31.5,58,76,135,302,69,371,False,False,False,False,False,True
2026-01-28 09:32:26,22.3,62.5,31.4,22.2,6.6,31.4,57,77,135,302,69,371,False,False,False,False,False,True
2026-01-28 09:32:28,22.3,61.8,31.5,23.2,7.4,31.5,56,78,135,302,69,371,False,False,False,False,False,True
2026-01-28 09:32:30,22.3,61.2,31.2,21.9,6.3,31.2,56,79,135,302,69,371,False,False,False,False,False,True
2026-01-28 09:32:32,22.3,60.8,31.2,22.1,6.5,31.2,55,80,135,302,69,371,False,False,False,False,False,True
2026-01-28 09:32:34,22.3,60.4,31.1,22.2,6.7,31.1,54,81,135,302,69,371,False,False,False,False,False,True
2026-01-28 09:32:36,22.3,60.0,31.4,22.4,6.7,31.4,53,81,135,302,69,371,False,False,False,False,False,False
2026-01-28 09:32:38,22.3,59.5,27.2,18.2,4.6,27.2,52,82,135,302,69,371,False,False,False,False,False,False
2026-01-28 09:32:40,22.3,59.3,26.8,18.7,5.4,26.8,92,42,135,302,69,371,False,False,False,False,False,False
2026-01-28 09:32:42,22.3,59.1,26.6,17.8,4.5,26.6,78,57,135,302,69,371,False,False,False,False,False,False
2026-01-28 09:32:44,22.3,58.8,27.7,18.3,4.5,27.7,73,61,135,302,69,371,False,False,False,False,False,False
2026-01-28 09:32:46,22.3,58.6,27.5,18.3,4.5,27.5,73,62,135,302,69,371,False,False,False,False,False,False
2026-01-28 09:32:48,22.3,58.4,28.2,18.5,4.4,28.2,72,63,135,302,69,371,False,False,False,False,False,False
2026-01-28 09:32:50,22.3,58.3,27.4,18.2,4.5,27.4,71,63,135,302,69,371,False,False,False,False,False,False
2026-01-28 09:32:52,22.3,58.2,27.4,17.9,4.3,27.4,70,64,135,302,69,371,False,False,False,False,False,False
2026-01-28 09:32:54,22.3,58.1,27.5,19.0,5.2,27.5,69,65,135,302,69,371,False,False,False,False,False,False
2026-01-28 09:32:56,22.3,57.9,27.5,18.6,4.8,27.5,68,66,135,302,69,371,False,False,False,False,False,False
2026-01-28 09:32:58,22.3,57.9,27.3,18.3,4.7,27.3,68,67,135,302,69,371,False,False,False,False,False,False
2026-01-28 09:33:00,22.3,57.8,27.1,17.9,4.4,27.1,67,68,135,302,69,371,False,False,False,False,False,False
2026-01-28 09:33:02,22.3,57.8,26.9,17.9,4.5,26.9,66,68,135,302,69,371,False,False,False,False,False,False
2026-01-28 09:33:04,22.3,57.7,26.9,18.0,4.6,26.9,65,69,135,302,69,371,False,False,False,False,False,False
2026-01-28 09:33:06,22.3,57.8,29.1,20.4,5.8,29.1,64,70,135,302,69,371,False,False,False,False,False,False
2026-01-28 09:33:08,22.3,57.7,26.6,17.3,4.0,26.6,64,71,135,302,69,371,False,False,False,False,False,False
2026-01-28 09:33:10,22.3,57.7,26.2,17.9,4.8,26.2,63,71,135,302,69,371,False,False,False,False,False,False
2026-01-28 09:33:12,22.3,57.7,26.1,16.7,3.6,26.1,62,72,135,302,69,371,False,False,False,False,False,False
2026-01-28 09:33:14,22.3,57.6,26.2,17.0,3.9,26.2,61,73,135,302,69,371,False,False,False,False,False,False
2026-01-28 09:33:16,22.3,57.7,26.2,17.2,4.1,26.2,61,74,135,302,69,371,False,False,False,False,False,False
2026-01-28 09:33:18,22.3,57.7,26.3,17.1,3.9,26.3,60,74,135,302,69,371,False,False,False,False,False,False
2026-01-28 09:33:20,22.3,57.7,26.2,17.1,4.0,26.2,59,75,135,302,69,371,False,False,False,False,False,False
2026-01-28 09:33:22,22.3,57.6,26.3,16.7,3.6,26.3,59,76,135,302,69,371,False,False,False,False,False,False
2026-01-28 09:33:24,22.3,57.6,26.4,17.5,4.4,26.4,58,76,135,302,69,371,False,False,False,False,False,False
2026-01-28 09:33:26,22.3,57.6,26.3,16.9,3.7,26.3,57,77,135,302,69,371,False,False,False,False,False,False
2026-01-28 09:33:28,22.3,57.6,26.5,18.1,4.8,26.5,57,78,135,302,69,371,False,False,False,False,False,False
2026-01-28 09:33:30,22.3,57.6,26.3,17.2,4.0,26.3,56,78,135,302,69,371,False,False,False,False,False,False
2026-01-28 09:33:32,22.3,57.5,26.4,17.2,4.0,26.4,55,79,135,302,69,371,False,False,False,False,False,False
2026-01-28 09:33:34,22.3,57.5,26.5,17.1,3.9,26.5,55,80,135,302,69,371,False,False,False,False,False,False
2026-01-28 09:33:36,22.3,57.6,29.7,18.9,4.1,29.7,54,80,135,302,69,371,False,False,False,False,False,False
2026-01-28 09:33:38,22.3,57.5,26.6,17.2,3.9,26.6,94,40,135,302,69,371,False,False,False,False,False,False
2026-01-28 09:33:40,22.3,57.5,27.1,17.9,4.3,27.1,76,58,135,302,69,371,False,False,False,False,False,False
2026-01-28 09:33:42,22.3,57.5,27.3,17.3,3.7,27.3,75,59,135,302,69,371,False,False,False,False,False,False
2026-01-28 09:33:44,22.3,57.5,27.1,17.4,3.8,27.1,74,60,135,302,69,371,False,False,False,False,False,False
2026-01-28 09:33:46,22.3,57.5,27.2,17.6,4.0,27.2,74,61,135,302,69,371,False,False,False,False,False,False
2026-01-28 09:33:48,22.3,57.6,27.0,17.3,3.8,27.0,73,62,135,302,69,371,False,False,False,False,False,False
2026-01-28 09:33:50,22.3,57.5,27.0,17.8,4.3,27.0,72,62,135,302,69,371,False,False,False,False,False,False
2026-01-28 09:33:52,22.3,57.5,26.9,17.2,3.7,26.9,71,63,135,302,69,371,False,False,False,False,False,False
2026-01-28 09:33:54,22.3,57.5,26.8,17.9,4.5,26.8,71,64,135,302,69,371,False,False,False,False,False,False
2026-01-28 09:33:56,22.3,57.5,27.0,17.6,4.1,27.0,70,65,135,302,69,371,False,False,False,False,False,False
2026-01-28 09:33:58,22.3,57.5,26.7,17.3,4.0,26.7,69,66,135,302,69,371,False,False,False,False,False,False
2026-01-28 09:34:00,22.3,57.5,26.6,17.6,4.3,26.6,68,66,135,302,69,371,False,False,False,False,False,False
2026-01-28 09:34:02,22.3,57.6,26.6,17.5,4.2,26.6,67,67,135,302,69,371,False,False,False,False,False,False
2026-01-28 09:34:04,22.2,57.6,26.5,17.2,3.9,26.5,66,68,135,302,69,371,False,False,False,False,False,False
2026-01-28 09:34:06,22.2,57.5,26.6,17.3,4.0,26.6,66,69,135,302,69,371,False,False,False,False,False,False
2026-01-28 09:34:08,22.3,57.6,26.3,17.0,3.8,26.3,65,70,135,302,69,371,False,False,False,False,False,False
2026-01-28 09:34:10,22.2,57.5,25.7,17.2,4.3,25.7,64,70,135,302,69,371,False,False,False,False,False,False
2026-01-28 09:34:12,22.2,57.6,26.3,16.8,3.7,26.3,63,71,135,302,69,371,False,False,False,False,False,False
2026-01-28 09:34:14,22.2,57.6,26.3,17.0,3.9,26.3,62,72,135,302,69,371,False,False,False,False,False,False
2026-01-28 09:34:16,22.3,57.5,26.5,17.0,3.8,26.5,61,73,135,302,69,371,False,False,False,False,False,False
2026-01-28 09:34:18,22.3,57.6,26.2,17.4,4.3,26.2,61,74,135,302,69,371,False,False,False,False,False,False
2026-01-28 09:34:20,22.2,57.6,26.3,17.1,3.9,26.3,60,75,135,302,69,371,False,False,False,False,False,False
2026-01-28 09:34:22,22.2,57.6,26.3,17.0,3.9,26.3,59,75,135,302,69,371,False,False,False,False,False,False
2026-01-28 09:34:24,22.3,57.5,26.4,17.7,4.5,26.4,58,76,135,302,69,371,False,False,False,False,False,False
2026-01-28 09:34:26,22.3,57.6,26.4,17.0,3.8,26.4,57,77,135,302,69,371,False,False,False,False,False,False
2026-01-28 09:34:28,22.2,57.6,26.6,18.1,4.8,26.6,57,78,135,302,69,371,False,False,False,False,False,False
2026-01-28 09:34:30,22.3,57.5,26.4,17.5,4.2,26.4,56,79,135,302,69,371,False,False,False,False,False,False
2026-01-28 09:34:32,22.3,57.5,26.5,17.3,4.0,26.5,55,79,135,302,69,371,False,False,False,False,False,False
2026-01-28 09:34:34,22.3,57.5,26.7,17.4,4.0,26.7,54,80,135,302,69,371,False,False,False,False,False,False
2026-01-28 09:34:36,22.3,57.5,26.6,17.3,4.0,26.6,94,40,135,302,69,371,False,False,False,False,False,False
2026-01-28 09:34:38,22.3,57.5,27.4,17.8,4.1,27.4,76,58,135,302,69,371,False,False,False,False,False,False
2026-01-28 09:34:40,22.3,57.5,27.1,18.3,4.7,27.1,75,59,135,302,69,371,False,False,False,False,False,False
2026-01-28 09:34:42,22.3,57.4,27.1,17.3,3.7,27.1,74,60,135,302,69,371,False,False,False,False,False,False
2026-01-28 09:34:44,22.3,57.4,27.5,17.6,3.9,27.5,74,61,135,302,69,371,False,False,False,False,False,False
2026-01-28 09:34:46,22.3,57.4,27.0,17.1,3.7,27.0,73,62,135,302,69,371,False,False,False,False,False,False
2026-01-28 09:34:48,22.3,57.5,27.1,17.5,3.9,27.1,72,62,135,302,69,371,False,False,False,False,False,False
2026-01-28 09:34:50,22.3,57.5,26.9,17.6,4.2,26.9,71,63,135,302,69,371,False,False,False,False,False,False
2026-01-28 09:34:52,22.3,57.5,27.0,17.5,4.0,27.0,70,64,135,302,69,371,False,False,False,False,False,False
2026-01-28 09:34:54,22.3,57.5,27.6,18.4,4.6,27.6,69,65,135,302,69,371,False,False,False,False,False,False
2026-01-28 09:34:56,22.3,57.5,26.1,16.9,3.9,26.1,69,66,135,302,69,371,False,False,False,False,False,False
2026-01-28 09:34:58,22.3,57.5,26.7,17.5,4.1,26.7,68,66,135,302,69,371,False,False,False,False,False,False
2026-01-28 09:35:00,22.3,57.5,26.5,17.6,4.3,26.5,67,67,135,302,69,371,False,False,False,False,False,False
2026-01-28 09:35:02,22.3,57.5,26.5,17.1,3.9,26.5,66,68,135,302,69,371,False,False,False,False,False,False
2026-01-28 09:35:04,22.2,57.5,26.6,17.3,4.0,26.6,66,69,135,302,69,371,False,False,False,False,False,False
2026-01-28 09:35:06,22.2,57.5,26.5,17.3,4.1,26.5,65,70,135,302,69,371,False,False,False,False,False,False
2026-01-28 09:35:08,22.2,57.5,26.3,16.9,3.8,26.3,64,70,135,302,69,371,False,False,False,False,False,False
2026-01-28 09:35:10,22.2,57.5,25.7,17.5,4.6,25.7,63,71,135,302,69,371,False,False,False,False,False,False
2026-01-28 09:35:12,22.2,57.4,26.2,16.9,3.8,26.2,62,72,135,302,69,371,False,False,False,False,False,False
2026-01-28 09:35:14,22.2,57.5,26.6,17.5,4.2,26.6,61,73,135,302,69,371,False,False,False,False,False,False
2026-01-28 09:35:16,22.2,57.5,26.1,17.1,4.1,26.1,61,74,135,302,69,371,False,False,False,False,False,False
2026-01-28 09:35:18,22.2,57.5,26.4,17.9,4.7,26.4,60,75,135,302,69,371,False,False,False,False,False,False
2026-01-28 09:35:20,22.2,57.5,26.2,16.8,3.7,26.2,59,75,135,302,69,371,False,False,False,False,False,False
2026-01-28 09:35:22,22.2,57.5,26.5,17.3,4.0,26.5,58,76,135,302,69,371,False,False,False,False,False,False
2026-01-28 09:35:24,22.2,57.5,26.3,17.7,4.5,26.3,57,77,135,302,69,371,False,False,False,False,False,False
2026-01-28 09:35:26,22.2,57.5,26.5,17.6,4.3,26.5,56,78,135,302,69,371,False,False,False,False,False,False
2026-01-28 09:35:28,22.2,57.5,26.9,18.3,4.9,26.9,55,79,135,302,69,371,False,False,False,False,False,False
2026-01-28 09:35:30,22.2,57.5,26.8,18.4,5.0,26.8,55,80,135,302,69,371,False,False,False,False,False,False
2026-01-28 09:35:32,22.2,57.5,26.7,17.4,4.1,26.7,54,81,135,302,69,371,False,False,False,False,False,False
2026-01-28 09:35:34,22.2,57.5,26.2,17.0,3.9,26.2,94,40,135,302,69,371,False,False,False,False,False,False
2026-01-28 09:35:36,22.2,57.6,27.7,18.1,4.3,27.7,76,58,135,302,69,371,False,False,False,False,False,False
2026-01-28 09:35:38,22.2,57.5,27.9,17.8,3.8,27.9,75,60,135,302,69,371,False,False,False,False,False,False
2026-01-28 09:35:40,22.2,57.6,27.0,17.9,4.4,27.0,74,60,135,302,69,371,False,False,False,False,False,False
2026-01-28 09:35:42,22.2,57.6,27.4,17.2,3.6,27.4,73,61,135,302,69,371,False,False,False,False,False,False
2026-01-28 09:35:44,22.2,57.6,27.1,17.5,3.9,27.1,72,62,135,302,69,371,False,False,False,False,False,False
2026-01-28 09:35:46,22.2,57.6,27.0,17.3,3.8,27.0,72,63,135,302,69,371,False,False,False,False,False,False
2026-01-28 09:35:48,22.2,57.6,27.1,17.5,4.0,27.1,71,64,135,302,69,371,False,False,False,False,False,False
2026-01-28 09:35:50,22.2,57.6,26.8,17.5,4.2,26.8,70,64,135,302,69,371,False,False,False,False,False,False
2026-01-28 09:35:52,22.2,57.6,27.1,17.6,4.0,27.1,69,65,135,302,69,371,False,False,False,False,False,False
2026-01-28 09:35:54,22.2,57.6,26.8,17.9,4.4,26.8,69,66,135,302,69,371,False,False,False,False,False,False
2026-01-28 09:35:56,22.2,57.7,26.7,17.6,4.2,26.7,68,67,135,302,69,371,False,False,False,False,False,False
2026-01-28 09:35:58,22.2,57.7,26.8,17.3,3.9,26.8,67,68,135,302,69,371,False,False,False,False,False,False
2026-01-28 09:36:00,22.2,57.8,26.5,17.4,4.2,26.5,66,68,135,302,69,371,False,False,False,False,False,False
2026-01-28 09:36:02,22.2,57.8,26.8,17.3,4.0,26.8,65,69,135,302,69,371,False,False,False,False,False,False
2026-01-28 09:36:04,22.2,57.8,26.5,17.3,4.0,26.5,64,70,135,302,69,371,False,False,False,False,False,False
2026-01-28 09:36:06,22.2,57.9,26.5,17.0,3.7,26.5,64,71,135,302,69,371,False,False,False,False,False,False
2026-01-28 09:36:08,22.2,57.8,26.4,17.2,4.0,26.4,63,72,135,302,69,371,False,False,False,False,False,False
2026-01-28 09:36:10,22.2,57.7,25.9,17.5,4.6,25.9,62,73,135,302,69,371,False,False,False,False,False,False
2026-01-28 09:36:12,22.2,57.8,26.6,17.1,3.8,26.6,61,73,135,302,69,371,False,False,False,False,False,False
2026-01-28 09:36:14,22.2,57.8,26.4,17.1,4.0,26.4,60,74,135,302,69,371,False,False,False,False,False,False
2026-01-28 09:36:16,22.2,57.7,26.1,16.9,3.9,26.1,59,75,135,302,69,371,False,False,False,False,False,False
2026-01-28 09:36:18,22.2,57.7,26.5,17.5,4.3,26.5,59,76,135,302,69,371,False,False,False,False,False,False
2026-01-28 09:36:20,22.2,57.6,26.6,17.5,4.2,26.6,58,77,135,302,69,371,False,False,False,False,False,False
2026-01-28 09:36:22,22.2,57.7,26.6,17.5,4.2,26.6,57,77,135,302,69,371,False,False,False,False,False,False
2026-01-28 09:36:24,22.2,57.7,26.6,17.7,4.4,26.6,56,78,135,302,69,371,False,False,False,False,False,False
2026-01-28 09:36:26,22.2,57.7,27.1,17.5,3.9,27.1,55,79,135,302,69,371,False,False,False,False,False,False
2026-01-28 09:36:28,22.2,57.6,26.8,18.2,4.8,26.8,55,80,135,302,69,371,False,False,False,False,False,False
2026-01-28 09:36:30,22.2,57.6,27.0,17.9,4.4,27.0,54,81,135,302,69,371,False,False,False,False,False,False
2026-01-28 09:36:32,22.2,57.7,26.1,17.2,4.2,26.1,94,41,135,302,69,371,False,False,False,False,False,False
2026-01-28 09:36:34,22.2,57.6,27.5,17.8,4.0,27.5,76,59,135,302,69,371,False,False,False,False,False,False
2026-01-28 09:36:36,22.2,57.6,27.4,17.8,4.1,27.4,75,59,135,302,69,371,False,False,False,False,False,False
2026-01-28 09:36:38,22.2,57.6,27.5,17.8,4.0,27.5,74,60,135,302,69,371,False,False,False,False,False,False
2026-01-28 09:36:40,22.2,57.7,27.1,18.4,4.8,27.1,74,61,135,302,69,371,False,False,False,False,False,False
2026-01-28 09:36:42,22.2,57.7,27.2,17.3,3.7,27.2,73,62,135,302,69,371,False,False,False,False,False,False
2026-01-28 09:36:44,22.2,57.6,27.1,17.6,4.1,27.1,72,62,135,302,69,371,False,False,False,False,False,False
2026-01-28 09:36:46,22.2,57.6,27.1,17.4,3.9,27.1,71,63,135,302,69,371,False,False,False,False,False,False
2026-01-28 09:36:48,22.2,57.6,26.7,17.0,3.6,26.7,70,64,135,302,69,371,False,False,False,False,False,False
2026-01-28 09:36:50,22.2,57.7,27.2,17.8,4.2,27.2,70,65,135,302,69,371,False,False,False,False,False,False
2026-01-28 09:36:52,22.2,57.6,26.8,17.3,3.9,26.8,69,66,135,302,69,371,False,False,False,False,False,False
2026-01-28 09:36:54,22.2,57.6,26.9,18.0,4.6,26.9,68,66,135,302,69,371,False,False,False,False,False,False
2026-01-28 09:36:56,22.2,57.6,26.7,17.6,4.2,26.7,67,67,135,302,69,371,False,False,False,False,False,False
2026-01-28 09:36:58,22.2,57.6,26.7,17.1,3.7,26.7,66,68,135,302,69,371,False,False,False,False,False,False
2026-01-28 09:37:00,22.2,57.6,26.8,17.8,4.4,26.8,66,69,135,302,69,371,False,False,False,False,False,False
2026-01-28 09:37:02,22.2,57.6,26.6,17.3,4.0,26.6,65,70,135,302,69,371,False,False,False,False,False,False
2026-01-28 09:37:04,22.2,57.6,26.4,17.1,3.9,26.4,64,70,135,302,69,371,False,False,False,False,False,False
2026-01-28 09:37:06,22.2,57.6,26.6,17.2,3.9,26.6,63,71,135,302,69,371,False,False,False,False,False,False
2026-01-28 09:37:08,22.2,57.6,26.5,17.1,3.8,26.5,62,72,135,302,69,371,False,False,False,False,False,False
2026-01-28 09:37:10,22.2,57.6,26.0,17.7,4.7,26.0,61,73,135,302,69,371,False,False,False,False,False,False
2026-01-28 09:37:12,22.2,57.6,26.4,17.2,4.0,26.4,61,74,135,302,69,371,False,False,False,False,False,False
2026-01-28 09:37:14,22.2,57.6,26.5,17.4,4.1,26.5,60,75,135,302,69,371,False,False,False,False,False,False
2026-01-28 09:37:16,22.2,57.6,26.2,17.1,4.0,26.2,59,76,135,302,69,371,False,False,False,False,False,False
2026-01-28 09:37:18,22.2,57.5,26.6,17.5,4.2,26.6,58,76,135,302,69,371,False,False,False,False,False,False
2026-01-28 09:37:20,22.2,57.6,26.5,17.4,4.1,26.5,57,77,135,302,69,371,False,False,False,False,False,False
2026-01-28 09:37:22,22.2,57.5,26.5,17.4,4.2,26.5,57,78,135,302,69,371,False,False,False,False,False,False
2026-01-28 09:37:24,22.2,57.6,26.7,18.0,4.6,26.7,56,79,135,302,69,371,False,False,False,False,False,False
2026-01-28 09:37:26,22.2,57.5,26.6,17.3,4.0,26.6,55,80,135,302,69,371,False,False,False,False,False,False
2026-01-28 09:37:28,22.2,57.5,27.1,18.1,4.5,27.1,54,81,135,302,69,371,False,False,False,False,False,False
2026-01-28 09:37:30,22.2,57.5,26.3,17.9,4.7,26.3,94,40,135,302,69,371,False,False,False,False,False,False
2026-01-28 09:37:32,22.2,57.5,27.6,17.7,3.9,27.6,76,59,135,302,69,371,False,False,False,False,False,False
2026-01-28 09:37:34,22.2,57.6,27.5,18.2,4.4,27.5,75,61,137,302,69,371,False,False,False,False,False,False
2026-01-28 09:37:36,22.2,57.5,28.0,18.1,4.1,28.0,74,62,137,302,69,371,False,False,False,False,False,False
2026-01-28 09:37:38,22.2,57.5,27.5,17.3,3.5,27.5,74,63,137,302,69,371,False,False,False,False,False,False
2026-01-28 09:37:40,22.2,57.5,27.1,18.3,4.7,27.1,73,64,137,302,69,371,False,False,False,False,False,False
2026-01-28 09:37:42,22.2,57.5,27.2,17.2,3.7,27.2,72,64,137,302,69,371,False,False,False,False,False,False
2026-01-28 09:37:44,22.2,57.6,27.1,17.3,3.7,27.1,71,65,137,302,69,371,False,False,False,False,False,False
2026-01-28 09:37:46,22.2,57.6,26.8,17.3,3.9,26.8,70,66,137,302,69,371,False,False,False,False,False,False
2026-01-28 09:37:48,22.2,57.5,27.0,17.1,3.6,27.0,70,67,137,302,69,371,False,False,False,False,False,False
2026-01-28 09:37:50,22.2,57.5,26.9,17.4,4.0,26.9,69,68,137,302,69,371,False,False,False,False,False,False
2026-01-28 09:37:52,22.2,57.6,26.8,17.5,4.1,26.8,68,68,137,302,69,371,False,False,False,False,False,False
2026-01-28 09:37:54,22.2,57.5,26.8,17.9,4.5,26.8,67,66,134,305,66,371,False,False,False,False,False,False
2026-01-28 09:37:56,22.3,57.6,26.8,17.8,4.4,26.8,66,70,137,302,69,371,False,False,False,False,False,False
2026-01-28 09:37:58,22.2,57.5,26.9,17.4,4.0,26.9,66,71,137,302,69,371,False,False,False,False,False,False
2026-01-28 09:38:00,22.2,57.6,26.5,16.9,3.6,26.5,65,72,137,302,69,371,False,False,False,False,False,False
2026-01-28 09:38:02,22.2,57.6,26.5,16.8,3.5,26.5,64,72,137,302,69,371,False,False,False,False,False,False
2026-01-28 09:38:04,22.2,57.6,26.3,17.2,4.1,26.3,63,73,137,302,69,371,False,False,False,False,False,False
2026-01-28 09:38:06,22.2,57.5,26.5,17.2,4.0,26.5,62,74,137,302,69,371,False,False,False,False,False,False
2026-01-28 09:38:08,22.2,57.5,26.7,17.4,4.1,26.7,61,75,137,302,69,371,False,False,False,False,False,False
2026-01-28 09:38:10,22.2,57.5,25.9,17.2,4.3,25.9,61,76,137,302,69,371,False,False,False,False,False,False
2026-01-28 09:38:12,22.2,57.6,26.4,17.4,4.2,26.4,60,77,137,302,69,371,False,False,False,False,False,False
2026-01-28 09:38:14,22.2,57.6,26.3,16.9,3.8,26.3,59,77,137,302,69,371,False,False,False,False,False,False
2026-01-28 09:38:16,22.2,57.5,27.0,17.4,3.9,27.0,58,78,137,302,69,371,False,False,False,False,False,False
2026-01-28 09:38:18,22.2,57.5,26.5,17.5,4.3,26.5,57,79,137,302,69,371,False,False,False,False,False,False
2026-01-28 09:38:20,22.2,57.5,26.3,16.9,3.7,26.3,57,80,137,302,69,371,False,False,False,False,False,False
2026-01-28 09:38:22,22.2,57.5,26.6,16.9,3.6,26.6,56,81,137,302,69,371,False,False,False,False,False,False
2026-01-28 09:38:24,22.2,57.5,27.0,17.4,3.9,27.0,55,78,134,305,66,371,False,False,False,False,False,False
2026-01-28 09:38:26,22.2,57.6,26.7,17.2,3.9,26.7,54,82,137,302,69,371,False,False,False,False,False,False
2026-01-28 09:38:28,22.2,57.6,26.5,17.9,4.7,26.5,94,42,137,302,69,371,False,False,False,False,False,False
2026-01-28 09:38:30,22.2,57.5,27.6,18.0,4.2,27.6,76,61,137,302,69,371,False,False,False,False,False,False
2026-01-28 09:38:32,22.2,57.5,27.5,17.4,3.6,27.5,75,61,137,302,69,371,False,False,False,False,False,False
2026-01-28 09:38:34,22.2,57.6,27.4,17.7,4.0,27.4,74,62,137,302,69,371,False,False,False,False,False,False
2026-01-28 09:38:36,22.2,58.1,27.6,17.6,3.8,27.6,74,63,137,302,69,371,False,False,False,False,False,False
2026-01-28 09:38:38,22.2,58.3,27.2,17.8,4.2,27.2,73,64,137,302,69,371,False,False,False,False,False,False
2026-01-28 09:38:40,22.2,58.5,26.9,18.0,4.5,26.9,72,64,137,302,69,371,False,False,False,False,False,False
2026-01-28 09:38:42,22.2,58.5,27.1,17.4,3.8,27.1,71,65,137,302,69,371,False,False,False,False,False,False
2026-01-28 09:38:44,22.2,58.4,27.0,17.2,3.7,27.0,70,66,137,302,69,371,False,False,False,False,False,False
2026-01-28 09:38:46,22.2,58.3,26.9,17.4,4.0,26.9,70,67,137,302,69,371,False,False,False,False,False,False
2026-01-28 09:38:48,22.2,58.3,26.8,17.3,4.0,26.8,68,68,137,302,69,371,False,False,False,False,False,False
2026-01-28 09:38:50,22.2,58.2,26.7,17.1,3.8,26.7,68,68,137,302,69,371,False,False,False,False,False,False
2026-01-28 09:38:52,22.2,58.1,26.7,17.1,3.8,26.7,67,69,137,302,69,371,False,False,False,False,False,False
2026-01-28 09:38:54,22.2,57.9,26.6,17.0,3.7,26.6,66,70,137,302,69,371,False,False,False,False,False,False
2026-01-28 09:38:56,22.2,57.9,27.3,18.4,4.7,27.3,65,71,137,302,69,371,False,False,False,False,False,False
2026-01-28 09:38:58,22.2,57.9,26.5,16.8,3.6,26.5,65,72,137,302,69,371,False,False,False,False,False,False
2026-01-28 09:39:00,22.2,57.8,26.6,17.6,4.3,26.6,64,73,137,302,69,371,False,False,False,False,False,False
2026-01-28 09:39:02,22.2,57.8,26.2,16.9,3.8,26.2,63,73,137,302,69,371,False,False,False,False,False,False
2026-01-28 09:39:04,22.2,57.7,26.4,17.2,4.0,26.4,62,74,137,302,69,371,False,False,False,False,False,False
2026-01-28 09:39:06,22.2,57.7,26.6,17.2,3.9,26.6,61,75,137,302,69,371,False,False,False,False,False,False
2026-01-28 09:39:08,22.2,57.8,26.5,17.3,4.1,26.5,61,76,137,302,69,371,False,False,False,False,False,False
2026-01-28 09:39:10,22.2,57.9,26.3,17.9,4.7,26.3,60,77,137,302,69,371,False,False,False,False,False,False
2026-01-28 09:39:12,22.2,57.8,26.5,17.3,4.0,26.5,59,77,137,302,69,371,False,False,False,False,False,False
2026-01-28 09:39:14,22.2,57.9,26.5,17.2,4.0,26.5,58,78,137,302,69,371,False,False,False,False,False,False
2026-01-28 09:39:16,22.2,57.9,26.5,17.1,3.8,26.5,57,79,137,302,69,371,False,False,False,False,False,False
2026-01-28 09:39:18,22.2,57.9,26.5,17.7,4.5,26.5,57,80,137,302,69,371,False,False,False,False,False,False
2026-01-28 09:39:20,22.2,57.8,26.6,17.6,4.4,26.6,56,81,137,302,69,371,False,False,False,False,False,False
2026-01-28 09:39:22,22.2,57.8,26.6,17.4,4.1,26.6,55,81,137,302,69,371,False,False,False,False,False,False
2026-01-28 09:39:24,22.2,57.8,26.9,17.3,3.9,26.9,54,82,137,302,69,371,False,False,False,False,False,False
2026-01-28 09:39:26,22.2,57.7,26.6,17.8,4.5,26.6,94,42,137,302,69,371,False,False,False,False,False,False
2026-01-28 09:39:28,22.2,57.7,27.8,18.4,4.5,27.8,76,60,137,302,69,371,False,False,False,False,False,False
2026-01-28 09:39:30,22.3,57.7,27.6,18.2,4.4,27.6,75,61,137,302,69,371,False,False,False,False,False,False
2026-01-28 09:39:32,22.2,57.7,27.5,18.1,4.3,27.5,74,62,137,302,69,371,False,False,False,False,False,False
2026-01-28 09:39:34,22.2,57.7,27.4,17.8,4.1,27.4,74,63,137,302,69,371,False,False,False,False,False,False
2026-01-28 09:39:36,22.2,57.6,27.8,18.1,4.2,27.8,73,64,137,302,69,371,False,False,False,False,False,False
2026-01-28 09:39:38,22.3,57.6,27.2,17.6,4.0,27.2,72,64,137,302,69,371,False,False,False,False,False,False
2026-01-28 09:39:40,22.2,57.6,27.1,18.1,4.6,27.1,71,65,137,302,69,371,False,False,False,False,False,False
2026-01-28 09:39:42,22.3,57.6,26.9,17.2,3.7,26.9,70,66,137,302,69,371,False,False,False,False,False,False
2026-01-28 09:39:44,22.3,57.6,27.2,17.4,3.8,27.2,70,67,137,302,69,371,False,False,False,False,False,False
2026-01-28 09:39:46,22.3,57.6,26.8,17.0,3.7,26.8,69,68,137,302,69,371,False,False,False,False,False,False
2026-01-28 09:39:48,22.3,57.5,26.8,17.3,3.9,26.8,68,68,137,302,69,371,False,False,False,False,False,False
2026-01-28 09:39:50,22.3,57.6,26.6,17.2,3.9,26.6,67,69,137,302,69,371,False,False,False,False,False,False
2026-01-28 09:39:52,22.3,57.5,26.5,16.6,3.3,26.5,66,70,137,302,69,371,False,False,False,False,False,False
2026-01-28 09:39:54,22.3,57.5,26.8,17.3,3.9,26.8,65,71,137,302,69,371,False,False,False,False,False,False
2026-01-28 09:39:56,22.3,57.5,26.9,18.2,4.8,26.9,65,72,137,302,69,371,False,False,False,False,False,False
2026-01-28 09:39:58,22.3,57.6,26.6,17.3,4.0,26.6,64,73,137,302,69,371,False,False,False,False,False,False
2026-01-28 09:40:00,22.3,57.5,26.6,17.4,4.1,26.6,63,73,137,302,69,371,False,False,False,False,False,False
2026-01-28 09:40:02,22.3,57.5,26.4,17.0,3.8,26.4,62,74,137,302,69,371,False,False,False,False,False,False
2026-01-28 09:40:04,22.3,57.5,26.6,17.1,3.8,26.6,61,75,137,302,69,371,False,False,False,False,False,False
2026-01-28 09:40:06,22.3,57.5,26.8,17.2,3.8,26.8,61,76,137,302,69,371,False,False,False,False,False,False
2026-01-28 09:40:08,22.7,57.5,26.5,17.4,4.1,26.5,60,77,137,302,69,371,False,False,False,False,False,False
2026-01-28 09:40:10,24.2,56.4,26.3,17.6,4.4,26.3,59,77,137,302,69,371,False,False,False,False,False,False
2026-01-28 09:40:12,23.9,55.8,26.5,17.0,3.8,26.5,58,78,137,302,69,371,False,False,False,False,False,False
2026-01-28 09:40:14,23.8,55.6,26.5,17.0,3.8,26.5,57,79,137,302,69,371,False,False,False,False,False,False
2026-01-28 09:40:16,23.8,55.4,26.5,16.9,3.7,26.5,57,80,137,302,69,371,False,False,False,False,False,False
2026-01-28 09:40:18,23.8,55.1,26.7,17.9,4.6,26.7,56,81,137,302,69,371,False,False,False,False,False,False
2026-01-28 09:40:20,23.8,54.9,26.6,17.3,4.0,26.6,55,81,137,302,69,371,False,False,False,False,False,False
2026-01-28 09:40:22,23.8,54.9,26.8,16.9,3.5,26.8,54,82,137,302,69,371,False,False,False,False,False,False
2026-01-28 09:40:24,23.8,54.6,26.2,17.0,3.9,26.2,94,42,137,302,69,371,False,False,False,False,False,False
2026-01-28 09:40:26,23.8,54.5,27.0,18.1,4.6,27.0,76,60,137,302,69,371,False,False,False,False,False,False
2026-01-28 09:40:28,23.8,54.4,27.7,18.3,4.5,27.7,75,61,137,302,69,371,False,False,False,False,False,False
2026-01-28 09:40:30,23.8,54.3,27.5,17.9,4.2,27.5,74,62,137,302,69,371,False,False,False,False,False,False
2026-01-28 09:40:32,23.8,54.2,27.5,17.6,3.9,27.5,74,63,137,302,69,371,False,False,False,False,False,False
2026-01-28 09:40:34,23.8,54.1,27.1,17.6,4.1,27.1,73,64,137,302,69,371,False,False,False,False,False,False
2026-01-28 09:40:36,23.8,54.1,27.0,17.4,3.9,27.0,72,65,137,302,69,371,False,False,False,False,False,False
2026-01-28 09:40:38,23.7,54.0,27.1,17.3,3.8,27.1,71,65,137,302,69,371,False,False,False,False,False,False
2026-01-28 09:40:40,23.7,54.0,27.1,18.0,4.5,27.1,70,66,137,302,69,371,False,False,False,False,False,False
2026-01-28 09:40:42,23.7,54.0,27.3,18.5,4.8,27.3,70,67,137,302,69,371,False,False,False,False,False,False
2026-01-28 09:40:44,23.7,54.0,26.9,17.5,4.1,26.9,69,68,137,302,69,371,False,False,False,False,False,False
2026-01-28 09:40:46,23.7,54.0,26.9,17.4,3.9,26.9,68,68,137,302,69,371,False,False,False,False,False,False
2026-01-28 09:40:48,23.7,54.0,26.6,17.3,4.0,26.6,67,69,137,302,69,371,False,False,False,False,False,False
2026-01-28 09:40:50,23.6,54.0,26.6,17.3,4.0,26.6,66,70,137,302,69,371,False,False,False,False,False,False
2026-01-28 09:40:52,23.6,54.0,26.7,16.9,3.6,26.7,65,71,137,302,69,371,False,False,False,False,False,False
2026-01-28 09:40:54,23.6,54.1,26.6,17.2,3.9,26.6,65,72,137,302,69,371,False,False,False,False,False,False
2026-01-28 09:40:56,23.6,54.1,26.7,17.9,4.5,26.7,64,73,137,302,69,371,False,False,False,False,False,False
2026-01-28 09:40:58,23.6,54.1,26.7,17.2,3.9,26.7,63,73,137,302,69,371,False,False,False,False,False,False
2026-01-28 09:41:00,23.5,54.1,26.5,17.4,4.1,26.5,62,74,137,302,69,371,False,False,False,False,False,False
2026-01-28 09:41:02,23.5,54.2,26.7,17.0,3.6,26.7,61,75,137,302,69,371,False,False,False,False,False,False
2026-01-28 09:41:04,23.5,54.2,26.3,17.0,3.8,26.3,61,76,137,302,69,371,False,False,False,False,False,False
2026-01-28 09:41:06,23.5,54.3,26.5,17.2,4.0,26.5,60,77,137,302,69,371,False,False,False,False,False,False
2026-01-28 09:41:08,23.5,54.3,26.3,17.1,3.9,26.3,59,77,137,302,69,371,False,False,False,False,False,False
2026-01-28 09:41:10,23.5,54.3,26.5,17.4,4.1,26.5,58,78,137,302,69,371,False,False,False,False,False,False
2026-01-28 09:41:12,23.4,54.3,26.4,17.1,3.9,26.4,57,79,137,302,69,371,False,False,False,False,False,False
2026-01-28 09:41:14,23.4,54.3,26.5,17.1,3.8,26.5,57,80,137,302,69,371,False,False,False,False,False,False
2026-01-28 09:41:16,23.4,54.4,26.5,16.7,3.5,26.5,56,81,137,302,69,371,False,False,False,False,False,False
2026-01-28 09:41:18,23.4,54.4,26.6,17.5,4.2,26.6,55,81,137,302,69,371,False,False,False,False,False,False
2026-01-28 09:41:20,23.4,54.4,26.8,17.4,4.0,26.8,54,82,137,302,69,371,False,False,False,False,False,False
2026-01-28 09:41:22,23.4,54.4,26.1,16.7,3.7,26.1,94,42,137,302,69,371,False,False,False,False,False,False
2026-01-28 09:41:24,23.4,54.4,27.5,17.9,4.2,27.5,76,60,137,302,69,371,False,False,False,False,False,False
2026-01-28 09:41:26,23.3,54.5,27.0,18.5,5.0,27.0,75,61,137,302,69,371,False,False,False,False,False,False
2026-01-28 09:41:28,23.3,54.5,27.6,18.6,4.8,27.6,74,62,137,302,69,371,False,False,False,False,False,False
2026-01-28 09:41:30,23.3,54.5,27.5,17.6,3.8,27.5,74,63,137,302,69,371,False,False,False,False,False,False
2026-01-28 09:41:32,23.3,54.6,27.3,18.2,4.5,27.3,73,64,137,302,69,371,False,False,False,False,False,False
2026-01-28 09:41:34,23.3,54.6,27.7,17.6,3.8,27.7,72,64,137,302,69,371,False,False,False,False,False,False
2026-01-28 09:41:36,23.3,54.7,27.0,17.8,4.2,27.0,71,65,137,302,69,371,False,False,False,False,False,False
2026-01-28 09:41:38,23.2,54.7,27.0,17.2,3.7,27.0,70,66,137,302,69,371,False,False,False,False,False,False
2026-01-28 09:41:40,23.2,54.7,27.2,17.9,4.3,27.2,70,67,137,302,69,371,False,False,False,False,False,False
2026-01-28 09:41:42,23.2,54.7,26.8,17.4,4.0,26.8,69,68,137,302,69,371,False,False,False,False,False,False
2026-01-28 09:41:44,23.2,54.8,26.8,17.1,3.7,26.8,68,68,137,302,69,371,False,False,False,False,False,False
2026-01-28 09:41:46,23.2,54.8,26.8,17.4,4.0,26.8,67,69,137,302,69,371,False,False,False,False,False,False
2026-01-28 09:41:48,23.2,54.9,26.7,17.1,3.8,26.7,66,70,137,302,69,371,False,False,False,False,False,False
2026-01-28 09:41:50,23.2,54.9,26.8,17.4,4.0,26.8,65,71,137,302,69,371,False,False,False,False,False,False
2026-01-28 09:41:52,23.2,54.9,26.5,16.9,3.7,26.5,65,72,137,302,69,371,False,False,False,False,False,False
2026-01-28 09:41:54,23.2,55.0,26.5,17.2,3.9,26.5,64,73,137,302,69,371,False,False,False,False,False,False
2026-01-28 09:41:56,23.1,55.0,27.0,17.9,4.4,27.0,63,73,137,302,69,371,False,False,False,False,False,False
2026-01-28 09:41:58,23.1,55.0,26.7,17.1,3.7,26.7,62,74,137,302,69,371,False,False,False,False,False,False
2026-01-28 09:42:00,23.1,55.1,26.5,17.7,4.4,26.5,61,75,137,302,69,371,False,False,False,False,False,False
2026-01-28 09:42:02,23.1,55.1,26.4,17.2,4.0,26.4,61,76,137,302,69,371,False,False,False,False,False,False
2026-01-28 09:42:04,23.1,55.2,26.3,17.3,4.2,26.3,60,77,137,302,69,371,False,False,False,False,False,False
2026-01-28 09:42:06,23.1,55.2,26.2,17.0,3.9,26.2,59,77,137,302,69,371,False,False,False,False,False,False
2026-01-28 09:42:08,23.1,55.1,26.4,17.2,4.0,26.4,58,78,137,302,69,371,False,False,False,False,False,False
2026-01-28 09:42:10,23.0,55.2,26.3,17.4,4.3,26.3,57,79,137,302,69,371,False,False,False,False,False,False
2026-01-28 09:42:12,23.0,55.3,26.5,17.2,4.0,26.5,57,80,137,302,69,371,False,False,False,False,False,False
2026-01-28 09:42:14,23.0,55.3,26.5,17.0,3.8,26.5,56,81,137,302,69,371,False,False,False,False,False,False
2026-01-28 09:42:16,23.0,55.3,26.5,17.5,4.2,26.5,55,81,137,302,69,371,False,False,False,False,False,False
2026-01-28 09:42:18,23.0,55.4,26.8,17.7,4.3,26.8,54,82,137,302,69,371,False,False,False,False,False,False
2026-01-28 09:42:20,23.0,55.4,26.2,17.4,4.3,26.2,94,42,137,302,69,371,False,False,False,False,False,False
2026-01-28 09:42:22,23.0,55.4,27.6,17.5,3.7,27.6,76,60,137,302,69,371,False,False,False,False,False,False
2026-01-28 09:42:24,22.9,55.4,27.5,17.8,4.1,27.5,75,61,137,302,69,371,False,False,False,False,False,False
2026-01-28 09:42:26,23.0,55.5,26.7,17.7,4.3,26.7,74,62,137,302,69,371,False,False,False,False,False,False
2026-01-28 09:42:28,22.9,55.5,27.8,18.4,4.6,27.8,74,63,137,302,69,371,False,False,False,False,False,False
2026-01-28 09:42:30,22.9,55.5,27.3,17.6,3.9,27.3,73,64,137,302,69,371,False,False,False,False,False,False
2026-01-28 09:42:32,22.9,55.5,27.1,17.3,3.8,27.1,72,64,137,302,69,371,False,False,False,False,False,False
2026-01-28 09:42:34,22.9,55.6,27.0,17.5,4.0,27.0,71,65,137,302,69,371,False,False,False,False,False,False
2026-01-28 09:42:36,22.9,55.6,26.6,17.4,4.1,26.6,70,66,137,302,69,371,False,False,False,False,False,False
2026-01-28 09:42:38,22.9,55.7,27.0,17.2,3.7,27.0,70,67,137,302,69,371,False,False,False,False,False,False
2026-01-28 09:42:40,22.9,55.7,26.9,17.9,4.4,26.9,69,68,137,302,69,371,False,False,False,False,False,False
2026-01-28 09:42:42,22.9,55.7,26.7,17.2,3.8,26.7,68,68,137,302,69,371,False,False,False,False,False,False
2026-01-28 09:42:44,22.9,55.7,26.7,16.6,3.2,26.7,67,69,137,302,69,371,False,False,False,False,False,False
2026-01-28 09:42:46,22.9,55.7,26.6,17.1,3.8,26.6,66,70,137,302,69,371,False,False,False,False,False,False
2026-01-28 09:42:48,22.9,55.7,26.8,16.9,3.5,26.8,65,71,137,302,69,371,False,False,False,False,False,False
2026-01-28 09:42:50,22.8,55.8,26.6,17.4,4.1,26.6,65,72,137,302,69,371,False,False,False,False,False,False
2026-01-28 09:42:52,22.8,55.8,26.5,17.1,3.8,26.5,64,73,137,302,69,371,False,False,False,False,False,False
2026-01-28 09:42:54,22.8,55.8,26.3,17.1,3.9,26.3,63,73,137,302,69,371,False,False,False,False,False,False
2026-01-28 09:42:56,22.8,55.9,26.8,17.8,4.4,26.8,62,74,137,302,69,371,False,False,False,False,False,False
2026-01-28 09:42:58,22.8,55.9,26.5,17.2,4.0,26.5,61,75,137,302,69,371,False,False,False,False,False,False
2026-01-28 09:43:00,22.8,55.9,26.5,17.3,4.0,26.5,61,76,137,302,69,371,False,False,False,False,False,False
2026-01-28 09:43:02,22.8,55.9,26.3,16.9,3.7,26.3,60,77,137,302,69,371,False,False,False,False,False,False
2026-01-28 09:43:04,22.8,55.9,27.1,17.6,4.1,27.1,59,77,137,302,69,371,False,False,False,False,False,False
2026-01-28 09:43:06,22.8,56.0,25.8,16.6,3.7,25.8,58,78,137,302,69,371,False,False,False,False,False,False
2026-01-28 09:43:08,22.8,56.0,26.4,17.1,3.9,26.4,57,79,137,302,69,371,False,False,False,False,False,False
2026-01-28 09:43:10,22.8,56.0,26.5,17.4,4.2,26.5,57,80,137,302,69,371,False,False,False,False,False,False
2026-01-28 09:43:12,22.8,56.0,26.5,17.0,3.8,26.5,56,81,137,302,69,371,False,False,False,False,False,False
2026-01-28 09:43:14,22.8,56.0,26.6,16.9,3.6,26.6,55,81,137,302,69,371,False,False,False,False,False,False
2026-01-28 09:43:16,22.8,56.0,26.7,17.2,3.9,26.7,54,82,137,302,69,371,False,False,False,False,False,False
2026-01-28 09:43:18,22.7,56.0,26.2,16.9,3.8,26.2,94,42,137,302,69,371,False,False,False,False,False,False
2026-01-28 09:43:20,22.7,56.1,27.7,18.1,4.3,27.7,76,60,137,302,69,371,False,False,False,False,False,False
2026-01-28 09:43:22,22.7,56.1,27.3,17.3,3.6,27.3,75,62,137,302,69,371,False,False,False,False,False,False
2026-01-28 09:43:24,22.7,56.1,27.4,17.8,4.1,27.4,74,62,137,302,69,371,False,False,False,False,False,False
2026-01-28 09:43:26,22.7,56.1,26.9,17.4,3.9,26.9,74,63,137,302,69,371,False,False,False,False,False,False
2026-01-28 09:43:28,22.7,56.1,27.4,18.2,4.5,27.4,73,64,137,302,69,371,False,False,False,False,False,False
2026-01-28 09:43:30,22.7,56.2,26.9,17.6,4.1,26.9,72,65,137,302,69,371,False,False,False,False,False,False
2026-01-28 09:43:32,22.7,56.1,27.0,17.6,4.1,27.0,71,66,137,302,69,371,False,False,False,False,False,False
2026-01-28 09:43:34,22.7,56.2,27.7,18.4,4.5,27.7,70,66,137,302,69,371,False,False,False,False,False,False
2026-01-28 09:43:36,22.7,56.2,27.1,17.4,3.9,27.1,69,67,137,302,69,371,False,False,False,False,False,False
2026-01-28 09:43:38,22.7,56.3,26.7,17.3,4.0,26.7,68,68,137,302,69,371,False,False,False,False,False,False
2026-01-28 09:43:40,22.7,56.3,26.6,17.8,4.5,26.6,67,69,137,302,69,371,False,False,False,False,False,False
2026-01-28 09:43:42,22.7,56.3,26.6,17.1,3.8,26.6,67,70,137,302,69,371,False,False,False,False,False,False
2026-01-28 09:43:44,22.7,56.3,26.6,17.0,3.6,26.6,66,71,137,302,69,371,False,False,False,False,False,False
2026-01-28 09:43:46,22.7,56.3,27.2,17.7,4.1,27.2,65,71,137,302,69,371,False,False,False,False,False,False
2026-01-28 09:43:48,22.7,56.3,26.6,16.9,3.6,26.6,64,72,137,302,69,371,False,False,False,False,False,False
2026-01-28 09:43:50,22.7,56.4,26.4,17.4,4.1,26.4,63,73,137,302,69,371,False,False,False,False,False,False
2026-01-28 09:43:52,22.7,56.4,26.5,17.1,3.9,26.5,63,74,137,302,69,371,False,False,False,False,False,False
2026-01-28 09:43:54,22.7,56.4,30.1,19.1,4.0,30.1,62,75,137,302,69,371,False,False,False,False,False,False
2026-01-28 09:43:56,22.6,56.4,26.7,17.7,4.3,26.7,61,75,137,302,69,371,False,False,False,False,False,False
2026-01-28 09:43:58,22.6,56.4,26.5,17.1,3.9,26.5,60,76,137,302,69,371,False,False,False,False,False,False
2026-01-28 09:44:00,22.7,56.4,26.3,17.1,3.9,26.3,59,77,137,302,69,371,False,False,False,False,False,False
2026-01-28 09:44:02,22.6,56.5,26.4,17.4,4.2,26.4,59,78,137,302,69,371,False,False,False,False,False,False
2026-01-28 09:44:04,22.6,56.4,26.6,17.3,4.0,26.6,58,79,137,302,69,371,False,False,False,False,False,False
2026-01-28 09:44:06,22.6,56.5,26.6,17.1,3.8,26.6,57,79,137,302,69,371,False,False,False,False,False,False
2026-01-28 09:44:08,22.6,56.4,26.7,17.4,4.1,26.7,56,80,137,302,69,371,False,False,False,False,False,False
2026-01-28 09:44:10,22.6,56.5,26.6,18.0,4.7,26.6,55,81,137,302,69,371,False,False,False,False,False,False
2026-01-28 09:44:12,22.6,56.5,26.6,17.2,3.9,26.6,55,82,137,302,69,371,False,False,False,False,False,False
2026-01-28 09:44:14,22.6,56.5,26.8,17.1,3.7,26.8,54,83,137,302,69,371,False,False,False,False,False,False
2026-01-28 09:44:16,22.6,56.5,26.2,17.1,4.0,26.2,94,42,137,302,69,371,False,False,False,False,False,False
2026-01-28 09:44:18,22.6,56.5,27.6,17.7,3.9,27.6,76,60,137,302,69,371,False,False,False,False,False,False
2026-01-28 09:44:20,22.6,56.5,27.6,17.7,3.9,27.6,75,61,137,302,69,371,False,False,False,False,False,False
2026-01-28 09:44:22,22.6,56.5,27.4,17.5,3.8,27.4,74,62,137,302,69,371,False,False,False,False,False,False
2026-01-28 09:44:24,22.6,56.6,27.6,17.9,4.1,27.6,74,63,137,302,69,371,False,False,False,False,False,False
2026-01-28 09:44:26,22.6,56.6,26.7,17.7,4.3,26.7,73,64,137,302,69,371,False,False,False,False,False,False
2026-01-28 09:44:28,22.6,56.5,27.4,18.2,4.5,27.4,72,64,137,302,69,371,False,False,False,False,False,False
2026-01-28 09:44:30,22.6,56.6,27.1,17.5,3.9,27.1,71,65,137,302,69,371,False,False,False,False,False,False
2026-01-28 09:44:32,22.6,56.6,27.1,17.5,3.9,27.1,70,66,137,302,69,371,False,False,False,False,False,False
2026-01-28 09:44:34,22.6,56.5,27.3,17.5,3.9,27.3,70,67,137,302,69,371,False,False,False,False,False,False
2026-01-28 09:44:36,22.6,56.5,26.9,17.3,3.9,26.9,69,68,137,302,69,371,False,False,False,False,False,False
2026-01-28 09:44:38,22.6,56.6,26.7,17.2,3.9,26.7,68,69,137,302,69,371,False,False,False,False,False,False
2026-01-28 09:44:40,22.6,56.6,26.7,17.9,4.6,26.7,67,69,137,302,69,371,False,False,False,False,False,False
2026-01-28 09:44:42,22.6,56.5,26.5,17.4,4.1,26.5,66,71,137,302,69,371,False,False,False,False,False,False
2026-01-28 09:44:44,22.6,56.6,26.8,17.0,3.6,26.8,65,71,137,302,69,371,False,False,False,False,False,False
2026-01-28 09:44:46,22.6,56.5,26.5,17.5,4.2,26.5,64,72,137,302,69,371,False,False,False,False,False,False
2026-01-28 09:44:48,22.6,56.6,26.5,17.0,3.8,26.5,63,73,137,302,69,371,False,False,False,False,False,False
2026-01-28 09:44:50,22.6,56.6,26.4,17.5,4.3,26.4,63,74,137,302,69,371,False,False,False,False,False,False
2026-01-28 09:44:52,22.6,56.5,26.7,17.2,3.9,26.7,62,75,137,302,69,371,False,False,False,False,False,False
2026-01-28 09:44:54,22.6,56.6,26.2,17.0,3.9,26.2,61,75,137,302,69,371,False,False,False,False,False,False
2026-01-28 09:44:56,22.6,56.5,26.7,17.9,4.5,26.7,60,76,137,302,69,371,False,False,False,False,False,False
2026-01-28 09:44:58,22.6,56.6,26.4,17.1,3.9,26.4,59,77,137,302,69,371,False,False,False,False,False,False
2026-01-28 09:45:00,22.6,56.5,26.4,17.4,4.2,26.4,59,78,137,302,69,371,False,False,False,False,False,False
2026-01-28 09:45:02,22.6,56.5,27.1,17.6,4.0,27.1,58,79,137,302,69,371,False,False,False,False,False,False
2026-01-28 09:45:04,22.6,56.5,26.5,17.2,4.0,26.5,57,79,137,302,69,371,False,False,False,False,False,False
2026-01-28 09:45:06,22.6,56.5,26.5,17.0,3.8,26.5,56,80,137,302,69,371,False,False,False,False,False,False
2026-01-28 09:45:08,22.6,56.5,26.4,17.1,3.8,26.4,55,81,137,302,69,371,False,False,False,False,False,False
2026-01-28 09:45:10,22.6,56.6,26.4,17.7,4.5,26.4,55,82,137,302,69,371,False,False,False,False,False,False
2026-01-28 09:45:12,22.6,56.5,28.6,18.0,3.7,28.6,54,83,137,302,69,371,False,False,False,False,False,False
2026-01-28 09:45:14,22.6,56.6,26.3,17.0,3.9,26.3,94,42,137,302,69,371,False,False,False,False,False,False
2026-01-28 09:45:16,22.6,56.6,27.5,17.6,3.9,27.5,76,60,137,302,69,371,False,False,False,False,False,False
2026-01-28 09:45:18,22.6,56.6,27.6,17.4,3.6,27.6,75,61,137,302,69,371,False,False,False,False,False,False
2026-01-28 09:45:20,22.6,56.6,27.4,17.7,4.0,27.4,74,62,137,302,69,371,False,False,False,False,False,False
2026-01-28 09:45:22,22.6,56.6,27.6,17.6,3.8,27.6,74,63,137,302,69,371,False,False,False,False,False,False
2026-01-28 09:45:24,22.6,56.6,27.0,17.5,4.0,27.0,73,64,137,302,69,371,False,False,False,False,False,False
2026-01-28 09:45:26,22.6,56.6,26.5,18.0,4.7,26.5,72,64,137,302,69,371,False,False,False,False,False,False
2026-01-28 09:45:28,22.6,56.6,27.2,18.1,4.6,27.2,71,66,137,302,69,371,False,False,False,False,False,False
2026-01-28 09:45:30,22.6,56.6,27.1,17.5,4.0,27.1,70,66,137,302,69,371,False,False,False,False,False,False
2026-01-28 09:45:32,22.5,56.6,27.8,17.9,3.9,27.8,70,67,137,302,69,371,False,False,False,False,False,False
2026-01-28 09:45:34,22.6,56.6,27.1,17.8,4.3,27.1,69,68,137,302,69,371,False,False,False,False,False,False
2026-01-28 09:45:36,22.5,56.6,27.3,18.1,4.5,27.3,68,68,137,302,69,371,False,False,False,False,False,False
2026-01-28 09:45:38,22.5,56.6,26.8,17.1,3.7,26.8,67,69,137,302,69,371,False,False,False,False,False,False
2026-01-28 09:45:40,22.5,56.7,26.7,17.8,4.4,26.7,66,70,137,302,69,371,False,False,False,False,False,False
2026-01-28 09:45:42,22.5,56.8,26.8,17.1,3.7,26.8,65,71,137,302,69,371,False,False,False,False,False,False
2026-01-28 09:45:44,22.5,56.7,26.6,17.2,3.9,26.6,65,72,137,302,69,371,False,False,False,False,False,False
2026-01-28 09:45:46,22.5,56.7,26.5,17.2,3.9,26.5,64,73,137,302,69,371,False,False,False,False,False,False
2026-01-28 09:45:48,22.5,56.7,26.5,16.8,3.6,26.5,63,73,137,302,69,371,False,False,False,False,False,False
2026-01-28 09:45:50,22.5,56.7,26.6,16.9,3.6,26.6,62,74,137,302,69,371,False,False,False,False,False,False
2026-01-28 09:45:52,22.5,56.8,26.5,17.2,3.9,26.5,61,75,137,302,69,371,False,False,False,False,False,False
2026-01-28 09:45:54,22.5,56.8,26.3,17.2,4.0,26.3,61,76,137,302,69,371,False,False,False,False,False,False
2026-01-28 09:45:56,22.5,56.8,26.8,17.9,4.5,26.8,60,77,137,302,69,371,False,False,False,False,False,False
2026-01-28 09:45:58,22.5,56.8,26.4,16.9,3.8,26.4,59,77,137,302,69,371,False,False,False,False,False,False
2026-01-28 09:46:00,22.5,56.8,26.6,17.4,4.1,26.6,58,78,137,302,69,371,False,False,False,False,False,False
2026-01-28 09:46:02,22.5,56.8,26.3,16.8,3.7,26.3,57,79,137,302,69,371,False,False,False,False,False,False
2026-01-28 09:46:04,22.5,56.8,26.6,17.0,3.8,26.6,57,80,137,302,69,371,False,False,False,False,False,False
2026-01-28 09:46:06,22.5,56.9,26.6,17.2,3.9,26.6,56,81,137,302,69,371,False,False,False,False,False,False
2026-01-28 09:46:08,22.5,56.9,26.6,16.8,3.5,26.6,55,81,137,302,69,371,False,False,False,False,False,False
2026-01-28 09:46:10,22.5,56.8,26.8,17.8,4.4,26.8,54,82,137,302,69,371,False,False,False,False,False,False
2026-01-28 09:46:12,22.5,56.8,26.2,16.7,3.6,26.2,94,42,137,302,69,371,False,False,False,False,False,False
2026-01-28 09:46:14,22.5,56.8,27.6,17.8,4.0,27.6,76,60,137,302,69,371,False,False,False,False,False,False
2026-01-28 09:46:16,22.5,56.8,27.4,17.8,4.1,27.4,75,61,137,302,69,371,False,False,False,False,False,False
2026-01-28 09:46:18,22.5,56.8,27.5,17.9,4.1,27.5,74,62,137,302,69,371,False,False,False,False,False,False
2026-01-28 09:46:20,22.5,56.8,27.4,17.7,4.0,27.4,74,63,137,302,69,371,False,False,False,False,False,False
2026-01-28 09:46:22,22.5,56.8,27.2,17.4,3.8,27.2,73,64,137,302,69,371,False,False,False,False,False,False
2026-01-28 09:46:24,22.5,56.8,26.9,17.2,3.7,26.9,72,64,137,302,69,371,False,False,False,False,False,False
2026-01-28 09:46:26,22.5,56.7,26.6,18.1,4.8,26.6,71,65,137,302,69,371,False,False,False,False,False,False
2026-01-28 09:46:28,22.5,56.8,27.2,18.5,4.9,27.2,70,66,137,302,69,371,False,False,False,False,False,False
2026-01-28 09:46:30,22.5,56.8,27.2,17.7,4.1,27.2,70,67,137,302,69,371,False,False,False,False,False,False
2026-01-28 09:46:32,22.5,56.8,26.7,17.1,3.8,26.7,69,68,137,302,69,371,False,False,False,False,False,False
2026-01-28 09:46:34,22.5,56.8,26.8,17.4,4.0,26.8,68,68,137,302,69,371,False,False,False,False,False,False
2026-01-28 09:46:36,22.5,56.8,26.7,17.5,4.2,26.7,67,69,137,302,69,371,False,False,False,False,False,False
2026-01-28 09:46:38,22.5,56.9,26.7,17.2,3.9,26.7,66,70,137,302,69,371,False,False,False,False,False,False
2026-01-28 09:46:40,22.5,56.8,26.8,17.8,4.4,26.8,66,71,137,302,69,371,False,False,False,False,False,False
2026-01-28 09:46:42,22.5,56.8,26.5,17.0,3.8,26.5,65,72,137,302,69,371,False,False,False,False,False,False
2026-01-28 09:46:44,22.5,56.8,26.7,17.6,4.3,26.7,64,73,137,302,69,371,False,False,False,False,False,False
2026-01-28 09:46:46,22.5,56.8,26.5,17.7,4.4,26.5,63,73,137,302,69,371,False,False,False,False,False,False
2026-01-28 09:46:48,22.5,56.9,26.7,17.3,3.9,26.7,62,74,137,302,69,371,False,False,False,False,False,False
2026-01-28 09:46:50,22.5,56.8,26.4,16.7,3.5,26.4,61,75,137,302,69,371,False,False,False,False,False,False
2026-01-28 09:46:52,22.5,56.9,26.4,16.9,3.7,26.4,61,76,137,302,69,371,False,False,False,False,False,False
2026-01-28 09:46:54,22.5,56.8,26.3,17.0,3.9,26.3,60,77,137,302,69,371,False,False,False,False,False,False
2026-01-28 09:46:56,22.5,56.9,26.7,18.0,4.7,26.7,59,77,137,302,69,371,False,False,False,False,False,False
2026-01-28 09:46:58,22.5,56.9,26.5,17.5,4.3,26.5,58,78,137,302,69,371,False,False,False,False,False,False
2026-01-28 09:47:00,22.5,56.9,26.6,17.4,4.1,26.6,57,79,137,302,69,371,False,False,False,False,False,False
2026-01-28 09:47:02,22.5,56.9,26.5,17.1,3.8,26.5,57,80,137,302,69,371,False,False,False,False,False,False
2026-01-28 09:47:04,22.5,56.9,26.6,17.2,3.9,26.6,56,81,137,302,69,371,False,False,False,False,False,False
2026-01-28 09:47:06,22.5,57.0,26.5,17.3,4.0,26.5,55,81,137,302,69,371,False,False,False,False,False,False
2026-01-28 09:47:08,22.5,57.0,26.7,17.1,3.8,26.7,54,82,137,302,69,371,False,False,False,False,False,False
2026-01-28 09:47:10,22.5,57.0,26.2,17.6,4.5,26.2,94,42,137,302,69,371,False,False,False,False,False,False
2026-01-28 09:47:12,22.5,57.0,27.6,17.4,3.6,27.6,76,60,137,302,69,371,False,False,False,False,False,False
2026-01-28 09:47:14,22.5,57.0,27.6,17.7,3.9,27.6,75,61,137,302,69,371,False,False,False,False,False,False
2026-01-28 09:47:16,22.5,57.0,27.3,17.5,3.8,27.3,74,62,137,302,69,371,False,False,False,False,False,False
2026-01-28 09:47:18,22.5,57.0,27.6,18.0,4.2,27.6,74,63,137,302,69,371,False,False,False,False,False,False
2026-01-28 09:47:20,22.5,56.9,27.1,17.5,3.9,27.1,73,64,137,302,69,371,False,False,False,False,False,False
2026-01-28 09:47:22,22.5,56.9,27.2,17.8,4.2,27.2,72,64,137,302,69,371,False,False,False,False,False,False
2026-01-28 09:47:24,22.5,56.9,26.9,17.4,4.0,26.9,71,66,137,302,69,371,False,False,False,False,False,False
2026-01-28 09:47:26,22.5,57.0,26.7,17.6,4.3,26.7,70,66,137,302,69,371,False,False,False,False,False,False
2026-01-28 09:47:28,22.5,56.9,27.7,18.5,4.6,27.7,70,67,137,302,69,371,False,False,False,False,False,False
2026-01-28 09:47:30,22.5,56.9,26.7,17.7,4.3,26.7,69,68,137,302,69,371,False,False,False,False,False,False
2026-01-28 09:47:32,22.5,56.9,27.3,17.6,3.9,27.3,68,68,137,302,69,371,False,False,False,False,False,False
2026-01-28 09:47:34,22.5,57.0,26.9,18.4,5.0,26.9,67,67,135,302,69,371,False,False,False,False,False,False
2026-01-28 09:47:36,22.5,57.0,26.6,17.3,4.0,26.6,66,68,135,302,69,371,False,False,False,False,False,False
2026-01-28 09:47:38,22.5,57.1,26.9,17.4,4.0,26.9,65,69,135,302,69,371,False,False,False,False,False,False
2026-01-28 09:47:40,22.5,57.2,26.6,18.1,4.8,26.6,65,70,135,302,69,371,False,False,False,False,False,False
2026-01-28 09:47:42,22.5,57.2,26.4,17.0,3.9,26.4,63,71,135,302,69,371,False,False,False,False,False,False
2026-01-28 09:47:44,22.5,57.2,26.7,17.7,4.4,26.7,63,71,135,302,69,371,False,False,False,False,False,False
2026-01-28 09:47:46,22.5,57.2,26.7,17.5,4.1,26.7,62,72,135,302,69,371,False,False,False,False,False,False
2026-01-28 09:47:48,22.5,57.2,26.5,17.4,4.2,26.5,61,73,135,302,69,371,False,False,False,False,False,False
2026-01-28 09:47:50,22.5,57.2,26.3,17.1,3.9,26.3,61,74,135,302,69,371,False,False,False,False,False,False
2026-01-28 09:47:52,22.5,57.1,26.5,17.3,4.1,26.5,60,75,135,302,69,371,False,False,False,False,False,False
2026-01-28 09:47:54,22.5,57.1,26.4,16.9,3.7,26.4,59,75,135,302,69,371,False,False,False,False,False,False
2026-01-28 09:47:56,22.5,57.1,26.8,17.5,4.1,26.8,58,76,135,302,69,371,False,False,False,False,False,False
2026-01-28 09:47:58,22.5,57.1,26.5,17.4,4.1,26.5,57,77,135,302,69,371,False,False,False,False,False,False
2026-01-28 09:48:00,22.5,57.1,26.6,17.3,4.0,26.6,57,78,135,302,69,371,False,False,False,False,False,False
2026-01-28 09:48:02,22.5,57.0,26.4,16.8,3.6,26.4,56,79,135,302,69,371,False,False,False,False,False,False
2026-01-28 09:48:04,22.5,57.0,26.6,16.9,3.6,26.6,55,79,135,302,69,371,False,False,False,False,False,False
2026-01-28 09:48:06,22.5,57.0,26.9,17.8,4.3,26.9,54,80,135,302,69,371,False,False,False,False,False,False
2026-01-28 09:48:08,22.5,57.0,26.3,16.9,3.7,26.3,94,40,135,302,69,371,False,False,False,False,False,False
2026-01-28 09:48:10,27.3,55.5,27.6,18.2,4.4,27.6,76,58,135,302,69,371,False,False,True,False,False,False
2026-01-28 09:48:12,32.3,50.3,30.9,22.1,6.6,30.9,74,60,135,302,69,371,False,False,True,False,False,False
2026-01-28 09:48:14,31.3,47.4,31.6,22.4,6.6,31.6,68,66,135,302,69,371,False,False,True,False,False,False
2026-01-28 09:48:16,31.0,45.8,32.2,23.0,6.9,32.2,67,67,135,302,69,371,False,False,True,False,False,False
2026-01-28 09:48:18,30.9,44.7,31.5,22.2,6.4,31.5,66,68,135,302,69,371,False,False,True,False,False,False
2026-01-28 09:48:20,30.9,43.9,31.5,22.2,6.4,31.5,66,69,135,302,69,371,False,False,True,False,False,False
2026-01-28 09:48:22,30.9,43.3,31.4,22.4,6.7,31.4,65,70,135,302,69,371,False,False,True,False,False,False
2026-01-28 09:48:24,30.8,42.9,31.6,22.0,6.2,31.6,64,70,135,302,69,371,False,False,True,False,False,False
2026-01-28 09:48:26,30.8,42.4,31.5,22.9,7.2,31.5,63,71,135,302,69,371,False,False,True,False,False,False
2026-01-28 09:48:28,30.8,42.1,31.6,23.3,7.4,31.6,62,72,135,302,69,371,False,False,True,False,False,False
2026-01-28 09:48:30,30.7,41.8,31.1,21.8,6.2,31.1,62,73,135,302,69,371,False,False,True,False,False,False
2026-01-28 09:48:32,30.7,41.7,31.3,21.9,6.3,31.3,61,74,135,302,69,371,False,False,True,False,False,False
2026-01-28 09:48:34,30.6,41.5,31.5,21.9,6.1,31.5,60,74,135,302,69,371,False,False,True,False,False,False
2026-01-28 09:48:36,30.5,41.4,31.5,22.4,6.7,31.5,59,75,135,302,69,371,False,False,True,False,False,False
2026-01-28 09:48:38,30.5,41.2,31.7,21.8,6.0,31.7,58,76,135,302,69,371,False,False,True,False,False,False
2026-01-28 09:48:40,30.4,41.2,31.3,22.4,6.8,31.3,57,77,135,302,69,371,False,False,True,False,False,False
2026-01-28 09:48:42,30.3,41.3,31.3,22.0,6.3,31.3,57,78,135,302,69,371,False,False,True,False,False,False
2026-01-28 09:48:44,30.2,41.3,31.0,22.1,6.6,31.0,56,78,135,302,69,371,False,False,True,False,False,False
2026-01-28 09:48:46,30.1,41.3,31.6,22.2,6.4,31.6,55,79,135,302,69,371,False,False,True,False,False,False
2026-01-28 09:48:48,30.0,41.3,31.0,21.9,6.4,31.0,54,80,135,302,69,371,False,False,True,False,False,False
2026-01-28 09:48:50,29.9,41.3,31.1,22.1,6.6,31.1,53,81,135,302,69,371,False,False,True,False,False,False
2026-01-28 09:48:52,29.8,41.4,30.9,21.8,6.3,30.9,53,82,135,302,69,371,False,False,True,False,False,False
2026-01-28 09:48:54,29.7,41.5,31.3,21.2,5.5,31.3,52,83,135,302,69,371,False,False,True,False,False,False
2026-01-28 09:48:56,29.6,41.6,30.9,22.4,6.9,30.9,92,43,135,302,69,371,False,False,True,False,False,False
2026-01-28 09:48:58,29.5,41.7,30.7,22.2,6.8,30.7,72,62,135,302,69,371,False,False,True,False,False,False
2026-01-28 09:49:00,29.4,41.8,31.8,22.0,6.1,31.8,68,66,135,302,69,371,False,False,True,False,False,False
2026-01-28 09:49:02,29.3,41.9,32.1,22.7,6.7,32.1,67,67,135,302,69,371,False,False,True,False,False,False
2026-01-28 09:49:04,29.2,42.0,31.8,21.8,5.9,31.8,66,68,135,302,69,371,False,False,True,False,False,False
2026-01-28 09:49:06,29.1,42.2,31.9,22.8,6.9,31.9,66,69,135,302,69,371,False,False,True,False,False,False
2026-01-28 09:49:08,29.0,42.3,31.8,22.3,6.4,31.8,65,70,135,302,69,371,False,False,True,False,False,False
2026-01-28 09:49:10,28.9,42.4,31.7,22.9,7.1,31.7,64,70,135,302,69,371,False,False,True,False,False,False
2026-01-28 09:49:12,28.8,42.5,31.8,22.5,6.6,31.8,63,71,135,302,69,371,False,False,True,False,False,False
2026-01-28 09:49:14,28.7,42.7,31.6,22.3,6.5,31.6,62,72,135,302,69,371,False,False,True,False,False,False
2026-01-28 09:49:16,28.6,42.8,31.4,21.8,6.1,31.4,62,73,135,302,69,371,False,False,True,False,False,False
2026-01-28 09:49:18,28.6,42.9,31.9,22.4,6.5,31.9,61,74,135,302,69,371,False,False,True,False,False,False
2026-01-28 09:49:20,28.5,43.2,31.3,22.0,6.4,31.3,60,74,135,302,69,371,False,False,True,False,False,False
2026-01-28 09:49:22,28.4,43.3,31.0,21.8,6.3,31.0,59,75,135,302,69,371,False,False,True,False,False,False
2026-01-28 09:49:24,28.3,43.5,31.6,21.9,6.1,31.6,58,76,135,302,69,371,False,False,True,False,False,False
2026-01-28 09:49:26,28.2,43.5,30.9,22.8,7.4,30.9,58,77,135,302,69,371,False,False,True,False,False,False
2026-01-28 09:49:28,28.2,43.7,31.3,23.1,7.4,31.3,57,78,135,302,69,371,False,False,True,False,False,False
2026-01-28 09:49:30,28.1,43.8,31.2,22.0,6.4,31.2,56,78,135,302,69,371,False,False,True,False,False,False
2026-01-28 09:49:32,28.0,43.9,31.0,22.3,6.7,31.0,55,79,135,302,69,371,False,False,True,False,False,False
2026-01-28 09:49:34,27.9,44.1,31.2,21.8,6.2,31.2,54,80,135,302,69,371,False,False,True,False,False,False
2026-01-28 09:49:36,27.8,44.2,31.1,22.2,6.6,31.1,53,81,135,302,69,371,False,False,True,False,False,False
2026-01-28 09:49:38,27.8,44.3,31.3,22.0,6.4,31.3,53,82,135,302,69,371,False,False,True,False,False,False
2026-01-28 09:49:40,27.7,44.4,31.2,22.9,7.3,31.2,52,83,135,302,69,371,False,False,True,False,False,False
2026-01-28 09:49:42,27.6,44.6,31.0,22.2,6.7,31.0,92,42,135,302,69,371,False,False,True,False,False,False
2026-01-28 09:49:44,27.5,44.6,30.7,22.3,7.0,30.7,72,62,135,302,69,371,False,False,True,False,False,False
2026-01-28 09:49:46,27.5,44.8,31.7,22.0,6.1,31.7,68,67,135,302,69,371,False,False,True,False,False,False
2026-01-28 09:49:48,27.4,44.9,32.2,23.0,6.9,32.2,67,68,135,302,69,371,False,False,True,False,False,False
2026-01-28 09:49:50,27.3,45.0,31.7,22.3,6.4,31.7,66,68,135,302,69,371,False,False,True,False,False,False
2026-01-28 09:49:52,27.3,45.2,31.7,22.2,6.4,31.7,65,69,135,302,69,371,False,False,True,False,False,False
2026-01-28 09:49:54,27.2,45.2,31.8,22.1,6.2,31.8,64,70,135,302,69,371,False,False,True,False,False,False
2026-01-28 09:49:56,27.1,45.4,31.3,22.6,6.9,31.3,64,71,135,302,69,371,False,False,True,False,False,False
2026-01-28 09:49:58,27.1,45.5,32.4,22.9,6.7,32.4,63,72,135,302,69,371,False,False,True,False,False,False
2026-01-28 09:50:00,27.0,45.7,31.6,22.3,6.5,31.6,62,72,135,302,69,371,False,False,True,False,False,False
2026-01-28 09:50:02,26.9,45.7,31.3,22.2,6.6,31.3,61,73,135,302,69,371,False,False,True,False,False,False
2026-01-28 09:50:04,26.9,45.9,31.5,22.4,6.7,31.5,60,74,135,302,69,371,False,False,True,False,False,False
2026-01-28 09:50:06,26.8,46.0,31.4,22.4,6.7,31.4,60,75,135,302,69,371,False,False,True,False,False,False
2026-01-28 09:50:08,26.7,46.2,31.4,22.1,6.4,31.4,59,76,135,302,69,371,False,False,True,False,False,False
2026-01-28 09:50:10,26.7,46.3,32.1,22.8,6.8,32.1,58,76,135,305,66,371,False,False,True,False,False,False
2026-01-28 09:50:12,26.6,46.3,30.8,22.4,7.0,30.8,57,77,135,302,69,371,False,False,True,False,False,False
2026-01-28 09:50:14,26.6,46.5,31.2,21.9,6.3,31.2,56,78,135,302,69,371,False,False,True,False,False,False
2026-01-28 09:50:16,26.5,46.5,31.1,21.5,5.9,31.1,56,79,135,302,69,371,False,False,True,False,False,False
2026-01-28 09:50:18,26.4,46.7,31.1,22.7,7.1,31.1,55,80,135,302,69,371,False,False,True,False,False,False
2026-01-28 09:50:20,26.4,46.8,31.1,22.2,6.6,31.1,54,81,135,302,69,371,False,False,True,False,False,False
2026-01-28 09:50:22,26.3,46.9,31.5,22.3,6.5,31.5,53,81,135,302,69,371,False,False,True,False,False,False
2026-01-28 09:50:24,26.3,47.0,30.8,21.5,6.1,30.8,52,82,135,302,69,371,False,False,True,False,False,False
2026-01-28 09:50:26,26.2,47.1,31.5,23.0,7.3,31.5,92,42,135,302,69,371,False,False,True,False,False,False
2026-01-28 09:50:28,26.2,47.3,30.8,22.6,7.2,30.8,72,62,135,302,69,371,False,False,True,False,False,False
2026-01-28 09:50:30,26.2,47.4,32.1,22.5,6.5,32.1,68,67,135,302,69,371,False,False,True,False,False,False
2026-01-28 09:50:32,26.1,47.5,32.0,22.0,6.0,32.0,67,68,135,302,69,371,False,False,True,False,False,False
2026-01-28 09:50:34,26.1,47.6,31.6,22.5,6.7,31.6,66,68,135,302,69,371,False,False,True,False,False,False
2026-01-28 09:50:36,26.0,47.7,33.2,23.3,6.7,33.2,65,69,135,302,69,371,False,False,True,False,False,False
2026-01-28 09:50:38,26.0,47.8,31.5,22.2,6.5,31.5,64,70,135,302,69,371,False,False,True,False,False,False
2026-01-28 09:50:40,25.9,47.9,31.7,23.1,7.3,31.7,64,71,135,302,69,371,False,False,True,False,False,False
2026-01-28 09:50:42,25.9,48.0,31.8,22.5,6.7,31.8,63,72,135,302,69,371,False,False,True,False,False,False
2026-01-28 09:50:44,25.8,48.1,31.5,22.4,6.6,31.5,62,72,135,302,69,371,False,False,True,False,False,False
2026-01-28 09:50:46,25.8,48.1,31.2,21.8,6.2,31.2,61,73,135,302,69,371,False,False,True,False,False,False
2026-01-28 09:50:48,25.7,48.3,31.3,22.4,6.7,31.3,60,74,135,302,69,371,False,False,True,False,False,False
2026-01-28 09:50:50,25.7,48.4,31.1,22.1,6.5,31.1,60,75,135,302,69,371,False,False,True,False,False,False
2026-01-28 09:50:52,25.6,48.5,31.6,21.8,6.0,31.6,59,76,135,302,69,371,False,False,True,False,False,False
2026-01-28 09:50:54,25.6,48.5,31.0,21.5,5.9,31.0,58,76,135,302,69,371,False,False,True,False,False,False
2026-01-28 09:50:56,25.6,48.6,30.9,22.7,7.2,30.9,57,77,135,302,69,371,False,False,True,False,False,False
2026-01-28 09:50:58,25.5,48.7,31.5,22.1,6.4,31.5,56,78,135,302,69,371,False,False,True,False,False,False
2026-01-28 09:51:00,25.4,48.9,31.0,22.3,6.8,31.0,56,79,135,302,69,371,False,False,True,False,False,False
2026-01-28 09:51:02,25.4,48.9,31.4,21.6,5.9,31.4,55,80,135,302,69,371,False,False,True,False,False,False
2026-01-28 09:51:04,25.4,49.0,31.5,22.4,6.7,31.5,54,81,135,302,69,371,False,False,True,False,False,False
2026-01-28 09:51:06,25.4,49.1,31.4,22.5,6.8,31.4,53,81,135,302,69,371,False,False,True,False,False,False
2026-01-28 09:51:08,25.3,49.2,31.1,21.5,6.0,31.1,52,82,135,302,69,371,False,False,True,False,False,False
2026-01-28 09:51:10,25.3,49.3,31.1,22.1,6.6,31.1,92,39,132,305,66,371,False,False,True,False,False,False
2026-01-28 09:51:12,25.2,49.4,30.8,22.1,6.6,30.8,72,62,135,302,69,371,False,False,True,False,False,False
2026-01-28 09:51:14,25.2,49.5,31.7,22.3,6.5,31.7,68,67,135,302,69,371,False,False,True,False,False,False
2026-01-28 09:51:16,25.2,49.5,32.1,22.4,6.4,32.1,67,68,135,302,69,371,False,False,True,False,False,False
2026-01-28 09:51:18,25.1,49.6,31.5,22.7,6.9,31.5,66,68,135,302,69,371,False,False,True,False,False,False
2026-01-28 09:51:20,25.1,49.7,31.6,22.1,6.4,31.6,65,69,135,302,69,371,False,False,True,False,False,False
2026-01-28 09:51:22,25.1,49.8,31.8,22.3,6.4,31.8,64,70,135,302,69,371,False,False,True,False,False,False
2026-01-28 09:51:24,25.0,49.8,31.3,21.8,6.2,31.3,64,71,135,302,69,371,False,False,False,False,False,False
2026-01-28 09:51:26,25.0,49.9,26.8,18.7,5.3,26.8,63,72,135,302,69,371,False,False,False,False,False,False
2026-01-28 09:51:28,25.0,50.0,27.1,18.3,4.8,27.1,62,72,135,302,69,371,False,False,False,False,False,False
2026-01-28 09:51:30,24.9,50.1,26.9,18.2,4.7,26.9,61,73,135,302,69,371,False,False,False,False,False,False
2026-01-28 09:51:32,24.9,50.1,26.8,17.7,4.3,26.8,60,74,135,302,69,371,False,False,False,False,False,False
2026-01-28 09:51:34,24.9,50.2,26.5,17.7,4.5,26.5,60,75,135,302,69,371,False,False,False,False,False,False
2026-01-28 09:51:36,24.8,50.3,26.9,18.2,4.8,26.9,59,76,135,302,69,371,False,False,False,False,False,False
2026-01-28 09:51:38,24.8,50.4,26.7,18.1,4.8,26.7,58,76,135,302,69,371,False,False,False,False,False,False
2026-01-28 09:51:40,24.8,50.4,27.0,18.8,5.2,27.0,57,77,135,302,69,371,False,False,False,False,False,False
2026-01-28 09:51:42,24.8,50.5,26.8,17.8,4.4,26.8,56,78,135,302,69,371,False,False,False,False,False,False
2026-01-28 09:51:44,24.7,50.5,26.5,17.8,4.5,26.5,55,79,135,302,69,371,False,False,False,False,False,False
2026-01-28 09:51:46,24.7,50.7,26.7,17.6,4.3,26.7,55,80,135,302,69,371,False,False,False,False,False,False
2026-01-28 09:51:48,24.7,50.7,26.5,17.7,4.5,26.5,54,81,135,302,69,371,False,False,False,False,False,False
2026-01-28 09:51:50,24.7,50.8,26.9,18.2,4.8,26.9,53,81,135,302,69,371,False,False,False,False,False,False
2026-01-28 09:51:52,24.6,50.9,26.9,18.0,4.6,26.9,52,82,135,302,69,371,False,False,False,False,False,False
2026-01-28 09:51:54,24.6,51.0,28.8,20.0,5.6,28.8,92,42,135,302,69,371,False,False,False,False,False,False
2026-01-28 09:51:56,24.6,51.0,27.5,18.5,4.8,27.5,74,60,135,302,69,371,False,False,False,False,False,False
2026-01-28 09:51:58,24.5,51.1,27.2,17.8,4.2,27.2,73,61,135,302,69,371,False,False,False,False,False,False
2026-01-28 09:52:00,24.5,51.2,27.3,17.6,4.0,27.3,72,62,135,302,69,371,False,False,False,False,False,False
2026-01-28 09:52:02,24.5,51.2,27.0,17.4,3.9,27.0,72,62,135,302,69,371,False,False,False,False,False,False
2026-01-28 09:52:04,24.5,51.3,27.1,17.6,4.0,27.1,71,63,135,302,69,371,False,False,False,False,False,False
2026-01-28 09:52:06,24.4,51.3,26.9,17.5,4.0,26.9,71,64,135,302,69,371,False,False,False,False,False,False
2026-01-28 09:52:08,24.4,51.4,27.0,17.7,4.2,27.0,70,64,135,302,69,371,False,False,False,False,False,False
2026-01-28 09:52:10,24.4,51.4,27.4,17.9,4.3,27.4,69,64,134,305,66,371,False,False,False,False,False,False
2026-01-28 09:52:12,24.4,51.5,26.8,17.4,4.1,26.8,69,66,135,302,69,371,False,False,False,False,False,False
2026-01-28 09:52:14,24.4,51.6,26.8,17.0,3.6,26.8,68,66,135,302,69,371,False,False,False,False,False,False
2026-01-28 09:52:16,24.3,51.6,26.5,17.4,4.2,26.5,67,67,135,302,69,371,False,False,False,False,False,False
2026-01-28 09:52:18,24.3,51.6,26.7,17.4,4.0,26.7,67,68,135,302,69,371,False,False,False,False,False,False
2026-01-28 09:52:20,24.3,51.7,26.7,16.9,3.6,26.7,66,68,135,302,69,371,False,False,False,False,False,False
2026-01-28 09:52:22,24.3,51.8,26.5,16.9,3.6,26.5,65,69,135,302,69,371,False,False,False,False,False,False
2026-01-28 09:52:24,24.2,51.8,26.5,17.3,4.0,26.5,65,70,135,302,69,371,False,False,False,False,False,False
2026-01-28 09:52:26,24.2,51.8,26.0,18.0,5.0,26.0,64,71,135,302,69,371,False,False,False,False,False,False
2026-01-28 09:52:28,24.2,51.9,26.8,17.8,4.4,26.8,63,71,135,302,69,371,False,False,False,False,False,False
2026-01-28 09:52:30,24.2,52.0,26.4,17.0,3.8,26.4,62,72,135,302,69,371,False,False,False,False,False,False
2026-01-28 09:52:32,24.1,52.0,26.3,17.2,4.0,26.3,61,73,135,302,69,371,False,False,False,False,False,False
2026-01-28 09:52:34,24.1,52.1,26.4,17.1,3.9,26.4,61,74,135,302,69,371,False,False,False,False,False,False
2026-01-28 09:52:36,24.1,52.1,26.3,17.4,4.2,26.3,60,75,135,302,69,371,False,False,False,False,False,False
2026-01-28 09:52:38,24.1,52.2,26.6,17.4,4.1,26.6,59,75,135,302,69,371,False,False,False,False,False,False
2026-01-28 09:52:40,24.1,52.3,26.8,17.7,4.3,26.8,59,75,134,305,66,371,False,False,False,False,False,False
2026-01-28 09:52:42,24.0,52.3,26.3,16.8,3.7,26.3,57,77,135,302,69,371,False,False,False,False,False,False
2026-01-28 09:52:44,24.0,52.4,26.5,17.1,3.9,26.5,57,78,135,302,69,371,False,False,False,False,False,False
2026-01-28 09:52:46,24.0,52.5,26.5,17.1,3.9,26.5,56,79,135,302,69,371,False,False,False,False,False,False
2026-01-28 09:52:48,24.0,52.5,26.6,17.3,3.9,26.6,55,79,135,302,69,371,False,False,False,False,False,False
2026-01-28 09:52:50,24.0,52.4,26.4,16.8,3.6,26.4,54,80,135,302,69,371,False,False,False,False,False,False
2026-01-28 09:52:52,24.0,52.6,26.3,17.2,4.1,26.3,94,40,135,302,69,371,False,False,False,False,False,False
2026-01-28 09:52:54,23.9,52.6,27.5,17.4,3.6,27.5,76,58,135,302,69,371,False,False,False,False,False,False
2026-01-28 09:52:56,23.9,52.7,27.2,18.2,4.6,27.2,75,59,135,302,69,371,False,False,False,False,False,False
2026-01-28 09:52:58,23.9,52.7,28.3,17.9,3.8,28.3,74,60,135,302,69,371,False,False,False,False,False,False
2026-01-28 09:53:00,23.9,52.8,27.3,17.9,4.2,27.3,74,61,135,302,69,371,False,False,False,False,False,False
2026-01-28 09:53:02,23.8,52.8,27.2,17.8,4.1,27.2,73,62,135,302,69,371,False,False,False,False,False,False
2026-01-28 09:53:04,23.8,52.9,27.0,17.4,4.0,27.0,72,62,135,302,69,371,False,False,False,False,False,False
2026-01-28 09:53:06,23.8,53.0,27.0,17.3,3.7,27.0,71,63,135,302,69,371,False,False,False,False,False,False
2026-01-28 09:53:08,23.8,53.0,27.3,17.6,4.0,27.3,70,64,135,302,69,371,False,False,False,False,False,False
2026-01-28 09:53:10,23.8,53.0,26.8,17.2,3.8,26.8,70,65,135,302,69,371,False,False,False,False,False,False
2026-01-28 09:53:12,23.8,53.1,27.2,18.1,4.5,27.2,69,66,135,302,69,371,False,False,False,False,False,False
2026-01-28 09:53:14,23.8,53.1,26.7,17.4,4.0,26.7,68,66,135,302,69,371,False,False,False,False,False,False
2026-01-28 09:53:16,23.7,53.2,26.7,17.5,4.1,26.7,67,67,135,302,69,371,False,False,False,False,False,False
2026-01-28 09:53:18,23.7,53.2,26.8,17.5,4.1,26.8,66,68,135,302,69,371,False,False,False,False,False,False
2026-01-28 09:53:20,23.7,53.2,26.6,16.9,3.6,26.6,65,69,135,302,69,371,False,False,False,False,False,False
2026-01-28 09:53:22,23.7,53.2,26.5,17.2,3.9,26.5,65,70,135,302,69,371,False,False,False,False,False,False
2026-01-28 09:53:24,23.7,53.3,26.5,17.3,4.1,26.5,64,71,135,302,69,371,False,False,False,False,False,False
2026-01-28 09:53:26,23.7,53.3,26.7,18.1,4.8,26.7,63,71,135,302,69,371,False,False,False,False,False,False
2026-01-28 09:53:28,23.7,53.4,26.5,17.7,4.4,26.5,62,72,135,302,69,371,False,False,False,False,False,False
2026-01-28 09:53:30,23.6,53.4,26.3,16.7,3.6,26.3,61,73,135,302,69,371,False,False,False,False,False,False
2026-01-28 09:53:32,23.6,53.5,26.4,17.4,4.2,26.4,61,74,135,302,69,371,False,False,False,False,False,False
2026-01-28 09:53:34,23.6,53.4,26.4,17.4,4.2,26.4,60,75,135,302,69,371,False,False,False,False,False,False
2026-01-28 09:53:36,23.6,53.5,26.5,17.2,3.9,26.5,59,75,135,302,69,371,False,False,False,False,False,False
2026-01-28 09:53:38,23.6,53.5,26.3,17.2,4.1,26.3,58,76,135,302,69,371,False,False,False,False,False,False
2026-01-28 09:53:40,23.6,53.6,26.4,16.8,3.6,26.4,57,77,135,302,69,371,False,False,False,False,False,False
2026-01-28 09:53:42,23.6,53.6,26.6,18.0,4.7,26.6,57,78,135,302,69,371,False,False,False,False,False,False
2026-01-28 09:53:44,23.6,53.7,26.5,17.1,3.9,26.5,56,79,135,302,69,371,False,False,False,False,False,False
2026-01-28 09:53:46,23.6,53.7,26.8,17.4,4.0,26.8,55,79,135,302,69,371,False,False,False,False,False,False
2026-01-28 09:53:48,23.5,53.7,26.3,16.9,3.8,26.3,54,80,135,302,69,371,False,False,False,False,False,False
2026-01-28 09:53:50,23.5,53.7,26.3,17.3,4.2,26.3,94,40,135,302,69,371,False,False,False,False,False,False
2026-01-28 09:53:52,23.5,53.8,28.2,18.2,4.1,28.2,76,58,135,302,69,371,False,False,False,False,False,False
2026-01-28 09:53:54,23.5,53.8,26.8,17.3,3.9,26.8,75,59,135,302,69,371,False,False,False,False,False,False
2026-01-28 09:53:56,23.5,53.8,27.3,18.4,4.7,27.3,74,60,135,302,69,371,False,False,False,False,False,False
2026-01-28 09:53:58,23.5,53.9,27.3,17.7,4.0,27.3,74,61,135,302,69,371,False,False,False,False,False,False
2026-01-28 09:54:00,23.5,53.9,27.7,17.8,4.0,27.7,73,62,135,302,69,371,False,False,False,False,False,False
2026-01-28 09:54:02,23.4,54.0,27.1,17.6,4.1,27.1,72,62,135,302,69,371,False,False,False,False,False,False
2026-01-28 09:54:04,23.4,54.0,27.0,17.4,4.0,27.0,71,63,135,302,69,371,False,False,False,False,False,False
2026-01-28 09:54:06,23.4,54.0,27.2,17.8,4.2,27.2,70,64,135,302,69,371,False,False,False,False,False,False
2026-01-28 09:54:08,23.4,54.0,26.9,17.5,4.0,26.9,70,65,135,302,69,371,False,False,False,False,False,False
2026-01-28 09:54:10,23.4,54.1,26.7,16.8,3.4,26.7,69,66,135,302,69,371,False,False,False,False,False,False
2026-01-28 09:54:12,23.4,54.1,27.1,18.1,4.5,27.1,68,66,135,302,69,371,False,False,False,False,False,False
2026-01-28 09:54:14,23.4,54.1,26.6,16.9,3.6,26.6,67,67,135,302,69,371,False,False,False,False,False,False
2026-01-28 09:54:16,23.4,54.2,30.0,19.1,4.1,30.0,66,68,135,302,69,371,False,False,False,False,False,False
2026-01-28 09:54:18,23.4,54.2,26.4,17.2,4.0,26.4,65,69,135,302,69,371,False,False,False,False,False,False
2026-01-28 09:54:20,23.4,54.3,26.4,17.0,3.8,26.4,65,70,135,302,69,371,False,False,False,False,False,False
2026-01-28 09:54:22,23.4,54.2,26.4,16.9,3.7,26.4,64,71,135,302,69,371,False,False,False,False,False,False
2026-01-28 09:54:24,23.4,54.2,26.7,17.2,3.9,26.7,63,71,135,302,69,371,False,False,False,False,False,False
2026-01-28 09:54:26,23.3,54.2,26.4,17.7,4.6,26.4,62,72,135,302,69,371,False,False,False,False,False,False
2026-01-28 09:54:28,23.3,54.3,26.7,17.7,4.4,26.7,61,73,135,302,69,371,False,False,False,False,False,False
2026-01-28 09:54:30,23.3,54.3,26.4,17.2,4.0,26.4,61,74,135,302,69,371,False,False,False,False,False,False
2026-01-28 09:54:32,23.3,54.7,26.5,16.5,3.3,26.5,60,75,135,302,69,371,False,False,False,False,False,False
2026-01-28 09:54:34,23.3,55.0,28.5,18.1,3.9,28.5,59,75,135,302,69,371,False,False,False,False,False,False
2026-01-28 09:54:36,23.3,55.1,26.3,17.1,4.0,26.3,58,76,135,302,69,371,False,False,False,False,False,False
2026-01-28 09:54:38,23.3,55.2,26.4,16.8,3.6,26.4,57,77,135,302,69,371,False,False,False,False,False,False
2026-01-28 09:54:40,23.3,55.1,26.5,16.8,3.6,26.5,57,78,135,302,69,371,False,False,False,False,False,False
2026-01-28 09:54:42,23.3,55.1,26.7,17.6,4.3,26.7,56,79,135,302,69,371,False,False,False,False,False,False
2026-01-28 09:54:44,23.3,55.0,26.8,17.1,3.7,26.8,55,79,135,302,69,371,False,False,False,False,False,False
2026-01-28 09:54:46,23.3,54.9,26.6,17.1,3.8,26.6,54,80,135,302,69,371,False,False,False,False,False,False
2026-01-28 09:54:48,23.3,54.9,26.2,17.0,3.9,26.2,94,40,135,302,69,371,False,False,False,False,False,False
2026-01-28 09:54:50,23.3,54.8,27.5,17.7,4.0,27.5,76,58,135,302,69,371,False,False,False,False,False,False
2026-01-28 09:54:52,23.3,54.8,27.4,17.2,3.5,27.4,75,59,135,302,69,371,False,False,False,False,False,False
2026-01-28 09:54:54,23.3,54.7,27.5,17.8,4.1,27.5,74,60,135,302,69,371,False,False,False,False,False,False
2026-01-28 09:54:56,23.3,54.7,27.0,18.2,4.6,27.0,74,61,135,302,69,371,False,False,False,False,False,False
2026-01-28 09:54:58,23.3,54.8,27.7,17.8,3.9,27.7,72,62,135,302,69,371,False,False,False,False,False,False
2026-01-28 09:55:00,23.3,54.7,27.1,17.5,4.0,27.1,72,63,135,302,69,371,False,False,False,False,False,False
2026-01-28 09:55:02,23.3,54.7,26.9,17.1,3.6,26.9,71,64,135,302,69,371,False,False,False,False,False,False
2026-01-28 09:55:04,23.3,54.7,27.0,17.2,3.7,27.0,70,65,135,302,69,371,False,False,False,False,False,False
2026-01-28 09:55:06,23.2,54.7,26.8,17.3,3.9,26.8,69,65,135,302,69,371,False,False,False,False,False,False
2026-01-28 09:55:08,23.3,54.7,26.7,16.8,3.5,26.7,68,66,135,302,69,371,False,False,False,False,False,False
2026-01-28 09:55:10,23.2,54.7,26.6,17.3,4.0,26.6,68,67,135,302,69,371,False,False,False,False,False,False
2026-01-28 09:55:12,23.2,54.8,27.1,18.1,4.5,27.1,67,68,135,302,69,371,False,False,False,False,False,False
2026-01-28 09:55:14,23.2,54.8,26.5,17.2,3.9,26.5,66,69,135,302,69,371,False,False,False,False,False,False
2026-01-28 09:55:16,23.2,54.8,26.5,17.3,4.1,26.5,65,69,135,302,69,371,False,False,False,False,False,False
2026-01-28 09:55:18,23.2,54.8,26.4,17.2,4.0,26.4,64,70,135,302,69,371,False,False,False,False,False,False
2026-01-28 09:55:20,23.2,54.8,26.5,17.5,4.2,26.5,63,71,135,302,69,371,False,False,False,False,False,False
2026-01-28 09:55:22,23.2,54.8,26.6,16.7,3.4,26.6,63,72,135,302,69,371,False,False,False,False,False,False
2026-01-28 09:55:24,23.2,54.8,26.4,16.7,3.5,26.4,62,73,135,302,69,371,False,False,False,False,False,False
2026-01-28 09:55:26,23.2,54.8,26.4,17.5,4.4,26.4,61,73,135,302,69,371,False,False,False,False,False,False
2026-01-28 09:55:28,23.2,54.8,26.5,17.5,4.3,26.5,60,74,135,302,69,371,False,False,False,False,False,False
2026-01-28 09:55:30,23.2,54.8,26.4,17.4,4.2,26.4,59,75,135,302,69,371,False,False,False,False,False,False
2026-01-28 09:55:32,23.2,54.8,26.5,17.0,3.7,26.5,59,76,135,302,69,371,False,False,False,False,False,False
2026-01-28 09:55:34,23.2,54.9,26.2,17.0,3.9,26.2,58,77,135,302,69,371,False,False,False,False,False,False
2026-01-28 09:55:36,23.2,54.9,26.5,17.2,3.9,26.5,57,77,135,302,69,371,False,False,False,False,False,False
2026-01-28 09:55:38,23.2,54.9,26.7,17.8,4.5,26.7,56,78,135,302,69,371,False,False,False,False,False,False
2026-01-28 09:55:40,23.2,55.0,26.4,17.0,3.8,26.4,55,79,135,302,69,371,False,False,False,False,False,False
2026-01-28 09:55:42,23.1,55.0,26.9,17.4,4.0,26.9,55,80,135,302,69,371,False,False,False,False,False,False
2026-01-28 09:55:44,23.1,55.0,26.5,16.9,3.7,26.5,54,81,135,302,69,371,False,False,False,False,False,False
2026-01-28 09:55:46,23.1,55.0,26.3,17.3,4.2,26.3,94,40,135,302,69,371,False,False,False,False,False,False
2026-01-28 09:55:48,23.1,55.0,27.5,16.9,3.1,27.5,76,58,135,302,69,371,False,False,False,False,False,False
2026-01-28 09:55:50,23.1,55.0,27.7,17.8,3.9,27.7,75,59,135,302,69,371,False,False,False,False,False,False
2026-01-28 09:55:52,23.1,55.1,27.9,17.4,3.4,27.9,74,60,135,302,69,371,False,False,False,False,False,False
2026-01-28 09:55:54,23.1,55.0,27.4,17.6,3.9,27.4,74,61,135,302,69,371,False,False,False,False,False,False
2026-01-28 09:55:56,23.1,55.1,27.0,17.7,4.2,27.0,73,61,135,302,69,371,False,False,False,False,False,False
2026-01-28 09:55:58,23.1,55.1,27.3,17.7,4.1,27.3,72,62,135,302,69,371,False,False,False,False,False,False
2026-01-28 09:56:00,23.1,55.2,27.3,18.0,4.4,27.3,71,63,135,302,69,371,False,False,False,False,False,False
2026-01-28 09:56:02,23.1,55.2,27.2,17.2,3.6,27.2,70,64,135,302,69,371,False,False,False,False,False,False
2026-01-28 09:56:04,23.1,55.2,27.0,17.2,3.7,27.0,70,65,135,302,69,371,False,False,False,False,False,False
2026-01-28 09:56:06,23.1,55.1,26.8,17.5,4.1,26.8,69,66,135,302,69,371,False,False,False,False,False,False
2026-01-28 09:56:08,23.1,55.2,26.7,17.0,3.6,26.7,68,66,135,302,69,371,False,False,False,False,False,False
2026-01-28 09:56:10,28.0,53.7,26.9,17.1,3.6,26.9,67,67,135,302,69,371,False,False,True,False,False,False
2026-01-28 09:56:12,35.5,47.6,32.3,23.3,7.1,32.3,66,68,135,302,69,371,False,False,True,False,False,False
2026-01-28 09:56:14,39.6,40.2,31.8,22.4,6.5,31.8,64,71,135,302,69,371,False,False,True,False,False,False
2026-01-28 09:56:16,38.2,36.6,31.4,22.7,7.0,31.4,63,72,135,302,69,371,False,False,True,False,False,True
2026-01-28 09:56:18,37.7,35.2,33.6,23.9,7.1,33.6,62,72,135,302,69,371,False,False,True,False,False,True
2026-01-28 09:56:20,37.5,34.3,34.1,24.5,7.5,34.1,61,73,135,302,69,371,False,False,True,False,False,True
2026-01-28 09:56:22,37.4,33.7,33.5,24.2,7.4,33.5,60,74,135,302,69,371,False,False,True,False,False,True
2026-01-28 09:56:24,37.4,33.3,34.5,25.1,7.8,34.5,60,75,135,302,69,371,False,False,True,False,False,True
2026-01-28 09:56:26,37.2,33.0,33.9,25.1,8.1,33.9,59,76,135,302,69,371,False,False,True,False,False,True
2026-01-28 09:56:28,37.1,32.8,34.2,25.8,8.7,34.2,58,76,135,302,69,371,False,False,True,False,False,True
2026-01-28 09:56:30,37.0,32.6,33.6,24.0,7.2,33.6,57,77,135,302,69,371,False,False,True,False,False,True
2026-01-28 09:56:32,36.9,32.5,33.7,24.5,7.7,33.7,56,78,135,302,69,371,False,False,True,False,False,True
2026-01-28 09:56:34,36.7,32.5,33.3,24.0,7.3,33.3,56,79,135,302,69,371,False,False,True,False,False,True
2026-01-28 09:56:36,36.6,32.4,33.8,24.4,7.5,33.8,55,80,135,302,69,371,False,False,True,False,False,True
2026-01-28 09:56:38,36.4,32.4,33.5,23.9,7.1,33.5,54,81,135,302,69,371,False,False,True,False,False,True
2026-01-28 09:56:40,36.3,32.4,33.5,24.2,7.5,33.5,53,81,135,302,69,371,False,False,True,False,False,True
2026-01-28 09:56:42,36.1,32.5,33.7,25.1,8.2,33.7,52,82,135,302,69,371,False,False,True,False,False,True
2026-01-28 09:56:44,35.9,32.5,33.2,24.0,7.4,33.2,92,42,135,302,69,371,False,False,True,False,False,True
2026-01-28 09:56:46,35.7,32.6,32.9,24.2,7.8,32.9,69,65,135,302,69,371,False,False,True,False,False,True
2026-01-28 09:56:48,35.6,32.7,33.7,24.0,7.2,33.7,65,69,135,302,69,371,False,False,True,False,False,True
2026-01-28 09:56:50,35.4,32.8,34.4,24.9,7.7,34.4,64,70,135,302,69,371,False,False,True,False,False,True
2026-01-28 09:56:52,35.2,32.9,33.7,24.2,7.3,33.7,63,72,135,302,69,371,False,False,True,False,False,True
2026-01-28 09:56:54,35.0,33.0,34.4,24.8,7.6,34.4,62,72,135,302,69,371,False,False,True,False,False,True
2026-01-28 09:56:56,34.8,33.2,34.7,25.2,7.9,34.7,62,73,135,302,69,371,False,False,True,False,False,True
2026-01-28 09:56:58,34.6,33.3,34.0,24.6,7.7,34.0,61,74,135,302,69,371,False,False,True,False,False,True
2026-01-28 09:57:00,34.5,33.5,34.1,24.6,7.6,34.1,60,74,135,302,69,371,False,False,True,False,False,True
2026-01-28 09:57:02,34.2,33.6,33.7,24.7,7.8,33.7,59,75,135,302,69,371,False,False,True,False,False,True
2026-01-28 09:57:04,34.1,33.9,34.2,24.5,7.4,34.2,58,76,135,302,69,371,False,False,True,False,False,True
2026-01-28 09:57:06,33.9,34.1,33.6,24.5,7.7,33.6,58,77,135,302,69,371,False,False,True,False,False,True
2026-01-28 09:57:08,33.7,34.3,33.8,24.4,7.5,33.8,57,78,135,302,69,371,False,False,True,False,False,True
2026-01-28 09:57:10,33.5,34.5,33.6,24.2,7.4,33.6,56,78,135,302,69,371,False,False,True,False,False,True
2026-01-28 09:57:12,33.4,34.7,34.0,24.7,7.6,34.0,55,79,135,302,69,371,False,False,True,False,False,True
2026-01-28 09:57:14,33.2,34.9,33.6,24.4,7.6,33.6,54,80,135,302,69,371,False,False,True,False,False,True
2026-01-28 09:57:16,33.1,35.2,33.4,23.8,7.2,33.4,53,81,135,302,69,371,False,False,True,False,False,True
2026-01-28 09:57:18,32.9,35.4,33.7,24.4,7.5,33.7,53,82,135,302,69,371,False,False,True,False,False,True
2026-01-28 09:57:20,32.8,35.6,33.7,24.4,7.5,33.7,52,83,135,302,69,371,False,False,True,False,False,True
2026-01-28 09:57:22,32.6,35.7,33.2,24.0,7.4,33.2,92,42,135,302,69,371,False,False,True,False,False,True
2026-01-28 09:57:24,32.5,36.0,33.0,24.2,7.7,33.0,69,66,135,302,69,371,False,False,True,False,False,True
2026-01-28 09:57:26,32.4,36.2,34.5,25.5,8.3,34.5,65,69,135,302,69,371,False,False,True,False,False,True
2026-01-28 09:57:28,32.2,36.2,34.3,25.7,8.6,34.3,64,70,135,302,69,371,False,False,True,False,False,True
2026-01-28 09:57:30,32.1,36.5,34.2,24.6,7.4,34.2,63,71,135,302,69,371,False,False,True,False,False,True
2026-01-28 09:57:32,32.0,36.7,34.2,24.5,7.4,34.2,62,72,135,302,69,371,False,False,True,False,False,True
2026-01-28 09:57:34,31.8,36.9,33.7,24.6,7.7,33.7,62,73,135,302,69,371,False,False,True,False,False,True
2026-01-28 09:57:36,31.7,37.0,33.9,24.7,7.7,33.9,61,74,135,302,69,371,False,False,True,False,False,True
2026-01-28 09:57:38,31.6,37.2,33.7,24.9,8.0,33.7,60,74,135,302,69,371,False,False,True,False,False,True
2026-01-28 09:57:40,31.5,37.3,33.9,24.6,7.6,33.9,59,75,135,302,69,371,False,False,True,False,False,True
2026-01-28 09:57:42,31.4,37.5,33.9,25.1,8.1,33.9,58,76,135,302,69,371,False,False,True,False,False,True
2026-01-28 09:57:44,31.2,37.7,33.8,24.4,7.5,33.8,58,77,135,302,69,371,False,False,True,False,False,True
2026-01-28 09:57:46,31.1,37.9,33.4,24.2,7.4,33.4,57,78,135,302,69,371,False,False,True,False,False,True
2026-01-28 09:57:48,31.0,38.0,33.6,24.1,7.3,33.6,56,78,135,302,69,371,False,False,True,False,False,True
2026-01-28 09:57:50,30.9,38.2,33.8,24.2,7.3,33.8,55,79,135,302,69,371,False,False,True,False,False,True
2026-01-28 09:57:52,30.8,38.3,33.3,23.9,7.2,33.3,54,80,135,302,69,371,False,False,True,False,False,True
2026-01-28 09:57:54,30.7,38.5,34.2,24.8,7.7,34.2,53,81,135,302,69,371,False,False,True,False,False,True
2026-01-28 09:57:56,30.5,38.7,33.4,24.6,7.9,33.4,53,82,135,302,69,371,False,False,True,False,False,True
2026-01-28 09:57:58,30.4,38.9,33.9,24.7,7.7,33.9,52,83,135,302,69,371,False,False,True,False,False,True
2026-01-28 09:58:00,30.3,39.1,33.6,24.2,7.3,33.6,92,42,135,302,69,371,False,False,True,False,False,True
2026-01-28 09:58:02,30.3,39.2,32.7,23.8,7.4,32.7,69,65,135,302,69,371,False,False,True,False,False,True
2026-01-28 09:58:04,30.1,39.4,33.8,24.3,7.4,33.8,65,70,135,302,69,371,False,False,True,False,False,True
2026-01-28 09:58:06,30.0,39.6,34.3,24.3,7.1,34.3,64,70,135,302,69,371,False,False,True,False,False,True
2026-01-28 09:58:08,30.0,39.7,34.1,24.6,7.5,34.1,63,71,135,302,69,371,False,False,True,False,False,True
2026-01-28 09:58:10,29.8,39.8,34.4,25.4,8.2,34.4,62,72,135,302,69,371,False,False,True,False,False,True
2026-01-28 09:58:12,29.8,40.1,34.2,25.0,7.9,34.2,62,73,135,302,69,371,False,False,True,False,False,False
2026-01-28 09:58:14,29.7,40.2,31.5,22.5,6.7,31.5,61,74,135,302,69,371,False,False,True,False,False,False
2026-01-28 09:58:16,29.6,40.4,31.4,22.2,6.5,31.4,60,74,135,302,69,371,False,False,True,False,False,False
2026-01-28 09:58:18,29.5,40.5,31.8,22.2,6.3,31.8,59,75,135,302,69,371,False,False,True,False,False,False
2026-01-28 09:58:20,29.4,40.7,31.4,22.4,6.7,31.4,58,76,135,302,69,371,False,False,True,False,False,False
2026-01-28 09:58:22,29.3,40.8,31.2,21.9,6.2,31.2,58,77,135,302,69,371,False,False,True,False,False,False
2026-01-28 09:58:24,29.2,40.9,31.5,22.1,6.4,31.5,57,78,135,302,69,371,False,False,True,False,False,False
2026-01-28 09:58:26,29.2,41.1,32.1,23.3,7.3,32.1,56,78,135,302,69,371,False,False,True,False,False,False
2026-01-28 09:58:28,29.1,41.2,31.9,23.6,7.7,31.9,55,79,135,302,69,371,False,False,True,False,False,False
2026-01-28 09:58:30,29.0,41.4,31.2,22.0,6.4,31.2,54,80,135,302,69,371,False,False,True,False,False,False
2026-01-28 09:58:32,28.9,41.5,31.8,22.3,6.4,31.8,53,81,135,302,69,371,False,False,True,False,False,False
2026-01-28 09:58:34,28.8,41.6,31.3,22.0,6.3,31.3,53,82,135,302,69,371,False,False,True,False,False,False
2026-01-28 09:58:36,28.7,41.8,31.1,22.0,6.4,31.1,52,83,135,302,69,371,False,False,True,False,False,False
2026-01-28 09:58:38,28.6,41.9,31.0,21.7,6.2,31.0,92,42,135,302,69,371,False,False,True,False,False,False
2026-01-28 09:58:40,28.5,42.0,30.5,21.6,6.3,30.5,71,63,135,302,69,371,False,False,True,False,False,False
2026-01-28 09:58:42,28.4,42.2,31.5,22.7,7.0,31.5,68,67,135,302,69,371,False,False,True,False,False,False
2026-01-28 09:58:44,28.4,42.4,32.1,22.7,6.6,32.1,67,68,135,302,69,371,False,False,True,False,False,False
2026-01-28 09:58:46,28.3,42.5,32.2,23.1,7.0,32.2,66,68,135,302,69,371,False,False,True,False,False,False
2026-01-28 09:58:48,28.2,42.7,32.0,22.2,6.2,32.0,65,69,135,302,69,371,False,False,True,False,False,False
2026-01-28 09:58:50,28.1,42.8,31.6,22.0,6.2,31.6,64,70,135,302,69,371,False,False,True,False,False,False
2026-01-28 09:58:52,28.0,42.9,31.6,22.5,6.7,31.6,64,71,135,302,69,371,False,False,True,False,False,False
2026-01-28 09:58:54,27.9,43.2,31.7,22.2,6.3,31.7,63,72,135,302,69,371,False,False,True,False,False,False
2026-01-28 09:58:56,27.9,43.2,31.4,22.7,7.0,31.4,62,72,135,302,69,371,False,False,True,False,False,False
2026-01-28 09:58:58,27.8,43.4,31.5,22.2,6.5,31.5,61,74,135,302,69,371,False,False,True,False,False,False
2026-01-28 09:59:00,27.7,43.6,31.2,22.0,6.4,31.2,60,74,135,302,69,371,False,False,True,False,False,False
2026-01-28 09:59:02,27.7,43.7,31.7,22.7,6.9,31.7,59,75,135,302,69,371,False,False,True,False,False,False
2026-01-28 09:59:04,27.6,43.8,31.1,21.7,6.2,31.1,58,76,135,302,69,371,False,False,True,False,False,False
2026-01-28 09:59:06,27.5,44.0,32.0,22.5,6.5,32.0,58,77,135,302,69,371,False,False,True,False,False,False
2026-01-28 09:59:08,27.4,44.1,31.9,22.3,6.4,31.9,57,78,135,302,69,371,False,False,True,False,False,False
2026-01-28 09:59:10,27.4,44.3,31.8,22.6,6.8,31.8,56,78,135,302,69,371,False,False,True,False,False,False
2026-01-28 09:59:12,27.3,44.4,31.3,22.5,6.9,31.3,55,79,135,302,69,371,False,False,True,False,False,False
2026-01-28 09:59:14,27.2,44.6,31.4,22.4,6.7,31.4,54,80,135,302,69,371,False,False,True,False,False,False
2026-01-28 09:59:16,27.1,44.7,31.4,22.3,6.6,31.4,53,81,135,302,69,371,False,False,True,False,False,False
2026-01-28 09:59:18,27.1,44.9,31.4,22.1,6.5,31.4,53,82,135,302,69,371,False,False,True,False,False,False
2026-01-28 09:59:20,27.0,45.0,31.1,22.1,6.5,31.1,52,83,135,302,69,371,False,False,True,False,False,False
2026-01-28 09:59:22,26.9,45.1,30.8,21.8,6.4,30.8,92,42,135,302,69,371,False,False,True,False,False,False
2026-01-28 09:59:24,26.9,45.2,30.5,21.5,6.3,30.5,72,63,135,302,69,371,False,False,True,False,False,False
2026-01-28 09:59:26,26.8,45.4,32.1,23.2,7.1,32.1,68,67,135,302,69,371,False,False,True,False,False,False
2026-01-28 09:59:28,26.7,45.5,32.1,23.7,7.7,32.1,67,67,135,302,69,371,False,False,True,False,False,False
2026-01-28 09:59:30,26.7,45.7,31.8,22.4,6.5,31.8,66,68,135,302,69,371,False,False,True,False,False,False
2026-01-28 09:59:32,26.7,45.9,31.6,22.6,6.8,31.6,66,69,135,302,69,371,False,False,True,False,False,False
2026-01-28 09:59:34,26.6,46.0,31.6,21.9,6.1,31.6,65,70,135,302,69,371,False,False,True,False,False,False
2026-01-28 09:59:36,26.5,46.1,31.6,22.3,6.5,31.6,64,70,135,302,69,371,False,False,True,False,False,False
2026-01-28 09:59:38,26.4,46.1,31.7,22.5,6.7,31.7,63,71,135,302,69,371,False,False,True,False,False,False
2026-01-28 09:59:40,26.4,46.3,31.4,22.7,7.0,31.4,62,72,135,302,69,371,False,False,True,False,False,False
2026-01-28 09:59:42,26.3,46.4,31.3,22.6,6.9,31.3,62,73,135,302,69,371,False,False,True,False,False,False
2026-01-28 09:59:44,26.3,46.6,31.4,22.4,6.7,31.4,61,74,135,302,69,371,False,False,True,False,False,False
2026-01-28 09:59:46,26.2,46.7,32.1,22.8,6.8,32.1,60,74,135,302,69,371,False,False,True,False,False,False
2026-01-28 09:59:48,26.2,46.8,31.7,21.9,6.1,31.7,59,75,135,302,69,371,False,False,True,False,False,False
2026-01-28 09:59:50,26.1,46.9,31.2,21.7,6.1,31.2,58,76,135,302,69,371,False,False,True,False,False,False
2026-01-28 09:59:52,26.1,47.0,31.3,22.0,6.4,31.3,58,77,135,302,69,371,False,False,True,False,False,False
2026-01-28 09:59:54,26.0,47.1,31.0,21.8,6.2,31.0,57,78,135,302,69,371,False,False,True,False,False,False
2026-01-28 09:59:56,26.0,47.2,31.5,22.5,6.7,31.5,56,78,135,302,69,371,False,False,True,False,False,False
2026-01-28 09:59:58,26.0,47.4,31.4,22.1,6.4,31.4,55,79,135,302,69,371,False,False,True,False,False,False
2026-01-28 10:00:00,25.9,47.5,31.3,22.0,6.3,31.3,54,80,135,302,69,371,False,False,True,False,False,False
2026-01-28 10:00:02,25.8,47.6,31.1,22.4,6.8,31.1,53,81,135,302,69,371,False,False,True,False,False,False
2026-01-28 10:00:04,25.8,47.7,31.1,21.4,5.9,31.1,53,82,135,302,69,371,False,False,True,False,False,False
2026-01-28 10:00:06,25.8,47.8,31.4,22.4,6.7,31.4,52,83,135,302,69,371,False,False,True,False,False,False
2026-01-28 10:00:08,25.7,47.8,31.2,22.2,6.6,31.2,92,42,135,302,69,371,False,False,True,False,False,False
2026-01-28 10:00:10,25.7,48.0,30.5,22.0,6.7,30.5,72,62,135,302,69,371,False,False,True,False,False,False
2026-01-28 10:00:12,25.6,48.1,31.8,23.1,7.2,31.8,68,67,135,302,69,371,False,False,True,False,False,False
2026-01-28 10:00:14,25.6,48.1,32.0,22.8,6.7,32.0,67,67,135,302,69,371,False,False,True,False,False,False
2026-01-28 10:00:16,25.5,48.4,32.1,22.5,6.4,32.1,66,68,135,302,69,371,False,False,True,False,False,False
2026-01-28 10:00:18,25.5,48.4,31.8,22.7,6.8,31.8,66,69,135,302,69,371,False,False,True,False,False,False
2026-01-28 10:00:20,25.5,48.5,31.7,22.4,6.6,31.7,65,70,135,302,69,371,False,False,True,False,False,False
2026-01-28 10:00:22,25.5,48.6,31.9,22.5,6.6,31.9,64,70,135,302,69,371,False,False,True,False,False,False
2026-01-28 10:00:24,25.4,48.7,31.5,22.4,6.6,31.5,63,71,135,302,69,371,False,False,True,False,False,False
2026-01-28 10:00:26,25.4,48.8,35.0,24.4,6.9,35.0,63,72,135,302,69,371,False,False,True,False,False,False
2026-01-28 10:00:28,25.3,48.8,31.8,23.3,7.4,31.8,62,73,135,302,69,371,False,False,True,False,False,False
2026-01-28 10:00:30,25.3,49.0,31.8,22.2,6.3,31.8,61,74,135,302,69,371,False,False,True,False,False,False
2026-01-28 10:00:32,25.2,49.1,31.3,22.1,6.4,31.3,60,74,135,302,69,371,False,False,True,False,False,False
2026-01-28 10:00:34,25.2,49.2,31.3,21.9,6.3,31.3,59,75,135,302,69,371,False,False,True,False,False,False
2026-01-28 10:00:36,25.2,49.2,31.4,22.1,6.4,31.4,58,76,135,302,69,371,False,False,True,False,False,False
2026-01-28 10:00:38,25.1,49.4,31.5,22.4,6.7,31.5,58,77,135,302,69,371,False,False,True,False,False,False
2026-01-28 10:00:40,25.1,49.5,31.0,21.9,6.4,31.0,57,78,135,302,69,371,False,False,True,False,False,False
2026-01-28 10:00:42,25.1,49.6,31.6,22.4,6.6,31.6,56,78,135,302,69,371,False,False,True,False,False,False
2026-01-28 10:00:44,25.0,49.6,31.7,22.8,7.0,31.7,55,79,135,302,69,371,False,False,False,False,False,False
2026-01-28 10:00:46,25.0,49.7,26.7,17.8,4.5,26.7,54,80,135,302,69,371,False,False,False,False,False,False
2026-01-28 10:00:48,25.0,49.7,26.7,18.2,4.8,26.7,53,81,135,302,69,371,False,False,False,False,False,False
2026-01-28 10:00:50,24.9,49.8,26.9,18.0,4.6,26.9,53,82,135,302,69,371,False,False,False,False,False,False
2026-01-28 10:00:52,24.9,49.9,26.9,18.1,4.7,26.9,52,83,135,302,69,371,False,False,False,False,False,False
2026-01-28 10:00:54,24.9,49.9,26.8,17.9,4.6,26.8,92,42,135,302,69,371,False,False,False,False,False,False
2026-01-28 10:00:56,24.8,50.0,26.5,18.1,4.9,26.5,78,57,135,302,69,371,False,False,False,False,False,False
2026-01-28 10:00:58,24.8,50.1,27.9,18.6,4.7,27.9,74,61,135,302,69,371,False,False,False,False,False,False
2026-01-28 10:01:00,24.8,50.1,27.4,18.4,4.7,27.4,73,61,135,302,69,371,False,False,False,False,False,False
2026-01-28 10:01:02,24.8,50.2,27.4,18.2,4.5,27.4,72,63,135,302,69,371,False,False,False,False,False,False
2026-01-28 10:01:04,24.8,50.3,27.5,18.1,4.3,27.5,71,63,135,302,69,371,False,False,False,False,False,False
2026-01-28 10:01:06,24.7,50.4,27.4,18.5,4.8,27.4,71,64,135,302,69,371,False,False,False,False,False,False
2026-01-28 10:01:08,24.7,50.4,27.3,18.4,4.8,27.3,70,65,135,302,69,371,False,False,False,False,False,False
2026-01-28 10:01:10,24.7,50.5,27.5,18.2,4.5,27.5,69,66,135,302,69,371,False,False,False,False,False,False
2026-01-28 10:01:12,24.6,50.6,27.2,18.7,5.1,27.2,68,66,135,302,69,371,False,False,False,False,False,False
2026-01-28 10:01:14,24.6,50.6,29.9,20.7,5.8,29.9,67,67,135,302,69,371,False,False,False,False,False,False
2026-01-28 10:01:16,24.6,50.7,26.4,17.0,3.8,26.4,66,68,135,302,69,371,False,False,False,False,False,False
2026-01-28 10:01:18,24.6,50.7,26.5,17.7,4.5,26.5,66,69,135,302,69,371,False,False,False,False,False,False
2026-01-28 10:01:20,24.5,50.8,26.4,17.2,4.0,26.4,65,69,135,302,69,371,False,False,False,False,False,False
2026-01-28 10:01:22,24.5,50.8,26.5,17.4,4.2,26.5,64,70,135,302,69,371,False,False,False,False,False,False
2026-01-28 10:01:24,24.5,50.9,26.5,17.2,3.9,26.5,64,71,135,302,69,371,False,False,False,False,False,False
2026-01-28 10:01:26,24.5,51.0,26.6,17.7,4.4,26.6,63,71,135,302,69,371,False,False,False,False,False,False
2026-01-28 10:01:28,24.5,51.0,26.4,18.1,4.9,26.4,62,72,135,302,69,371,False,False,False,False,False,False
2026-01-28 10:01:30,24.4,51.0,26.4,17.0,3.8,26.4,62,73,135,302,69,371,False,False,False,False,False,False
2026-01-28 10:01:32,24.4,51.1,26.6,17.9,4.5,26.6,61,73,135,302,69,371,False,False,False,False,False,False
2026-01-28 10:01:34,24.4,51.3,26.2,17.0,3.9,26.2,60,74,135,302,69,371,False,False,False,False,False,False
2026-01-28 10:01:36,24.4,51.2,26.6,17.5,4.2,26.6,60,75,135,302,69,371,False,False,False,False,False,False
2026-01-28 10:01:38,24.3,51.4,26.2,17.0,3.9,26.2,59,76,135,302,69,371,False,False,False,False,False,False
2026-01-28 10:01:40,24.3,51.4,26.3,17.6,4.4,26.3,58,76,135,302,69,371,False,False,False,False,False,False
2026-01-28 10:01:42,24.3,51.4,26.6,17.8,4.5,26.6,58,77,135,302,69,371,False,False,False,False,False,False
2026-01-28 10:01:44,24.3,51.5,27.2,17.4,3.8,27.2,57,78,135,302,69,371,False,False,False,False,False,False
