ts,temp,hum,mp_cpu,cpu_total,cpu_core0,cpu_core1,mp_used_kb,mp_free_kb,mp_total_kb,idf_used_kb,idf_free_kb,idf_total_kb,temp_zscore_anomaly,temp_ewma_anomaly,temp_rulebased_anomaly,hum_zscore_anomaly,hum_ewma_anomaly,hum_rulebased_anomaly
2000-01-01 00:00:01,23.7,53.1,0.0,0.0,0.0,0.0,38,124,162,104,267,371,False,False,False,False,False,False
2000-01-01 00:00:03,23.7,53.1,8.5,4.9,0.7,8.5,46,115,162,104,267,371,False,False,False,False,False,False
2000-01-01 00:00:05,23.7,53.1,6.7,4.0,0.7,6.7,23,139,162,104,267,371,False,False,False,False,False,False
2000-01-01 00:00:07,23.7,53.2,7.7,4.5,0.7,7.7,31,130,162,104,267,371,False,False,False,False,False,False
2000-01-01 00:00:09,23.7,53.2,6.8,4.0,0.7,6.8,40,122,162,104,267,371,False,False,False,False,False,False
2000-01-01 00:00:11,23.7,53.3,6.8,4.0,0.7,6.8,48,114,162,104,267,371,False,False,False,False,False,False
2000-01-01 00:00:13,23.7,53.5,6.9,4.1,0.7,6.9,24,138,162,104,267,371,False,False,False,False,False,False
2000-01-01 00:00:15,23.7,53.6,6.8,4.0,0.7,6.8,32,130,162,104,267,371,False,False,False,False,False,False
2000-01-01 00:00:17,23.8,53.5,7.1,4.2,0.7,7.1,40,121,162,104,267,371,False,False,False,False,False,False
2000-01-01 00:00:19,23.8,53.5,6.8,4.0,0.7,6.8,49,113,162,104,267,371,False,False,False,False,False,False
2000-01-01 00:00:21,23.8,53.5,6.9,4.1,0.7,6.9,24,138,162,104,267,371,False,False,False,False,False,False
2000-01-01 00:00:23,23.8,53.7,6.8,4.0,0.7,6.8,32,129,162,104,267,371,False,False,False,False,False,False
2000-01-01 00:00:25,23.8,54.1,6.8,4.0,0.7,6.8,41,121,162,104,267,371,False,False,False,False,False,False
2000-01-01 00:00:27,23.8,54.0,7.8,4.6,0.7,7.8,49,113,162,104,267,371,False,False,False,False,False,False
2000-01-01 00:00:29,23.8,53.8,6.9,4.1,0.7,6.9,25,137,162,104,267,371,False,False,False,False,False,False
2000-01-01 00:00:31,23.8,53.6,6.8,4.0,0.7,6.8,33,129,162,104,267,371,False,False,False,False,False,False
2000-01-01 00:00:33,23.8,53.5,6.8,4.0,0.7,6.8,41,120,162,104,267,371,False,False,False,False,False,False
2000-01-01 00:00:35,23.8,53.3,6.8,4.0,0.7,6.8,50,112,162,104,267,371,False,False,False,False,False,False
2000-01-01 00:00:37,23.8,53.2,7.2,4.2,0.7,7.2,25,136,162,104,267,371,False,False,False,False,False,False
2000-01-01 00:00:39,23.8,53.1,6.7,4.0,0.7,6.7,34,128,162,104,267,371,False,False,False,False,False,False
2000-01-01 00:00:41,23.8,53.0,6.8,4.1,0.7,6.8,42,120,162,104,267,371,False,False,False,False,False,False
2000-01-01 00:00:43,23.8,53.0,6.7,4.0,0.7,6.7,50,112,162,104,267,371,False,False,False,False,False,False
2000-01-01 00:00:45,23.8,52.9,6.9,4.1,0.7,6.9,27,135,162,104,267,371,False,False,False,False,False,False
2000-01-01 00:00:47,23.8,52.9,7.1,4.2,0.7,7.1,35,127,162,104,267,371,False,False,False,False,False,False
2000-01-01 00:00:49,23.8,52.8,6.8,4.0,0.7,6.8,43,119,162,104,267,371,False,False,False,False,False,False
2000-01-01 00:00:51,23.8,52.8,6.7,4.0,0.7,6.7,51,110,162,104,267,371,False,False,False,False,False,False
2000-01-01 00:00:53,23.8,52.7,6.9,4.1,0.7,6.9,29,133,162,104,267,371,False,False,False,False,False,False
2000-01-01 00:00:55,23.8,52.7,7.1,4.2,0.7,7.1,37,125,162,104,267,371,False,False,False,False,False,False
2000-01-01 00:00:57,23.8,52.7,6.8,4.0,0.7,6.8,45,117,162,104,267,371,False,False,False,False,False,False
2000-01-01 00:00:59,23.7,52.7,6.8,4.0,0.7,6.8,53,108,162,104,267,371,False,False,False,False,False,False
2000-01-01 00:01:01,23.8,52.6,6.9,4.1,0.7,6.9,30,132,162,104,267,371,False,False,False,False,False,False
2000-01-01 00:01:03,23.8,52.7,6.8,4.1,0.7,6.8,38,124,162,104,267,371,False,False,False,False,False,False
2000-01-01 00:01:05,23.8,52.7,7.1,4.2,0.7,7.1,46,116,162,104,267,371,False,False,False,False,False,False
2000-01-01 00:01:07,23.8,52.7,6.8,4.0,0.7,6.8,23,139,162,104,267,371,False,False,False,False,False,False
2000-01-01 00:01:09,23.8,52.8,6.9,4.1,0.7,6.9,31,131,162,104,267,371,False,False,False,False,False,False
2000-01-01 00:01:11,23.7,52.9,6.8,4.0,0.7,6.8,39,123,162,104,267,371,False,False,False,False,False,False
2000-01-01 00:01:13,23.8,53.0,6.7,4.0,0.7,6.7,47,114,162,104,267,371,False,False,False,False,False,False
2000-01-01 00:01:15,23.8,53.0,7.2,4.2,0.7,7.2,24,138,162,104,267,371,False,False,False,False,False,False
2000-01-01 00:01:17,23.8,53.1,7.5,4.4,0.7,7.5,32,130,162,104,267,371,False,False,False,False,False,False
2000-01-01 00:01:19,23.8,53.1,6.8,4.0,0.7,6.8,40,121,162,104,267,371,False,False,False,False,False,False
2000-01-01 00:01:21,23.8,53.2,6.8,4.0,0.7,6.8,49,113,162,104,267,371,False,False,False,False,False,False
2000-01-01 00:01:23,23.8,53.2,6.9,4.1,0.7,6.9,24,137,162,104,267,371,False,False,False,False,False,False
2000-01-01 00:01:25,23.8,53.1,7.1,4.2,0.7,7.1,33,129,162,104,267,371,False,False,False,False,False,False
2000-01-01 00:01:27,23.8,53.1,6.8,4.0,0.7,6.8,41,121,162,104,267,371,False,False,False,False,False,False
2000-01-01 00:01:29,23.8,53.1,6.8,4.0,0.7,6.8,49,113,162,104,267,371,False,False,False,False,False,False
2000-01-01 00:01:31,23.8,53.1,6.9,4.1,0.7,6.9,25,137,162,104,267,371,False,False,False,False,False,False
2000-01-01 00:01:33,23.8,53.2,6.8,4.0,0.7,6.8,33,129,162,104,267,371,False,False,False,False,False,False
2000-01-01 00:01:35,23.8,53.2,7.1,4.2,0.7,7.1,41,120,162,104,267,371,False,False,False,False,False,False
2000-01-01 00:01:37,23.8,53.4,6.7,4.0,0.7,6.7,50,112,162,104,267,371,False,False,False,False,False,False
2000-01-01 00:01:39,23.8,53.6,6.9,4.1,0.7,6.9,27,135,162,104,267,371,False,False,False,False,False,False
2000-01-01 00:01:41,23.8,53.7,6.8,4.0,0.7,6.8,35,127,162,104,267,371,False,False,False,False,False,False
2000-01-01 00:01:43,23.8,53.6,6.8,4.0,0.7,6.8,43,119,162,104,267,371,False,False,False,False,False,False
2000-01-01 00:01:45,23.8,53.4,7.0,4.2,0.7,7.0,51,110,162,104,267,371,False,False,False,False,False,False
2000-01-01 00:01:47,23.8,53.4,6.9,4.1,0.7,6.9,27,134,162,104,267,371,False,False,False,False,False,False
2000-01-01 00:01:49,23.8,53.2,6.8,4.1,0.7,6.8,36,126,162,104,267,371,False,False,False,False,False,False
2000-01-01 00:01:51,23.8,53.2,6.7,4.0,0.7,6.7,44,118,162,104,267,371,False,False,False,False,False,False
2000-01-01 00:01:53,23.8,53.2,6.7,4.0,0.7,6.7,52,110,162,104,267,371,False,False,False,False,False,False
2000-01-01 00:01:55,23.8,53.0,7.7,4.5,0.7,7.7,29,133,162,104,267,371,False,False,False,False,False,False
2000-01-01 00:01:57,23.8,53.0,6.8,4.0,0.7,6.8,37,125,162,104,267,371,False,False,False,False,False,False
2000-01-01 00:01:59,23.8,53.0,6.7,4.0,0.7,6.7,45,117,162,104,267,371,False,False,False,False,False,False
2000-01-01 00:02:01,23.8,52.9,6.7,4.0,0.7,6.7,53,108,162,104,267,371,False,False,False,False,False,False
2000-01-01 00:02:03,23.8,52.9,6.9,4.1,0.7,6.9,29,133,162,104,267,371,False,False,False,False,False,False
2000-01-01 00:02:05,23.8,52.8,7.1,4.2,0.7,7.1,37,125,162,104,267,371,False,False,False,False,False,False
2000-01-01 00:02:07,23.8,52.9,6.7,4.0,0.7,6.7,45,117,162,104,267,371,False,False,False,False,False,False
2000-01-01 00:02:09,23.8,52.9,6.7,4.0,0.7,6.7,53,108,162,104,267,371,False,False,False,False,False,False
2000-01-01 00:02:11,23.8,52.8,6.9,4.1,0.7,6.9,30,132,162,104,267,371,False,False,False,False,False,False
2000-01-01 00:02:13,23.8,52.8,7.1,4.2,0.7,7.1,38,124,162,104,267,371,False,False,False,False,False,False
2000-01-01 00:02:15,23.8,53.0,6.7,4.0,0.7,6.7,46,116,162,104,267,371,False,False,False,False,False,False
2000-01-01 00:02:17,23.8,53.1,6.7,4.0,0.7,6.7,23,139,162,104,267,371,False,False,False,False,False,False
2000-01-01 00:02:19,23.8,53.0,6.9,4.1,0.7,6.9,31,131,162,104,267,371,False,False,False,False,False,False
2000-01-01 00:02:21,23.8,53.0,6.8,4.1,0.7,6.8,39,123,162,104,267,371,False,False,False,False,False,False
2000-01-01 00:02:23,23.8,52.9,7.1,4.2,0.7,7.1,47,114,162,104,267,371,False,False,False,False,False,False
2000-01-01 00:02:25,23.8,52.9,7.5,4.4,0.7,7.5,23,139,162,104,267,371,False,False,False,False,False,False
2000-01-01 00:02:27,23.8,52.8,6.1,3.7,0.7,6.1,31,130,162,104,267,371,False,False,False,False,False,False
2000-01-01 00:02:29,23.8,52.8,6.8,4.0,0.7,6.8,40,122,162,104,267,371,False,False,False,False,False,False
2000-01-01 00:02:31,23.8,52.8,6.7,4.0,0.7,6.7,48,114,162,104,267,371,False,False,False,False,False,False
2000-01-01 00:02:33,23.8,52.8,7.2,4.2,0.7,7.2,24,138,162,104,267,371,False,False,False,False,False,False
2000-01-01 00:02:35,23.8,52.8,6.7,4.0,0.7,6.7,32,129,162,104,267,371,False,False,False,False,False,False
2000-01-01 00:02:37,23.8,52.8,6.8,4.0,0.7,6.8,40,121,162,104,267,371,False,False,False,False,False,False
2000-01-01 00:02:39,23.8,52.7,6.7,4.0,0.7,6.7,49,113,162,104,267,371,False,False,False,False,False,False
2000-01-01 00:02:41,23.8,52.8,6.9,4.1,0.7,6.9,24,137,162,104,267,371,False,False,False,False,False,False
2000-01-01 00:02:43,23.8,52.7,7.0,4.2,0.7,7.0,33,129,162,104,267,371,False,False,False,False,False,False
2000-01-01 00:02:45,23.8,52.8,6.8,4.1,0.7,6.8,41,121,162,104,267,371,False,False,False,False,False,False
2000-01-01 00:02:47,23.8,52.7,6.7,4.0,0.7,6.7,49,113,162,104,267,371,False,False,False,False,False,False
2000-01-01 00:02:49,23.8,52.7,6.9,4.1,0.7,6.9,25,137,162,104,267,371,False,False,False,False,False,False
2000-01-01 00:02:51,23.8,52.7,6.8,4.0,0.7,6.8,33,129,162,104,267,371,False,False,False,False,False,False
2000-01-01 00:02:53,23.8,52.6,7.1,4.2,0.7,7.1,41,120,162,104,267,371,False,False,False,False,False,False
2000-01-01 00:02:55,23.8,52.7,6.8,4.0,0.7,6.8,50,112,162,104,267,371,False,False,False,False,False,False
2000-01-01 00:02:57,23.8,52.6,6.9,4.1,0.7,6.9,27,135,162,104,267,371,False,False,False,False,False,False
2000-01-01 00:02:59,23.8,52.7,6.8,4.0,0.7,6.8,35,127,162,104,267,371,False,False,False,False,False,False
2000-01-01 00:03:01,23.8,52.7,6.8,4.1,0.7,6.8,43,119,162,104,267,371,False,False,False,False,False,False
2000-01-01 00:03:03,23.8,52.7,7.1,4.2,0.7,7.1,51,110,162,104,267,371,False,False,False,False,False,False
2000-01-01 00:03:05,23.8,52.7,6.9,4.1,0.7,6.9,27,134,162,104,267,371,False,False,False,False,False,False
2000-01-01 00:03:07,23.8,52.6,6.8,4.1,0.7,6.8,36,126,162,104,267,371,False,False,False,False,False,False
2000-01-01 00:03:09,23.8,52.6,6.8,4.0,0.7,6.8,44,118,162,104,267,371,False,False,False,False,False,False
2000-01-01 00:03:11,23.8,52.6,6.8,4.0,0.7,6.8,52,110,162,104,267,371,False,False,False,False,False,False
2000-01-01 00:03:13,23.8,52.7,7.2,4.3,0.7,7.2,29,133,162,104,267,371,False,False,False,False,False,False
2000-01-01 00:03:15,23.8,52.6,6.8,4.1,0.7,6.8,37,125,162,104,267,371,False,False,False,False,False,False
2000-01-01 00:03:17,23.8,52.6,6.8,4.0,0.7,6.8,45,117,162,104,267,371,False,False,False,False,False,False
2000-01-01 00:03:19,23.8,52.6,6.8,4.0,0.7,6.8,53,108,162,104,267,371,False,False,False,False,False,False
2000-01-01 00:03:21,23.8,52.7,6.9,4.1,0.7,6.9,30,132,162,104,267,371,False,False,False,False,False,False
2000-01-01 00:03:23,23.8,52.7,7.1,4.2,0.7,7.1,38,124,162,104,267,371,False,False,False,False,False,False
2000-01-01 00:03:25,23.8,52.7,6.8,4.0,0.7,6.8,46,116,162,104,267,371,False,False,False,False,False,False
2000-01-01 00:03:27,23.8,52.7,6.8,4.0,0.7,6.8,23,139,162,104,267,371,False,False,False,False,False,False
2000-01-01 00:03:29,23.8,52.7,6.9,4.1,0.7,6.9,31,131,162,104,267,371,False,False,False,False,False,False
2000-01-01 00:03:31,23.8,52.7,6.8,4.1,0.7,6.8,39,122,162,104,267,371,False,False,False,False,False,False
2000-01-01 00:03:33,23.8,52.7,6.8,4.1,0.7,6.8,48,114,162,104,267,371,False,False,False,False,False,False
2000-01-01 00:03:35,23.8,52.7,6.9,4.1,0.7,6.9,24,138,162,104,267,371,False,False,False,False,False,False
2000-01-01 00:03:37,23.8,52.8,6.8,4.0,0.7,6.8,32,130,162,104,267,371,False,False,False,False,False,False
2000-01-01 00:03:39,23.8,52.8,6.8,4.0,0.7,6.8,40,121,162,104,267,371,False,False,False,False,False,False
2000-01-01 00:03:41,23.8,52.8,7.0,4.2,0.7,7.0,48,113,162,104,267,371,False,False,False,False,False,False
2000-01-01 00:03:43,23.8,52.9,6.9,4.1,0.7,6.9,24,138,162,104,267,371,False,False,False,False,False,False
2000-01-01 00:03:45,23.8,53.0,6.8,4.0,0.7,6.8,32,129,162,104,267,371,False,False,False,False,False,False
2000-01-01 00:03:47,23.8,53.0,7.3,4.3,0.7,7.3,41,121,162,104,267,371,False,False,False,False,False,False
2000-01-01 00:03:49,23.8,52.9,6.7,4.0,0.7,6.7,49,113,162,104,267,371,False,False,False,False,False,False
2000-01-01 00:03:51,23.8,53.1,7.2,4.2,0.7,7.2,25,137,162,104,267,371,False,False,False,False,False,False
2000-01-01 00:03:53,23.8,53.2,6.8,4.0,0.7,6.8,33,129,162,104,267,371,False,False,False,False,False,False
2000-01-01 00:03:55,23.8,53.3,6.8,4.0,0.7,6.8,41,120,162,104,267,371,False,False,False,False,False,False
2000-01-01 00:03:57,23.8,53.3,6.7,4.0,0.7,6.7,50,112,162,104,267,371,False,False,False,False,False,False
2000-01-01 00:03:59,23.8,53.4,6.9,4.1,0.7,6.9,25,136,162,104,267,371,False,False,False,False,False,False
2000-01-01 00:04:01,23.8,53.4,7.1,4.2,0.7,7.1,34,128,162,104,267,371,False,False,False,False,False,False
2000-01-01 00:04:03,23.8,53.3,6.8,4.0,0.7,6.8,42,120,162,104,267,371,False,False,False,False,False,False
2000-01-01 00:04:05,23.8,53.2,6.7,4.0,0.7,6.7,50,112,162,104,267,371,False,False,False,False,False,False
2000-01-01 00:04:07,23.8,53.1,6.9,4.1,0.7,6.9,27,135,162,104,267,371,False,False,False,False,False,False
2000-01-01 00:04:09,23.8,53.1,6.8,4.0,0.7,6.8,35,127,162,104,267,371,False,False,False,False,False,False
2000-01-01 00:04:11,23.8,53.4,7.1,4.2,0.7,7.1,43,119,162,104,267,371,False,False,False,False,False,False
2000-01-01 00:04:13,23.8,53.4,6.7,4.0,0.7,6.7,51,110,162,104,267,371,False,False,False,False,False,False
2000-01-01 00:04:15,23.8,53.3,6.9,4.1,0.7,6.9,29,133,162,104,267,371,False,False,False,False,False,False
2000-01-01 00:04:17,23.8,53.2,6.8,4.1,0.7,6.8,37,125,162,104,267,371,False,False,False,False,False,False
2000-01-01 00:04:19,23.8,53.1,6.7,4.0,0.7,6.7,45,117,162,104,267,371,False,False,False,False,False,False
2000-01-01 00:04:21,23.8,53.0,7.6,4.5,0.7,7.6,53,108,162,104,267,371,False,False,False,False,False,False
2000-01-01 00:04:23,23.8,52.9,6.9,4.1,0.7,6.9,29,133,162,104,267,371,False,False,False,False,False,False
2000-01-01 00:04:25,23.8,52.9,6.8,4.1,0.7,6.8,37,125,162,104,267,371,False,False,False,False,False,False
2000-01-01 00:04:27,23.9,52.8,7.5,4.4,0.7,7.5,45,117,162,104,267,371,False,False,False,False,False,False
2000-01-01 00:04:29,23.9,52.7,6.7,4.0,0.7,6.7,53,108,162,104,267,371,False,False,False,False,False,False
2000-01-01 00:04:31,23.8,52.7,7.2,4.2,0.7,7.2,30,132,162,104,267,371,False,False,False,False,False,False
2000-01-01 00:04:33,23.8,52.7,6.8,4.1,0.7,6.8,38,124,162,104,267,371,False,False,False,False,False,False
2000-01-01 00:04:35,23.9,52.7,6.8,4.0,0.7,6.8,46,116,162,104,267,371,False,False,False,False,False,False
2000-01-01 00:04:37,23.8,52.7,6.7,4.0,0.7,6.7,23,139,162,104,267,371,False,False,False,False,False,False
2000-01-01 00:04:39,23.9,52.7,6.9,4.1,0.7,6.9,31,131,162,104,267,371,False,False,False,False,False,False
2000-01-01 00:04:41,23.9,52.7,7.1,4.2,0.7,7.1,39,123,162,104,267,371,False,False,False,False,False,False
2000-01-01 00:04:43,23.9,52.7,6.7,4.0,0.7,6.7,47,114,162,104,267,371,False,False,False,False,False,False
2000-01-01 00:04:45,23.8,52.7,7.5,4.4,0.7,7.5,23,139,162,104,267,371,False,False,False,False,False,False
2000-01-01 00:04:47,23.9,52.6,6.1,3.7,0.7,6.1,31,131,162,104,267,371,False,False,False,False,False,False
2000-01-01 00:04:49,23.9,52.6,6.8,4.1,0.7,6.8,39,122,162,104,267,371,False,False,False,False,False,False
2000-01-01 00:04:51,23.9,52.6,7.1,4.2,0.7,7.1,48,114,162,104,267,371,False,False,False,False,False,False
2000-01-01 00:04:53,23.9,52.7,7.5,4.4,0.7,7.5,23,139,162,104,267,371,False,False,False,False,False,False
2000-01-01 00:04:55,23.9,52.7,6.2,3.7,0.7,6.2,31,130,162,104,267,371,False,False,False,False,False,False
2000-01-01 00:04:57,23.9,52.6,6.8,4.0,0.7,6.8,39,122,162,104,267,371,False,False,False,False,False,False
2000-01-01 00:04:59,23.8,52.7,7.1,4.2,0.7,7.1,48,114,162,104,267,371,False,False,False,False,False,False
2000-01-01 00:05:01,23.9,52.6,6.9,4.1,0.7,6.9,24,138,162,104,267,371,False,False,False,False,False,False
2000-01-01 00:05:03,23.8,52.6,6.8,4.0,0.7,6.8,32,130,162,104,267,371,False,False,False,False,False,False
2000-01-01 00:05:05,23.8,52.6,6.8,4.0,0.7,6.8,40,121,162,104,267,371,False,False,False,False,False,False
2000-01-01 00:05:07,23.9,52.6,6.8,4.0,0.7,6.8,48,113,162,104,267,371,False,False,False,False,False,False
2000-01-01 00:05:09,23.8,52.5,7.0,4.2,0.7,7.0,24,138,162,104,267,371,False,False,False,False,False,False
2000-01-01 00:05:11,23.8,52.5,6.8,4.0,0.7,6.8,32,129,162,104,267,371,False,False,False,False,False,False
2000-01-01 00:05:13,23.9,52.6,6.8,4.1,0.7,6.8,41,121,162,104,267,371,False,False,False,False,False,False
2000-01-01 00:05:15,23.9,52.6,7.5,4.4,0.7,7.5,49,113,162,104,267,371,False,False,False,False,False,False
2000-01-01 00:05:17,23.8,52.6,6.9,4.1,0.7,6.9,25,137,162,104,267,371,False,False,False,False,False,False
2000-01-01 00:05:19,23.8,52.7,7.1,4.2,0.7,7.1,33,129,162,104,267,371,False,False,False,False,False,False
2000-01-01 00:05:21,23.8,52.7,6.8,4.0,0.7,6.8,41,120,162,104,267,371,False,False,False,False,False,False
2000-01-01 00:05:23,23.9,52.8,6.8,4.0,0.7,6.8,50,112,162,104,267,371,False,False,False,False,False,False
2000-01-01 00:05:25,23.8,52.8,6.9,4.1,0.7,6.9,25,136,162,104,267,371,False,False,False,False,False,False
2000-01-01 00:05:27,23.9,52.8,6.8,4.0,0.7,6.8,34,128,162,104,267,371,False,False,False,False,False,False
2000-01-01 00:05:29,23.8,52.7,7.1,4.2,0.7,7.1,42,120,162,104,267,371,False,False,False,False,False,False
2000-01-01 00:05:31,23.8,52.8,6.8,4.0,0.7,6.8,50,112,162,104,267,371,False,False,False,False,False,False
2000-01-01 00:05:33,23.9,52.8,6.9,4.1,0.7,6.9,27,135,162,104,267,371,False,False,False,False,False,False
2000-01-01 00:05:35,23.9,52.8,6.8,4.0,0.7,6.8,35,127,162,104,267,371,False,False,False,False,False,False
2000-01-01 00:05:37,23.8,52.8,7.3,4.3,0.7,7.3,43,119,162,104,267,371,False,False,False,False,False,False
2000-01-01 00:05:39,23.8,52.7,7.0,4.2,0.7,7.0,51,110,162,104,267,371,False,False,False,False,False,False
2000-01-01 00:05:41,23.8,52.7,6.9,4.1,0.7,6.9,29,133,162,104,267,371,False,False,False,False,False,False
2000-01-01 00:05:43,23.9,52.6,6.8,4.1,0.7,6.8,37,125,162,104,267,371,False,False,False,False,False,False
2000-01-01 00:05:45,23.9,52.6,6.8,4.0,0.7,6.8,45,117,162,104,267,371,False,False,False,False,False,False
2000-01-01 00:05:47,23.8,52.6,6.8,4.0,0.7,6.8,53,108,162,104,267,371,False,False,False,False,False,False
2000-01-01 00:05:49,23.8,52.7,7.2,4.3,0.7,7.2,30,132,162,104,267,371,False,False,False,False,False,False
2000-01-01 00:05:51,23.8,52.7,6.8,4.1,0.7,6.8,38,124,162,104,267,371,False,False,False,False,False,False
2000-01-01 00:05:53,23.8,52.6,6.8,4.0,0.7,6.8,46,116,162,104,267,371,False,False,False,False,False,False
2000-01-01 00:05:55,23.8,52.6,6.8,4.0,0.7,6.8,23,139,162,104,267,371,False,False,False,False,False,False
2000-01-01 00:05:57,23.8,52.6,6.9,4.1,0.7,6.9,31,131,162,104,267,371,False,False,False,False,False,False
2000-01-01 00:05:59,23.8,52.6,7.1,4.2,0.7,7.1,39,123,162,104,267,371,False,False,False,False,False,False
2000-01-01 00:06:01,23.8,52.6,6.8,4.0,0.7,6.8,47,114,162,104,267,371,False,False,False,False,False,False
2000-01-01 00:06:03,23.8,52.6,7.5,4.4,0.7,7.5,23,139,162,104,267,371,False,False,False,False,False,False
2000-01-01 00:06:05,23.8,52.6,6.1,3.7,0.7,6.1,31,130,162,104,267,371,False,False,False,False,False,False
2000-01-01 00:06:07,23.8,52.7,6.8,4.0,0.7,6.8,40,122,162,104,267,371,False,False,False,False,False,False
2000-01-01 00:06:09,23.8,52.7,7.1,4.2,0.7,7.1,48,114,162,104,267,371,False,False,False,False,False,False
2000-01-01 00:06:11,23.8,52.7,6.9,4.1,0.7,6.9,24,138,162,104,267,371,False,False,False,False,False,False
2000-01-01 00:06:13,23.8,52.8,6.8,4.1,0.7,6.8,32,130,162,104,267,371,False,False,False,False,False,False
2000-01-01 00:06:15,23.8,52.8,6.8,4.0,0.7,6.8,40,121,162,104,267,371,False,False,False,False,False,False
2000-01-01 00:06:17,23.8,52.8,7.0,4.2,0.7,7.0,49,113,162,104,267,371,False,False,False,False,False,False
2000-01-01 00:06:19,23.8,52.8,6.9,4.1,0.7,6.9,24,137,162,104,267,371,False,False,False,False,False,False
2000-01-01 00:06:21,23.8,52.8,6.8,4.0,0.7,6.8,32,129,162,104,267,371,False,False,False,False,False,False
2000-01-01 00:06:23,23.8,52.8,6.8,4.0,0.7,6.8,41,121,162,104,267,371,False,False,False,False,False,False
2000-01-01 00:06:25,23.8,52.7,6.7,4.0,0.7,6.7,49,113,162,104,267,371,False,False,False,False,False,False
2000-01-01 00:06:27,23.8,52.7,7.2,4.3,0.7,7.2,25,137,162,104,267,371,False,False,False,False,False,False
2000-01-01 00:06:29,23.8,52.7,6.8,4.0,0.7,6.8,33,129,162,104,267,371,False,False,False,False,False,False
2000-01-01 00:06:31,23.8,52.7,6.8,4.1,0.7,6.8,41,120,162,104,267,371,False,False,False,False,False,False
2000-01-01 00:06:33,23.8,52.7,6.8,4.0,0.7,6.8,50,112,162,104,267,371,False,False,False,False,False,False
2000-01-01 00:06:35,23.8,52.6,6.9,4.1,0.7,6.9,25,136,162,104,267,371,False,False,False,False,False,False
2000-01-01 00:06:37,23.8,52.6,7.1,4.2,0.7,7.1,34,128,162,104,267,371,False,False,False,False,False,False
2000-01-01 00:06:39,23.8,52.6,6.8,4.0,0.7,6.8,42,120,162,104,267,371,False,False,False,False,False,False
2000-01-01 00:06:41,23.8,52.7,6.8,4.0,0.7,6.8,50,112,162,104,267,371,False,False,False,False,False,False
2000-01-01 00:06:43,23.8,52.6,6.9,4.1,0.7,6.9,27,135,162,104,267,371,False,False,False,False,False,False
2000-01-01 00:06:45,23.8,52.7,6.8,4.1,0.7,6.8,35,127,162,104,267,371,False,False,False,False,False,False
2000-01-01 00:06:47,23.8,52.6,7.1,4.2,0.7,7.1,43,119,162,104,267,371,False,False,False,False,False,False
2000-01-01 00:06:49,23.8,52.7,6.8,4.0,0.7,6.8,51,110,162,104,267,371,False,False,False,False,False,False
2000-01-01 00:06:51,23.8,52.7,6.9,4.1,0.7,6.9,27,134,162,104,267,371,False,False,False,False,False,False
2000-01-01 00:06:53,23.8,52.6,6.8,4.1,0.7,6.8,36,126,162,104,267,371,False,False,False,False,False,False
2000-01-01 00:06:55,23.8,52.7,6.8,4.0,0.7,6.8,44,118,162,104,267,371,False,False,False,False,False,False
2000-01-01 00:06:57,23.8,52.6,7.1,4.2,0.7,7.1,52,110,162,104,267,371,False,False,False,False,False,False
2000-01-01 00:06:59,23.8,52.7,6.9,4.1,0.7,6.9,29,133,162,104,267,371,False,False,False,False,False,False
2000-01-01 00:07:01,23.8,52.7,6.8,4.1,0.7,6.8,37,125,162,104,267,371,False,False,False,False,False,False
2000-01-01 00:07:03,23.8,52.7,6.8,4.0,0.7,6.8,45,117,162,104,267,371,False,False,False,False,False,False
2000-01-01 00:07:05,23.8,52.7,6.8,4.0,0.7,6.8,53,108,162,104,267,371,False,False,False,False,False,False
2000-01-01 00:07:07,23.8,52.7,7.2,4.3,0.7,7.2,30,132,162,104,267,371,False,False,False,False,False,False
2000-01-01 00:07:09,23.8,52.7,6.8,4.1,0.7,6.8,38,124,162,104,267,371,False,False,False,False,False,False
2000-01-01 00:07:11,23.8,52.7,6.8,4.0,0.7,6.8,46,116,162,104,267,371,False,False,False,False,False,False
2000-01-01 00:07:13,23.8,52.7,6.8,4.0,0.7,6.8,23,139,162,104,267,371,False,False,False,False,False,False
2000-01-01 00:07:15,23.8,52.7,6.9,4.1,0.7,6.9,31,131,162,104,267,371,False,False,False,False,False,False
2000-01-01 00:07:17,23.8,52.6,7.1,4.2,0.7,7.1,39,123,162,104,267,371,False,False,False,False,False,False
2000-01-01 00:07:19,23.8,52.7,6.8,4.0,0.7,6.8,47,114,162,104,267,371,False,False,False,False,False,False
2000-01-01 00:07:21,23.8,52.7,7.5,4.4,0.7,7.5,23,139,162,104,267,371,False,False,False,False,False,False
2000-01-01 00:07:23,23.8,52.7,6.1,3.7,0.7,6.1,31,131,162,104,267,371,False,False,False,False,False,False
2000-01-01 00:07:25,23.8,52.7,6.8,4.1,0.7,6.8,39,122,162,104,267,371,False,False,False,False,False,False
2000-01-01 00:07:27,23.8,52.7,7.6,4.5,0.7,7.6,48,114,162,104,267,371,False,False,False,False,False,False
2000-01-01 00:07:29,23.8,52.8,7.5,4.4,0.7,7.5,23,139,162,104,267,371,False,False,False,False,False,False
2000-01-01 00:07:31,23.8,52.8,6.2,3.7,0.7,6.2,31,130,162,104,267,371,False,False,False,False,False,False
2000-01-01 00:07:33,23.7,52.7,6.8,4.0,0.7,6.8,39,122,162,104,267,371,False,False,False,False,False,False
2000-01-01 00:07:35,23.8,52.6,7.1,4.2,0.7,7.1,48,114,162,104,267,371,False,False,False,False,False,False
2000-01-01 00:07:37,23.8,52.7,6.9,4.1,0.7,6.9,24,138,162,104,267,371,False,False,False,False,False,False
2000-01-01 00:07:39,23.8,52.6,6.8,4.1,0.7,6.8,32,130,162,104,267,371,False,False,False,False,False,False
2000-01-01 00:07:41,23.8,52.6,6.8,4.1,0.7,6.8,40,121,162,104,267,371,False,False,False,False,False,False
2000-01-01 00:07:43,23.8,52.6,6.8,4.0,0.7,6.8,48,113,162,104,267,371,False,False,False,False,False,False
2000-01-01 00:07:45,23.8,52.5,7.2,4.3,0.7,7.2,24,138,162,104,267,371,False,False,False,False,False,False
2000-01-01 00:07:47,23.8,52.5,6.8,4.0,0.7,6.8,32,129,162,104,267,371,False,False,False,False,False,False
2000-01-01 00:07:49,23.8,52.6,6.8,4.0,0.7,6.8,41,121,162,104,267,371,False,False,False,False,False,False
2000-01-01 00:07:51,23.8,52.5,6.8,4.0,0.7,6.8,49,113,162,104,267,371,False,False,False,False,False,False
2000-01-01 00:07:53,23.8,52.5,6.9,4.1,0.7,6.9,25,137,162,104,267,371,False,False,False,False,False,False
2000-01-01 00:07:55,23.8,52.5,7.1,4.2,0.7,7.1,33,129,162,104,267,371,False,False,False,False,False,False
2000-01-01 00:07:57,23.8,52.5,6.8,4.0,0.7,6.8,41,120,162,104,267,371,False,False,False,False,False,False
2000-01-01 00:07:59,23.8,52.5,6.8,4.0,0.7,6.8,50,112,162,104,267,371,False,False,False,False,False,False
2000-01-01 00:08:01,23.7,52.5,6.9,4.1,0.7,6.9,25,136,162,104,267,371,False,False,False,False,False,False
2000-01-01 00:08:03,23.8,52.4,6.8,4.1,0.7,6.8,34,128,162,104,267,371,False,False,False,False,False,False
2000-01-01 00:08:05,23.7,52.4,7.1,4.2,0.7,7.1,42,120,162,104,267,371,False,False,False,False,False,False
2000-01-01 00:08:07,23.7,52.5,6.8,4.0,0.7,6.8,50,112,162,104,267,371,False,False,False,False,False,False
2000-01-01 00:08:09,23.8,52.4,6.9,4.1,0.7,6.9,27,135,162,104,267,371,False,False,False,False,False,False
2000-01-01 00:08:11,23.8,52.4,6.8,4.1,0.7,6.8,35,127,162,104,267,371,False,False,False,False,False,False
2000-01-01 00:08:13,23.8,52.4,6.8,4.0,0.7,6.8,43,119,162,104,267,371,False,False,False,False,False,False
2000-01-01 00:08:15,23.8,52.4,7.1,4.2,0.7,7.1,51,110,162,104,267,371,False,False,False,False,False,False
2000-01-01 00:08:17,23.8,52.4,6.9,4.1,0.7,6.9,29,133,162,104,267,371,False,False,False,False,False,False
2000-01-01 00:08:19,23.7,52.4,6.8,4.1,0.7,6.8,37,125,162,104,267,371,False,False,False,False,False,False
2000-01-01 00:08:21,23.7,52.4,6.8,4.0,0.7,6.8,45,117,162,104,267,371,False,False,False,False,False,False
2000-01-01 00:08:23,23.7,52.5,6.8,4.0,0.7,6.8,53,108,162,104,267,371,False,False,False,False,False,False
2000-01-01 00:08:25,23.7,52.5,8.0,4.6,0.7,8.0,30,132,162,104,267,371,False,False,False,False,False,False
2000-01-01 00:08:27,23.7,52.5,6.8,4.1,0.7,6.8,38,124,162,104,267,371,False,False,False,False,False,False
2000-01-01 00:08:29,23.7,52.5,6.8,4.0,0.7,6.8,46,116,162,104,267,371,False,False,False,False,False,False
2000-01-01 00:08:31,23.8,52.5,6.8,4.0,0.7,6.8,23,139,162,104,267,371,False,False,False,False,False,False
2000-01-01 00:08:33,23.7,52.4,6.9,4.1,0.7,6.9,31,131,162,104,267,371,False,False,False,False,False,False
2000-01-01 00:08:35,23.7,52.4,7.1,4.2,0.7,7.1,39,122,162,104,267,371,False,False,False,False,False,False
2000-01-01 00:08:37,23.7,52.4,6.7,4.0,0.7,6.7,47,114,162,104,267,371,False,False,False,False,False,False
2000-01-01 00:08:39,23.8,52.4,7.5,4.4,0.7,7.5,23,139,162,104,267,371,False,False,False,False,False,False
2000-01-01 00:08:41,23.7,52.4,6.1,3.7,0.7,6.1,31,131,162,104,267,371,False,False,False,False,False,False
2000-01-01 00:08:43,23.8,52.4,6.8,4.0,0.7,6.8,39,122,162,104,267,371,False,False,False,False,False,False
2000-01-01 00:08:45,23.7,52.4,7.1,4.2,0.7,7.1,48,114,162,104,267,371,False,False,False,False,False,False
2000-01-01 00:08:47,23.8,52.5,6.9,4.1,0.7,6.9,24,138,162,104,267,371,False,False,False,False,False,False
2000-01-01 00:08:49,23.7,52.6,6.8,4.0,0.7,6.8,32,130,162,104,267,371,False,False,False,False,False,False
2000-01-01 00:08:51,23.8,52.6,6.8,4.0,0.7,6.8,40,121,162,104,267,371,False,False,False,False,False,False
2000-01-01 00:08:53,23.7,52.7,7.1,4.2,0.7,7.1,48,113,162,104,267,371,False,False,False,False,False,False
2000-01-01 00:08:55,23.8,52.6,6.9,4.1,0.7,6.9,24,138,162,104,267,371,False,False,False,False,False,False
2000-01-01 00:08:57,23.8,52.6,6.8,4.0,0.7,6.8,32,129,162,104,267,371,False,False,False,False,False,False
2000-01-01 00:08:59,23.8,52.6,6.8,4.1,0.7,6.8,41,121,162,104,267,371,False,False,False,False,False,False
2000-01-01 00:09:01,23.8,52.5,6.8,4.0,0.7,6.8,49,113,162,104,267,371,False,False,False,False,False,False
2000-01-01 00:09:03,23.7,52.5,7.2,4.3,0.7,7.2,25,137,162,104,267,371,False,False,False,False,False,False
2000-01-01 00:09:05,23.7,52.5,6.8,4.0,0.7,6.8,33,129,162,104,267,371,False,False,False,False,False,False
2000-01-01 00:09:07,23.8,52.6,6.8,4.0,0.7,6.8,41,120,162,104,267,371,False,False,False,False,False,False
2000-01-01 00:09:09,23.7,52.5,6.8,4.0,0.7,6.8,50,112,162,104,267,371,False,False,False,False,False,False
2000-01-01 00:09:11,23.7,52.4,6.9,4.1,0.7,6.9,25,136,162,104,267,371,False,False,False,False,False,False
2000-01-01 00:09:13,23.8,52.4,7.9,4.6,0.7,7.9,34,128,162,104,267,371,False,False,False,False,False,False
2000-01-01 00:09:15,23.8,52.5,6.8,4.0,0.7,6.8,42,120,162,104,267,371,False,False,False,False,False,False
2000-01-01 00:09:17,23.8,52.5,7.3,4.3,0.7,7.3,50,112,162,104,267,371,False,False,False,False,False,False
2000-01-01 00:09:19,23.8,52.5,6.9,4.1,0.7,6.9,27,135,162,104,267,371,False,False,False,False,False,False
2000-01-01 00:09:21,23.8,52.6,6.8,4.1,0.7,6.8,35,127,162,104,267,371,False,False,False,False,False,False
2000-01-01 00:09:23,23.8,52.6,7.1,4.2,0.7,7.1,43,119,162,104,267,371,False,False,False,False,False,False
2000-01-01 00:09:25,23.8,52.6,6.8,4.0,0.7,6.8,51,110,162,104,267,371,False,False,False,False,False,False
2000-01-01 00:09:27,23.8,52.6,6.9,4.1,0.7,6.9,29,133,162,104,267,371,False,False,False,False,False,False
2000-01-01 00:09:29,23.8,52.6,6.8,4.1,0.7,6.8,37,125,162,104,267,371,False,False,False,False,False,False
2000-01-01 00:09:31,23.7,52.6,6.8,4.0,0.7,6.8,45,117,162,104,267,371,False,False,False,False,False,False
2000-01-01 00:09:33,23.8,52.7,7.1,4.2,0.7,7.1,53,108,162,104,267,371,False,False,False,False,False,False
2000-01-01 00:09:35,23.8,53.0,6.9,4.1,0.7,6.9,29,133,162,104,267,371,False,False,False,False,False,False
2000-01-01 00:09:37,23.8,53.6,6.8,4.0,0.7,6.8,37,125,162,104,267,371,False,False,False,False,False,False
2000-01-01 00:09:39,23.8,53.8,6.7,4.0,0.7,6.7,45,117,162,104,267,371,False,False,False,False,False,False
2000-01-01 00:09:41,23.8,53.8,6.7,4.0,0.7,6.7,53,108,162,104,267,371,False,False,False,False,False,False
2000-01-01 00:09:43,23.8,53.8,7.2,4.2,0.7,7.2,30,132,162,104,267,371,False,False,False,False,False,False
2000-01-01 00:09:45,23.8,53.7,6.8,4.0,0.7,6.8,38,124,162,104,267,371,False,False,False,False,False,False
2000-01-01 00:09:47,23.8,53.6,6.7,4.0,0.7,6.7,46,116,162,104,267,371,False,False,False,False,False,False
2000-01-01 00:09:49,23.8,53.4,6.7,4.0,0.7,6.7,24,138,162,104,267,371,False,False,False,False,False,False
2000-01-01 00:09:51,23.7,53.2,6.9,4.1,0.7,6.9,32,130,162,104,267,371,False,False,False,False,False,False
2000-01-01 00:09:53,23.8,53.1,7.1,4.2,0.7,7.1,40,122,162,104,267,371,False,False,False,False,False,False
2000-01-01 00:09:55,23.7,53.1,6.7,4.0,0.7,6.7,48,113,162,104,267,371,False,False,False,False,False,False
2000-01-01 00:09:57,23.8,53.0,6.9,4.1,0.7,6.9,24,138,162,104,267,371,False,False,False,False,False,False
2000-01-01 00:09:59,23.8,53.0,6.7,4.0,0.7,6.7,32,129,162,104,267,371,False,False,False,False,False,False
2000-01-01 00:10:01,23.8,53.0,6.8,4.0,0.7,6.8,41,121,162,104,267,371,False,False,False,False,False,False
2000-01-01 00:10:03,23.7,53.0,7.0,4.2,0.7,7.0,49,113,162,104,267,371,False,False,False,False,False,False
2000-01-01 00:10:05,23.8,53.0,6.8,4.1,0.7,6.8,25,137,162,104,267,371,False,False,False,False,False,False
2000-01-01 00:10:07,23.8,53.0,6.7,4.0,0.7,6.7,33,129,162,104,267,371,False,False,False,False,False,False
2000-01-01 00:10:09,23.7,53.0,6.7,4.0,0.7,6.7,41,120,162,104,267,371,False,False,False,False,False,False
2000-01-01 00:10:11,23.7,53.0,7.0,4.2,0.7,7.0,50,112,162,104,267,371,False,False,False,False,False,False
2000-01-01 00:10:13,23.7,53.1,6.9,4.1,0.7,6.9,25,136,162,104,267,371,False,False,False,False,False,False
2000-01-01 00:10:15,23.8,53.1,6.8,4.0,0.7,6.8,34,128,162,104,267,371,False,False,False,False,False,False
2000-01-01 00:10:17,23.7,53.0,6.8,4.0,0.7,6.8,42,120,162,104,267,371,False,False,False,False,False,False
2000-01-01 00:10:19,23.7,53.1,6.7,4.0,0.7,6.7,50,112,162,104,267,371,False,False,False,False,False,False
2000-01-01 00:10:21,23.7,53.0,7.5,4.4,0.7,7.5,27,135,162,104,267,371,False,False,False,False,False,False
2000-01-01 00:10:23,23.8,53.0,6.8,4.1,0.7,6.8,35,127,162,104,267,371,False,False,False,False,False,False
2000-01-01 00:10:25,23.8,53.0,6.8,4.1,0.7,6.8,43,119,162,104,267,371,False,False,False,False,False,False
2000-01-01 00:10:27,23.7,53.0,6.8,4.1,0.7,6.8,51,110,162,104,267,371,False,False,False,False,False,False
2000-01-01 00:10:29,23.7,52.9,6.9,4.1,0.7,6.9,29,133,162,104,267,371,False,False,False,False,False,False
2000-01-01 00:10:31,23.7,52.9,7.1,4.2,0.7,7.1,37,125,162,104,267,371,False,False,False,False,False,False
2000-01-01 00:10:33,23.7,52.9,6.8,4.1,0.7,6.8,45,117,162,104,267,371,False,False,False,False,False,False
2000-01-01 00:10:35,23.7,52.8,6.8,4.1,0.7,6.8,53,108,162,104,267,371,False,False,False,False,False,False
2000-01-01 00:10:37,23.8,52.8,6.9,4.1,0.7,6.9,30,132,162,104,267,371,False,False,False,False,False,False
2000-01-01 00:10:39,23.7,52.8,6.8,4.1,0.7,6.8,38,124,162,104,267,371,False,False,False,False,False,False
2000-01-01 00:10:41,23.7,52.7,7.1,4.2,0.7,7.1,46,116,162,104,267,371,False,False,False,False,False,False
2000-01-01 00:10:43,23.7,52.6,6.8,4.1,0.7,6.8,23,139,162,104,267,371,False,False,False,False,False,False
2000-01-01 00:10:45,23.7,52.6,6.9,4.1,0.7,6.9,31,131,162,104,267,371,False,False,False,False,False,False
2000-01-01 00:10:47,23.8,52.6,6.8,4.1,0.7,6.8,39,123,162,104,267,371,False,False,False,False,False,False
2000-01-01 00:10:49,23.7,52.5,6.8,4.1,0.7,6.8,47,114,162,104,267,371,False,False,False,False,False,False
2000-01-01 00:10:51,23.7,52.5,7.9,4.6,0.7,7.9,23,139,162,104,267,371,False,False,False,False,False,False
2000-01-01 00:10:53,23.7,52.4,6.2,3.7,0.7,6.2,31,130,162,104,267,371,False,False,False,False,False,False
2000-01-01 00:10:55,23.7,52.4,6.8,4.1,0.7,6.8,40,122,162,104,267,371,False,False,False,False,False,False
2000-01-01 00:10:57,23.8,52.3,6.8,4.1,0.7,6.8,48,114,162,104,267,371,False,False,False,False,False,False
2000-01-01 00:10:59,23.8,52.3,6.9,4.1,0.7,6.9,24,138,162,104,267,371,False,False,False,False,False,False
2000-01-01 00:11:01,23.7,52.2,7.1,4.2,0.7,7.1,32,129,162,104,267,371,False,False,False,False,False,False
2000-01-01 00:11:03,23.8,52.3,6.8,4.1,0.7,6.8,40,121,162,104,267,371,False,False,False,False,False,False
2000-01-01 00:11:05,23.8,52.3,6.8,4.1,0.7,6.8,49,113,162,104,267,371,False,False,False,False,False,False
2000-01-01 00:11:07,23.8,52.4,6.9,4.1,0.7,6.9,24,137,162,104,267,371,False,False,False,False,False,False
2000-01-01 00:11:09,23.8,52.4,7.3,4.3,0.7,7.3,33,129,162,104,267,371,False,False,False,False,False,False
2000-01-01 00:11:11,23.8,52.4,7.1,4.2,0.7,7.1,41,121,162,104,267,371,False,False,False,False,False,False
2000-01-01 00:11:13,23.8,52.3,6.8,4.1,0.7,6.8,49,113,162,104,267,371,False,False,False,False,False,False
2000-01-01 00:11:15,23.8,52.4,6.9,4.1,0.7,6.9,25,137,162,104,267,371,False,False,False,False,False,False
2000-01-01 00:11:17,23.8,52.4,6.8,4.1,0.7,6.8,33,128,162,104,267,371,False,False,False,False,False,False
2000-01-01 00:11:19,23.8,52.5,6.8,4.1,0.7,6.8,41,120,162,104,267,371,False,False,False,False,False,False
2000-01-01 00:11:21,23.8,52.4,7.1,4.2,0.7,7.1,50,112,162,104,267,371,False,False,False,False,False,False
2000-01-01 00:11:23,23.8,52.5,6.9,4.1,0.7,6.9,27,135,162,104,267,371,False,False,False,False,False,False
2000-01-01 00:11:25,23.8,52.4,6.8,4.1,0.7,6.8,35,127,162,104,267,371,False,False,False,False,False,False
2000-01-01 00:11:27,23.8,52.5,6.8,4.1,0.7,6.8,43,119,162,104,267,371,False,False,False,False,False,False
2000-01-01 00:11:29,23.8,52.5,7.1,4.2,0.7,7.1,51,110,162,104,267,371,False,False,False,False,False,False
2000-01-01 00:11:31,23.8,52.5,6.9,4.1,0.7,6.9,29,133,162,104,267,371,False,False,False,False,False,False
2000-01-01 00:11:33,23.8,52.5,6.8,4.1,0.7,6.8,37,125,162,104,267,371,False,False,False,False,False,False
2000-01-01 00:11:35,23.8,52.6,6.8,4.1,0.7,6.8,45,117,162,104,267,371,False,False,False,False,False,False
2000-01-01 00:11:37,23.8,52.5,6.8,4.1,0.7,6.8,53,108,162,104,267,371,False,False,False,False,False,False
2000-01-01 00:11:39,23.8,52.6,7.2,4.3,0.7,7.2,30,132,162,104,267,371,False,False,False,False,False,False
2000-01-01 00:11:41,23.8,52.5,6.9,4.1,0.7,6.9,38,124,162,104,267,371,False,False,False,False,False,False
2000-01-01 00:11:43,23.8,52.5,6.8,4.1,0.7,6.8,46,116,162,104,267,371,False,False,False,False,False,False
2000-01-01 00:11:45,23.8,52.5,6.8,4.1,0.7,6.8,23,139,162,104,267,371,False,False,False,False,False,False
2000-01-01 00:11:47,23.8,52.5,6.9,4.1,0.7,6.9,31,131,162,104,267,371,False,False,False,False,False,False
2000-01-01 00:11:49,23.8,52.4,7.9,4.6,0.7,7.9,39,122,162,104,267,371,False,False,False,False,False,False
2000-01-01 00:11:51,23.8,52.4,6.8,4.1,0.7,6.8,47,114,162,104,267,371,False,False,False,False,False,False
2000-01-01 00:11:53,23.8,52.4,6.9,4.1,0.7,6.9,24,138,162,104,267,371,False,False,False,False,False,False
2000-01-01 00:11:55,23.8,52.4,6.8,4.1,0.7,6.8,32,130,162,104,267,371,False,False,False,False,False,False
2000-01-01 00:11:57,23.8,52.3,6.8,4.1,0.7,6.8,40,121,162,104,267,371,False,False,False,False,False,False
2000-01-01 00:11:59,23.8,52.3,7.1,4.2,0.7,7.1,49,113,162,104,267,371,False,False,False,False,False,False
2000-01-01 00:12:01,23.8,52.3,6.9,4.1,0.7,6.9,24,138,162,104,267,371,False,False,False,False,False,False
2000-01-01 00:12:03,23.8,52.3,6.8,4.1,0.7,6.8,32,129,162,104,267,371,False,False,False,False,False,False
2000-01-01 00:12:05,23.8,52.4,6.8,4.1,0.7,6.8,41,121,162,104,267,371,False,False,False,False,False,False
2000-01-01 00:12:07,23.8,52.4,6.8,4.1,0.7,6.8,49,113,162,104,267,371,False,False,False,False,False,False
2000-01-01 00:12:09,23.8,52.4,7.2,4.3,0.7,7.2,25,137,162,104,267,371,False,False,False,False,False,False
2000-01-01 00:12:11,23.8,52.4,6.8,4.1,0.7,6.8,33,129,162,104,267,371,False,False,False,False,False,False
2000-01-01 00:12:13,23.8,52.4,6.8,4.1,0.7,6.8,41,120,162,104,267,371,False,False,False,False,False,False
2000-01-01 00:12:15,23.8,52.4,6.8,4.1,0.7,6.8,50,112,162,104,267,371,False,False,False,False,False,False
2000-01-01 00:12:17,23.8,52.4,6.9,4.1,0.7,6.9,25,136,162,104,267,371,False,False,False,False,False,False
2000-01-01 00:12:19,23.8,52.3,7.1,4.2,0.7,7.1,34,128,162,104,267,371,False,False,False,False,False,False
2000-01-01 00:12:21,23.8,52.4,6.8,4.1,0.7,6.8,42,120,162,104,267,371,False,False,False,False,False,False
2000-01-01 00:12:23,23.8,52.4,7.6,4.5,0.7,7.6,50,112,162,104,267,371,False,False,False,False,False,False
2000-01-01 00:12:25,23.8,52.4,6.9,4.1,0.7,6.9,27,135,162,104,267,371,False,False,False,False,False,False
2000-01-01 00:12:27,23.8,52.4,6.8,4.1,0.7,6.8,35,127,162,104,267,371,False,False,False,False,False,False
2000-01-01 00:12:29,23.8,52.6,7.1,4.2,0.7,7.1,43,119,162,104,267,371,False,False,False,False,False,False
2000-01-01 00:12:31,23.8,52.7,6.8,4.1,0.7,6.8,51,110,162,104,267,371,False,False,False,False,False,False
2000-01-01 00:12:33,23.8,52.8,6.9,4.1,0.7,6.9,29,133,162,104,267,371,False,False,False,False,False,False
2000-01-01 00:12:35,23.8,52.8,6.8,4.1,0.7,6.8,37,125,162,104,267,371,False,False,False,False,False,False
2000-01-01 00:12:37,23.8,52.8,6.8,4.1,0.7,6.8,45,117,162,104,267,371,False,False,False,False,False,False
2000-01-01 00:12:39,23.8,52.9,7.1,4.2,0.7,7.1,53,108,162,104,267,371,False,False,False,False,False,False
2000-01-01 00:12:41,23.8,53.0,6.9,4.1,0.7,6.9,29,133,162,104,267,371,False,False,False,False,False,False
2000-01-01 00:12:43,23.8,52.9,6.8,4.1,0.7,6.8,37,125,162,104,267,371,False,False,False,False,False,False
2000-01-01 00:12:45,23.8,52.8,6.8,4.1,0.7,6.8,45,117,162,104,267,371,False,False,False,False,False,False
2000-01-01 00:12:47,23.8,52.7,7.1,4.2,0.7,7.1,53,108,162,104,267,371,False,False,False,False,False,False
2000-01-01 00:12:49,23.8,52.6,6.9,4.1,0.7,6.9,30,132,162,104,267,371,False,False,False,False,False,False
2000-01-01 00:12:51,23.8,52.5,6.8,4.1,0.7,6.8,38,124,162,104,267,371,False,False,False,False,False,False
2000-01-01 00:12:53,23.8,52.5,6.8,4.1,0.7,6.8,46,116,162,104,267,371,False,False,False,False,False,False
2000-01-01 00:12:55,23.8,52.5,6.8,4.1,0.7,6.8,23,139,162,104,267,371,False,False,False,False,False,False
2000-01-01 00:12:57,23.8,52.5,7.8,4.5,0.7,7.8,31,131,162,104,267,371,False,False,False,False,False,False
2000-01-01 00:12:59,23.8,52.5,6.8,4.1,0.7,6.8,39,123,162,104,267,371,False,False,False,False,False,False
2000-01-01 00:13:01,23.8,52.4,6.8,4.1,0.7,6.8,47,114,162,104,267,371,False,False,False,False,False,False
2000-01-01 00:13:03,23.8,52.4,7.6,4.4,0.7,7.6,23,139,162,104,267,371,False,False,False,False,False,False
2000-01-01 00:13:05,23.8,52.5,6.2,3.8,0.7,6.2,31,131,162,104,267,371,False,False,False,False,False,False
2000-01-01 00:13:07,23.8,52.5,7.1,4.2,0.7,7.1,39,122,162,104,267,371,False,False,False,False,False,False
2000-01-01 00:13:09,23.8,52.5,6.8,4.1,0.7,6.8,48,114,162,104,267,371,False,False,False,False,False,False
2000-01-01 00:13:11,23.8,52.4,8.3,4.8,0.7,8.3,23,139,162,104,267,371,False,False,False,False,False,False
2000-01-01 00:13:13,23.8,52.4,6.2,3.8,0.7,6.2,31,130,162,104,267,371,False,False,False,False,False,False
2000-01-01 00:13:15,23.8,52.4,6.8,4.1,0.7,6.8,39,122,162,104,267,371,False,False,False,False,False,False
2000-01-01 00:13:17,23.8,52.4,7.1,4.2,0.7,7.1,48,114,162,104,267,371,False,False,False,False,False,False
2000-01-01 00:13:19,23.8,52.4,6.9,4.1,0.7,6.9,24,138,162,104,267,371,False,False,False,False,False,False
2000-01-01 00:13:21,23.8,52.4,6.8,4.1,0.7,6.8,32,130,162,104,267,371,False,False,False,False,False,False
2000-01-01 00:13:23,23.8,52.5,6.8,4.1,0.7,6.8,40,121,162,104,267,371,False,False,False,False,False,False
2000-01-01 00:13:25,23.8,52.4,6.8,4.1,0.7,6.8,49,113,162,104,267,371,False,False,False,False,False,False
2000-01-01 00:13:27,23.8,52.4,7.2,4.3,0.7,7.2,24,137,162,104,267,371,False,False,False,False,False,False
2000-01-01 00:13:29,23.8,52.3,6.8,4.1,0.7,6.8,32,129,162,104,267,371,False,False,False,False,False,False
2000-01-01 00:13:31,23.8,52.3,6.8,4.1,0.7,6.8,41,121,162,104,267,371,False,False,False,False,False,False
2000-01-01 00:13:33,23.8,52.3,6.8,4.1,0.7,6.8,49,113,162,104,267,371,False,False,False,False,False,False
2000-01-01 00:13:35,23.8,52.2,6.9,4.1,0.7,6.9,25,137,162,104,267,371,False,False,False,False,False,False
2000-01-01 00:13:37,23.8,52.3,7.1,4.2,0.7,7.1,33,129,162,104,267,371,False,False,False,False,False,False
2000-01-01 00:13:39,23.8,52.3,6.8,4.1,0.7,6.8,41,120,162,104,267,371,False,False,False,False,False,False
2000-01-01 00:13:41,23.8,52.3,6.8,4.1,0.7,6.8,50,112,162,104,267,371,False,False,False,False,False,False
2000-01-01 00:13:43,23.8,52.3,6.9,4.1,0.7,6.9,25,136,162,104,267,371,False,False,False,False,False,False
2000-01-01 00:13:45,23.8,52.3,6.8,4.1,0.7,6.8,34,128,162,104,267,371,False,False,False,False,False,False
2000-01-01 00:13:47,23.8,52.4,7.1,4.2,0.7,7.1,42,120,162,104,267,371,False,False,False,False,False,False
2000-01-01 00:13:49,23.8,52.3,6.8,4.1,0.7,6.8,50,112,162,104,267,371,False,False,False,False,False,False
2000-01-01 00:13:51,23.8,52.4,6.9,4.1,0.7,6.9,27,135,162,104,267,371,False,False,False,False,False,False
2000-01-01 00:13:53,23.8,52.4,6.8,4.1,0.7,6.8,35,127,162,104,267,371,False,False,False,False,False,False
2000-01-01 00:13:55,23.8,52.4,6.8,4.1,0.7,6.8,43,119,162,104,267,371,False,False,False,False,False,False
2000-01-01 00:13:57,23.8,52.4,7.1,4.2,0.7,7.1,51,110,162,104,267,371,False,False,False,False,False,False
2000-01-01 00:13:59,23.8,52.3,6.9,4.1,0.7,6.9,30,132,162,104,267,371,False,False,False,False,False,False
2000-01-01 00:14:01,23.8,52.2,6.8,4.1,0.7,6.8,38,124,162,104,267,371,False,False,False,False,False,False
2000-01-01 00:14:03,23.8,52.3,6.8,4.1,0.7,6.8,46,116,162,104,267,371,False,False,False,False,False,False
2000-01-01 00:14:05,23.8,52.2,7.1,4.2,0.7,7.1,23,139,162,104,267,371,False,False,False,False,False,False
2000-01-01 00:14:07,23.8,52.3,6.9,4.1,0.7,6.9,31,131,162,104,267,371,False,False,False,False,False,False
2000-01-01 00:14:09,23.8,52.3,6.8,4.1,0.7,6.8,39,123,162,104,267,371,False,False,False,False,False,False
2000-01-01 00:14:11,23.8,52.3,6.8,4.1,0.7,6.8,47,114,162,104,267,371,False,False,False,False,False,False
2000-01-01 00:14:13,23.8,52.4,7.6,4.4,0.7,7.6,23,139,162,104,267,371,False,False,False,False,False,False
2000-01-01 00:14:15,23.8,52.4,6.5,3.9,0.7,6.5,31,131,162,104,267,371,False,False,False,False,False,False
2000-01-01 00:14:17,23.8,52.5,6.8,4.1,0.7,6.8,39,122,162,104,267,371,False,False,False,False,False,False
2000-01-01 00:14:19,23.8,52.5,6.8,4.1,0.7,6.8,48,114,162,104,267,371,False,False,False,False,False,False
2000-01-01 00:14:21,23.8,52.5,7.5,4.4,0.7,7.5,23,139,162,104,267,371,False,False,False,False,False,False
2000-01-01 00:14:23,23.8,52.5,6.2,3.8,0.7,6.2,31,130,162,104,267,371,False,False,False,False,False,False
2000-01-01 00:14:25,23.8,52.5,7.1,4.2,0.7,7.1,39,122,162,104,267,371,False,False,False,False,False,False
2000-01-01 00:14:27,23.8,52.6,6.8,4.1,0.7,6.8,48,114,162,104,267,371,False,False,False,False,False,False
2000-01-01 00:14:29,23.8,52.6,6.9,4.1,0.7,6.9,24,138,162,104,267,371,False,False,False,False,False,False
2000-01-01 00:14:31,23.8,52.6,6.8,4.1,0.7,6.8,32,130,162,104,267,371,False,False,False,False,False,False
2000-01-01 00:14:33,23.7,52.6,6.8,4.1,0.7,6.8,40,121,162,104,267,371,False,False,False,False,False,False
2000-01-01 00:14:35,23.8,52.6,7.1,4.2,0.7,7.1,49,113,162,104,267,371,False,False,False,False,False,False
2000-01-01 00:14:37,23.7,52.6,6.9,4.1,0.7,6.9,25,136,162,104,267,371,False,False,False,False,False,False
2000-01-01 00:14:39,23.8,52.7,6.8,4.1,0.7,6.8,33,128,162,104,267,371,False,False,False,False,False,False
2000-01-01 00:14:41,23.7,52.7,6.8,4.1,0.7,6.8,42,120,162,104,267,371,False,False,False,False,False,False
2000-01-01 00:14:43,23.7,52.7,6.8,4.1,0.7,6.8,50,112,162,104,267,371,False,False,False,False,False,False
2000-01-01 00:14:45,23.7,52.7,7.2,4.3,0.7,7.2,27,135,162,104,267,371,False,False,False,False,False,False
2000-01-01 00:14:47,23.7,52.8,7.3,4.3,0.7,7.3,35,127,162,104,267,371,False,False,False,False,False,False
2000-01-01 00:14:49,23.7,52.8,6.8,4.1,0.7,6.8,43,119,162,104,267,371,False,False,False,False,False,False
2000-01-01 00:14:51,23.7,52.7,6.8,4.1,0.7,6.8,51,110,162,104,267,371,False,False,False,False,False,False
2000-01-01 00:14:53,23.7,52.7,6.9,4.1,0.7,6.9,30,132,162,104,267,371,False,False,False,False,False,False
2000-01-01 00:14:55,23.7,52.7,7.1,4.2,0.7,7.1,38,124,162,104,267,371,False,False,False,False,False,False
2000-01-01 00:14:57,23.7,52.8,6.8,4.1,0.7,6.8,46,116,162,104,267,371,False,False,False,False,False,False
2000-01-01 00:14:59,23.7,52.8,6.8,4.1,0.7,6.8,23,139,162,104,267,371,False,False,False,False,False,False
2000-01-01 00:15:01,23.7,52.8,6.9,4.1,0.7,6.9,31,131,162,104,267,371,False,False,False,False,False,False
2000-01-01 00:15:03,23.7,52.8,6.8,4.1,0.7,6.8,39,122,162,104,267,371,False,False,False,False,False,False
2000-01-01 00:15:05,23.7,52.9,7.1,4.2,0.7,7.1,47,114,162,104,267,371,False,False,False,False,False,False
2000-01-01 00:15:07,23.7,52.8,6.9,4.1,0.7,6.9,24,138,162,104,267,371,False,False,False,False,False,False
2000-01-01 00:15:09,23.7,52.8,6.8,4.1,0.7,6.8,32,130,162,104,267,371,False,False,False,False,False,False
2000-01-01 00:15:11,23.7,52.8,6.8,4.1,0.7,6.8,40,121,162,104,267,371,False,False,False,False,False,False
2000-01-01 00:15:13,23.7,52.8,6.8,4.1,0.7,6.8,49,113,162,104,267,371,False,False,False,False,False,False
2000-01-01 00:15:15,23.7,52.9,7.2,4.3,0.7,7.2,24,138,162,104,267,371,False,False,False,False,False,False
2000-01-01 00:15:17,23.7,52.9,6.8,4.1,0.7,6.8,32,129,162,104,267,371,False,False,False,False,False,False
2000-01-01 00:15:19,23.6,52.9,6.8,4.1,0.7,6.8,41,121,162,104,267,371,False,False,False,False,False,False
2000-01-01 00:15:21,23.7,52.9,6.8,4.1,0.7,6.8,49,113,162,104,267,371,False,False,False,False,False,False
2000-01-01 00:15:23,23.7,52.9,7.2,4.3,0.7,7.2,24,137,162,104,267,371,False,False,False,False,False,False
2000-01-01 00:15:25,23.6,52.9,6.8,4.1,0.7,6.8,33,129,162,104,267,371,False,False,False,False,False,False
2000-01-01 00:15:27,23.7,53.0,6.8,4.1,0.7,6.8,41,121,162,104,267,371,False,False,False,False,False,False
2000-01-01 00:15:29,23.6,52.9,6.8,4.1,0.7,6.8,49,113,162,104,267,371,False,False,False,False,False,False
2000-01-01 00:15:31,23.6,52.9,6.9,4.1,0.7,6.9,25,137,162,104,267,371,False,False,False,False,False,False
2000-01-01 00:15:33,23.7,52.9,7.1,4.2,0.7,7.1,33,129,162,104,267,371,False,False,False,False,False,False
2000-01-01 00:15:35,23.6,52.9,6.8,4.1,0.7,6.8,41,120,162,104,267,371,False,False,False,False,False,False
2000-01-01 00:15:37,23.6,53.0,6.8,4.1,0.7,6.8,50,112,162,104,267,371,False,False,False,False,False,False
2000-01-01 00:15:39,23.6,53.0,6.9,4.1,0.7,6.9,27,135,162,104,267,371,False,False,False,False,False,False
2000-01-01 00:15:41,23.7,53.0,6.8,4.1,0.7,6.8,35,127,162,104,267,371,False,False,False,False,False,False
2000-01-01 00:15:43,23.6,53.0,7.1,4.2,0.7,7.1,43,119,162,104,267,371,False,False,False,False,False,False
2000-01-01 00:15:45,23.6,53.0,6.8,4.1,0.7,6.8,51,110,162,104,267,371,False,False,False,False,False,False
2000-01-01 00:15:47,23.6,53.0,6.9,4.1,0.7,6.9,27,134,162,104,267,371,False,False,False,False,False,False
2000-01-01 00:15:49,23.6,53.0,6.8,4.1,0.7,6.8,36,126,162,104,267,371,False,False,False,False,False,False
2000-01-01 00:15:51,23.6,53.0,6.8,4.1,0.7,6.8,44,118,162,104,267,371,False,False,False,False,False,False
2000-01-01 00:15:53,23.6,53.0,7.1,4.2,0.7,7.1,52,110,162,104,267,371,False,False,False,False,False,False
2000-01-01 00:15:55,23.6,53.0,6.9,4.1,0.7,6.9,29,133,162,104,267,371,False,False,False,False,False,False
2000-01-01 00:15:57,23.6,53.0,6.8,4.1,0.7,6.8,37,125,162,104,267,371,False,False,False,False,False,False
2000-01-01 00:15:59,23.6,52.9,6.8,4.1,0.7,6.8,45,117,162,104,267,371,False,False,False,False,False,False
2000-01-01 00:16:01,23.6,52.8,6.8,4.1,0.7,6.8,53,108,162,104,267,371,False,False,False,False,False,False
2000-01-01 00:16:03,23.6,52.7,7.2,4.3,0.7,7.2,29,133,162,104,267,371,False,False,False,False,False,False
2000-01-01 00:16:05,23.6,52.7,6.8,4.1,0.7,6.8,37,125,162,104,267,371,False,False,False,False,False,False
2000-01-01 00:16:07,23.6,52.7,6.8,4.1,0.7,6.8,45,117,162,104,267,371,False,False,False,False,False,False
2000-01-01 00:16:09,23.6,52.7,6.8,4.1,0.7,6.8,53,108,162,104,267,371,False,False,False,False,False,False
2000-01-01 00:16:11,23.6,52.7,6.9,4.1,0.7,6.9,30,132,162,104,267,371,False,False,False,False,False,False
2000-01-01 00:16:13,23.6,52.7,7.2,4.2,0.7,7.2,38,124,162,104,267,371,False,False,False,False,False,False
2000-01-01 00:16:15,23.6,52.7,6.8,4.1,0.7,6.8,46,116,162,104,267,371,False,False,False,False,False,False
2000-01-01 00:16:17,23.7,52.7,6.8,4.1,0.7,6.8,23,139,162,104,267,371,False,False,False,False,False,False
2000-01-01 00:16:19,23.6,52.8,6.9,4.1,0.7,6.9,31,131,162,104,267,371,False,False,False,False,False,False
2000-01-01 00:16:21,23.6,52.8,7.6,4.5,0.7,7.6,39,123,162,104,267,371,False,False,False,False,False,False
2000-01-01 00:16:23,23.6,52.8,7.1,4.2,0.7,7.1,47,114,162,104,267,371,False,False,False,False,False,False
2000-01-01 00:16:25,23.6,52.8,7.6,4.4,0.7,7.6,23,139,162,104,267,371,False,False,False,False,False,False
2000-01-01 00:16:27,23.6,52.8,6.2,3.8,0.7,6.2,31,130,162,104,267,371,False,False,False,False,False,False
2000-01-01 00:16:29,23.6,52.9,6.8,4.1,0.7,6.8,40,122,162,104,267,371,False,False,False,False,False,False
2000-01-01 00:16:31,23.6,52.9,6.8,4.1,0.7,6.8,48,114,162,104,267,371,False,False,False,False,False,False
2000-01-01 00:16:33,23.6,53.0,7.2,4.3,0.7,7.2,24,138,162,104,267,371,False,False,False,False,False,False
2000-01-01 00:16:35,23.6,53.0,6.8,4.1,0.7,6.8,32,129,162,104,267,371,False,False,False,False,False,False
2000-01-01 00:16:37,23.6,53.0,6.8,4.1,0.7,6.8,40,121,162,104,267,371,False,False,False,False,False,False
2000-01-01 00:16:39,23.6,52.9,7.3,4.3,0.7,7.3,49,113,162,104,267,371,False,False,False,False,False,False
2000-01-01 00:16:41,23.7,53.0,7.2,4.3,0.7,7.2,24,137,162,104,267,371,False,False,False,False,False,False
2000-01-01 00:16:43,23.7,52.9,6.8,4.1,0.7,6.8,33,129,162,104,267,371,False,False,False,False,False,False
2000-01-01 00:16:45,23.6,53.0,6.8,4.1,0.7,6.8,41,121,162,104,267,371,False,False,False,False,False,False
2000-01-01 00:16:47,23.6,52.9,6.8,4.1,0.7,6.8,49,113,162,104,267,371,False,False,False,False,False,False
2000-01-01 00:16:49,23.6,52.9,6.9,4.1,0.7,6.9,25,137,162,104,267,371,False,False,False,False,False,False
2000-01-01 00:16:51,23.6,53.0,7.1,4.2,0.7,7.1,33,129,162,104,267,371,False,False,False,False,False,False
2000-01-01 00:16:53,23.6,52.9,6.8,4.1,0.7,6.8,41,120,162,104,267,371,False,False,False,False,False,False
2000-01-01 00:16:55,23.6,53.0,6.8,4.1,0.7,6.8,50,112,162,104,267,371,False,False,False,False,False,False
2000-01-01 00:16:57,23.6,53.0,6.9,4.1,0.7,6.9,27,135,162,104,267,371,False,False,False,False,False,False
2000-01-01 00:16:59,23.6,53.0,6.8,4.1,0.7,6.8,35,127,162,104,267,371,False,False,False,False,False,False
2000-01-01 00:17:01,23.6,53.0,7.1,4.2,0.7,7.1,43,119,162,104,267,371,False,False,False,False,False,False
2000-01-01 00:17:03,23.6,53.0,6.8,4.1,0.7,6.8,51,110,162,104,267,371,False,False,False,False,False,False
2000-01-01 00:17:05,23.6,53.0,6.9,4.1,0.7,6.9,27,134,162,104,267,371,False,False,False,False,False,False
2000-01-01 00:17:07,23.6,53.0,6.8,4.1,0.7,6.8,36,126,162,104,267,371,False,False,False,False,False,False
2000-01-01 00:17:09,23.6,53.0,7.6,4.5,0.7,7.6,44,118,162,104,267,371,False,False,False,False,False,False
2000-01-01 00:17:11,23.6,53.0,7.1,4.2,0.7,7.1,52,110,162,104,267,371,False,False,False,False,False,False
2000-01-01 00:17:13,23.6,53.0,6.9,4.1,0.7,6.9,29,133,162,104,267,371,False,False,False,False,False,False
2000-01-01 00:17:15,23.6,53.0,6.8,4.1,0.7,6.8,37,125,162,104,267,371,False,False,False,False,False,False
2000-01-01 00:17:17,23.6,53.0,6.8,4.1,0.7,6.8,45,117,162,104,267,371,False,False,False,False,False,False
2000-01-01 00:17:19,23.6,53.0,6.8,4.1,0.7,6.8,53,108,162,104,267,371,False,False,False,False,False,False
2000-01-01 00:17:21,23.6,53.0,7.2,4.3,0.7,7.2,29,133,162,104,267,371,False,False,False,False,False,False
2000-01-01 00:17:23,23.6,53.0,6.8,4.1,0.7,6.8,37,125,162,104,267,371,False,False,False,False,False,False
2000-01-01 00:17:25,23.6,53.0,6.8,4.1,0.7,6.8,45,117,162,104,267,371,False,False,False,False,False,False
2000-01-01 00:17:27,23.6,53.0,6.8,4.1,0.7,6.8,53,108,162,104,267,371,False,False,False,False,False,False
2000-01-01 00:17:29,23.6,53.0,6.9,4.1,0.7,6.9,30,132,162,104,267,371,False,False,False,False,False,False
2000-01-01 00:17:31,23.6,53.1,7.1,4.2,0.7,7.1,38,124,162,104,267,371,False,False,False,False,False,False
2000-01-01 00:17:33,23.6,53.1,6.8,4.1,0.7,6.8,46,116,162,104,267,371,False,False,False,False,False,False
2000-01-01 00:17:35,23.6,53.1,6.8,4.1,0.7,6.8,23,139,162,104,267,371,False,False,False,False,False,False
2000-01-01 00:17:37,23.6,53.0,6.9,4.1,0.7,6.9,31,131,162,104,267,371,False,False,False,False,False,False
2000-01-01 00:17:39,23.6,53.0,6.8,4.1,0.7,6.8,39,123,162,104,267,371,False,False,False,False,False,False
2000-01-01 00:17:41,23.6,53.1,7.1,4.2,0.7,7.1,47,114,162,104,267,371,False,False,False,False,False,False
2000-01-01 00:17:43,23.6,53.0,7.5,4.4,0.7,7.5,23,139,162,104,267,371,False,False,False,False,False,False
2000-01-01 00:17:45,23.6,53.1,6.2,3.8,0.7,6.2,31,130,162,104,267,371,False,False,False,False,False,False
2000-01-01 00:17:47,23.6,53.1,6.8,4.1,0.7,6.8,40,122,162,104,267,371,False,False,False,False,False,False
2000-01-01 00:17:49,23.6,53.1,6.8,4.1,0.7,6.8,48,114,162,104,267,371,False,False,False,False,False,False
2000-01-01 00:17:51,23.6,53.1,7.2,4.3,0.7,7.2,24,138,162,104,267,371,False,False,False,False,False,False
2000-01-01 00:17:53,23.6,53.0,6.8,4.1,0.7,6.8,32,129,162,104,267,371,False,False,False,False,False,False
2000-01-01 00:17:55,23.6,52.9,0.0,0.0,0.0,0.0,41,121,162,104,267,371,False,False,False,False,False,False
2000-01-01 00:17:57,23.6,52.9,6.9,4.1,0.7,6.9,49,113,162,104,267,371,False,False,False,False,False,False
2000-01-01 00:17:59,23.5,52.9,7.2,4.3,0.7,7.2,25,137,162,104,267,371,False,False,False,False,False,False
2000-01-01 00:18:01,23.5,52.9,6.8,4.1,0.7,6.8,33,129,162,104,267,371,False,False,False,False,False,False
2000-01-01 00:18:03,23.5,52.8,6.8,4.1,0.7,6.8,41,120,162,104,267,371,False,False,False,False,False,False
2000-01-01 00:18:05,23.6,52.8,6.8,4.1,0.7,6.8,50,112,162,104,267,371,False,False,False,False,False,False
2000-01-01 00:18:07,23.6,52.9,6.9,4.1,0.7,6.9,27,135,162,104,267,371,False,False,False,False,False,False
2000-01-01 00:18:09,23.6,52.8,7.1,4.2,0.7,7.1,35,127,162,104,267,371,False,False,False,False,False,False
2000-01-01 00:18:11,23.5,52.8,6.8,4.1,0.7,6.8,43,118,162,104,267,371,False,False,False,False,False,False
2000-01-01 00:18:13,23.6,52.8,6.8,4.1,0.7,6.8,51,110,162,104,267,371,False,False,False,False,False,False
2000-01-01 00:18:15,23.6,52.8,6.9,4.1,0.7,6.9,29,133,162,104,267,371,False,False,False,False,False,False
2000-01-01 00:18:17,23.6,52.7,6.8,4.1,0.7,6.8,37,125,162,104,267,371,False,False,False,False,False,False
2000-01-01 00:18:19,23.6,52.8,7.1,4.2,0.7,7.1,45,117,162,104,267,371,False,False,False,False,False,False
2000-01-01 00:18:21,23.6,52.8,6.8,4.1,0.7,6.8,53,108,162,104,267,371,False,False,False,False,False,False
2000-01-01 00:18:23,23.6,52.8,6.9,4.1,0.7,6.9,30,132,162,104,267,371,False,False,False,False,False,False
2000-01-01 00:18:25,23.6,52.8,6.8,4.1,0.7,6.8,38,123,162,104,267,371,False,False,False,False,False,False
2000-01-01 00:18:27,23.6,52.9,6.8,4.1,0.7,6.8,47,115,162,104,267,371,False,False,False,False,False,False
2000-01-01 00:18:29,23.6,52.7,7.6,4.5,0.7,7.6,23,139,162,104,267,371,False,False,False,False,False,False
2000-01-01 00:18:31,23.6,52.7,6.9,4.1,0.7,6.9,31,130,162,104,267,371,False,False,False,False,False,False
2000-01-01 00:18:33,23.6,52.8,6.8,4.1,0.7,6.8,40,122,162,104,267,371,False,False,False,False,False,False
2000-01-01 00:18:35,23.6,52.8,6.8,4.1,0.7,6.8,48,114,162,104,267,371,False,False,False,False,False,False
2000-01-01 00:18:37,23.6,52.8,6.9,4.1,0.7,6.9,24,138,162,104,267,371,False,False,False,False,False,False
2000-01-01 00:18:39,23.6,52.8,7.1,4.2,0.7,7.1,32,129,162,104,267,371,False,False,False,False,False,False
2000-01-01 00:18:41,23.6,52.9,6.8,4.1,0.7,6.8,41,121,162,104,267,371,False,False,False,False,False,False
2000-01-01 00:18:43,23.6,52.9,6.8,4.1,0.7,6.8,49,113,162,104,267,371,False,False,False,False,False,False
2000-01-01 00:18:45,23.6,53.0,6.9,4.1,0.7,6.9,25,137,162,104,267,371,False,False,False,False,False,False
2000-01-01 00:18:47,23.6,53.0,6.8,4.1,0.7,6.8,33,129,162,104,267,371,False,False,False,False,False,False
2000-01-01 00:18:49,23.6,53.0,7.1,4.2,0.7,7.1,41,120,162,104,267,371,False,False,False,False,False,False
2000-01-01 00:18:51,23.6,52.9,6.8,4.1,0.7,6.8,50,112,162,104,267,371,False,False,False,False,False,False
2000-01-01 00:18:53,23.6,52.9,6.9,4.1,0.7,6.9,27,135,162,104,267,371,False,False,False,False,False,False
2000-01-01 00:18:55,23.6,52.9,6.8,4.1,0.7,6.8,35,127,162,104,267,371,False,False,False,False,False,False
2000-01-01 00:18:57,23.6,52.8,6.8,4.1,0.7,6.8,43,119,162,104,267,371,False,False,False,False,False,False
2000-01-01 00:18:59,23.6,52.8,7.1,4.2,0.7,7.1,51,110,162,104,267,371,False,False,False,False,False,False
2000-01-01 00:19:01,23.6,52.8,6.9,4.1,0.7,6.9,29,133,162,104,267,371,False,False,False,False,False,False
2000-01-01 00:19:03,23.6,52.8,6.8,4.1,0.7,6.8,37,125,162,104,267,371,False,False,False,False,False,False
2000-01-01 00:19:05,23.6,52.8,6.8,4.1,0.7,6.8,45,117,162,104,267,371,False,False,False,False,False,False
2000-01-01 00:19:07,23.6,52.7,6.8,4.1,0.7,6.8,53,108,162,104,267,371,False,False,False,False,False,False
2000-01-01 00:19:09,23.6,52.7,7.2,4.3,0.7,7.2,30,132,162,104,267,371,False,False,False,False,False,False
2000-01-01 00:19:11,23.6,52.7,6.8,4.1,0.7,6.8,38,123,162,104,267,371,False,False,False,False,False,False
2000-01-01 00:19:13,23.6,52.7,6.8,4.1,0.7,6.8,47,115,162,104,267,371,False,False,False,False,False,False
2000-01-01 00:19:15,23.5,52.6,6.8,4.1,0.7,6.8,23,139,162,104,267,371,False,False,False,False,False,False
2000-01-01 00:19:17,23.6,52.6,7.2,4.3,0.7,7.2,31,130,162,104,267,371,False,False,False,False,False,False
2000-01-01 00:19:19,23.5,52.7,6.8,4.1,0.7,6.8,40,122,162,104,267,371,False,False,False,False,False,False
2000-01-01 00:19:21,23.5,52.6,6.8,4.1,0.7,6.8,48,114,162,104,267,371,False,False,False,False,False,False
2000-01-01 00:19:23,23.5,52.7,6.9,4.1,0.7,6.9,24,138,162,104,267,371,False,False,False,False,False,False
2000-01-01 00:19:25,23.5,52.7,6.8,4.1,0.7,6.8,32,129,162,104,267,371,False,False,False,False,False,False
2000-01-01 00:19:27,23.5,52.7,7.1,4.2,0.7,7.1,41,121,162,104,267,371,False,False,False,False,False,False
2000-01-01 00:19:29,23.5,52.8,6.8,4.1,0.7,6.8,49,113,162,104,267,371,False,False,False,False,False,False
2000-01-01 00:19:31,23.5,52.8,6.9,4.1,0.7,6.9,25,137,162,104,267,371,False,False,False,False,False,False
2000-01-01 00:19:33,23.5,52.9,6.8,4.1,0.7,6.8,33,128,162,104,267,371,False,False,False,False,False,False
2000-01-01 00:19:35,23.5,52.9,6.8,4.1,0.7,6.8,42,120,162,104,267,371,False,False,False,False,False,False
2000-01-01 00:19:37,23.5,53.0,7.1,4.2,0.7,7.1,50,112,162,104,267,371,False,False,False,False,False,False
2000-01-01 00:19:39,23.5,53.0,6.9,4.1,0.7,6.9,27,135,162,104,267,371,False,False,False,False,False,False
2000-01-01 00:19:41,23.4,52.9,6.8,4.1,0.7,6.8,35,127,162,104,267,371,False,False,False,False,False,False
2000-01-01 00:19:43,23.5,53.0,6.8,4.1,0.7,6.8,43,118,162,104,267,371,False,False,False,False,False,False
2000-01-01 00:19:45,23.5,53.1,6.8,4.1,0.7,6.8,52,110,162,104,267,371,False,False,False,False,False,False
2000-01-01 00:19:47,23.4,53.1,7.2,4.3,0.7,7.2,29,133,162,104,267,371,False,False,False,False,False,False
2000-01-01 00:19:49,23.4,53.1,6.8,4.1,0.7,6.8,37,125,162,104,267,371,False,False,False,False,False,False
2000-01-01 00:19:51,23.4,53.2,6.8,4.1,0.7,6.8,45,116,162,104,267,371,False,False,False,False,False,False
2000-01-01 00:19:53,23.4,53.2,6.8,4.1,0.7,6.8,54,108,162,104,267,371,False,False,False,False,False,False
2000-01-01 00:19:55,23.4,53.2,6.9,4.1,0.7,6.9,30,131,162,104,267,371,False,False,False,False,False,False
2000-01-01 00:19:57,23.4,53.2,7.1,4.2,0.7,7.1,39,123,162,104,267,371,False,False,False,False,False,False
2000-01-01 00:19:59,23.4,53.3,6.8,4.1,0.7,6.8,47,115,162,104,267,371,False,False,False,False,False,False
2000-01-01 00:20:01,23.4,53.3,7.5,4.4,0.7,7.5,23,138,162,104,267,371,False,False,False,False,False,False
2000-01-01 00:20:03,23.4,53.3,6.2,3.7,0.7,6.2,32,130,162,104,267,371,False,False,False,False,False,False
2000-01-01 00:20:05,23.4,53.3,6.8,4.1,0.7,6.8,40,122,162,104,267,371,False,False,False,False,False,False
2000-01-01 00:20:07,23.4,53.2,7.1,4.2,0.7,7.1,48,114,162,104,267,371,False,False,False,False,False,False
2000-01-01 00:20:09,23.4,53.3,6.9,4.1,0.7,6.9,24,138,162,104,267,371,False,False,False,False,False,False
2000-01-01 00:20:11,23.4,53.3,6.8,4.1,0.7,6.8,32,129,162,104,267,371,False,False,False,False,False,False
2000-01-01 00:20:13,23.4,53.3,6.8,4.1,0.7,6.8,41,121,162,104,267,371,False,False,False,False,False,False
2000-01-01 00:20:15,23.4,53.3,6.8,4.1,0.7,6.8,49,113,162,104,267,371,False,False,False,False,False,False
2000-01-01 00:20:17,23.4,53.3,7.2,4.3,0.7,7.2,25,137,162,104,267,371,False,False,False,False,False,False
2000-01-01 00:20:19,23.4,53.4,8.1,4.7,0.7,8.1,33,128,162,104,267,371,False,False,False,False,False,False
2000-01-01 00:20:21,23.3,53.4,6.8,4.1,0.7,6.8,42,120,162,104,267,371,False,False,False,False,False,False
2000-01-01 00:20:23,23.4,53.4,6.8,4.1,0.7,6.8,50,112,162,104,267,371,False,False,False,False,False,False
2000-01-01 00:20:25,23.4,53.4,6.9,4.1,0.7,6.9,27,135,162,104,267,371,False,False,False,False,False,False
2000-01-01 00:20:27,23.4,53.4,7.1,4.2,0.7,7.1,35,127,162,104,267,371,False,False,False,False,False,False
2000-01-01 00:20:29,23.4,53.4,6.8,4.1,0.7,6.8,43,118,162,104,267,371,False,False,False,False,False,False
2000-01-01 00:20:31,23.3,53.4,6.8,4.1,0.7,6.8,52,110,162,104,267,371,False,False,False,False,False,False
2000-01-01 00:20:33,23.4,53.4,6.9,4.1,0.7,6.9,29,133,162,104,267,371,False,False,False,False,False,False
2000-01-01 00:20:35,23.4,53.4,6.8,4.1,0.7,6.8,37,125,162,104,267,371,False,False,False,False,False,False
2000-01-01 00:20:37,23.4,53.4,6.9,4.1,0.7,6.9,45,116,162,104,267,371,False,False,False,False,False,False
2000-01-01 00:20:39,23.3,53.4,6.8,4.1,0.7,6.8,54,108,162,104,267,371,False,False,False,False,False,False
2000-01-01 00:20:41,23.3,53.5,6.9,4.1,0.7,6.9,30,131,162,104,267,371,False,False,False,False,False,False
2000-01-01 00:20:43,23.3,53.5,6.8,4.1,0.7,6.8,39,123,162,104,267,371,False,False,False,False,False,False
2000-01-01 00:20:45,23.3,53.5,11.1,6.2,0.7,11.1,47,115,162,104,267,371,False,False,False,False,False,False
2000-01-01 00:20:47,23.3,53.4,7.5,4.4,0.7,7.5,23,138,162,104,267,371,False,False,False,False,False,False
2000-01-01 00:20:49,23.3,53.5,6.2,3.7,0.7,6.2,32,130,162,104,267,371,False,False,False,False,False,False
2000-01-01 00:20:51,23.3,53.5,6.8,4.1,0.7,6.8,40,122,162,104,267,371,False,False,False,False,False,False
2000-01-01 00:20:53,23.3,53.5,6.8,4.1,0.7,6.8,48,114,162,104,267,371,False,False,False,False,False,False
2000-01-01 00:20:55,23.3,53.5,7.2,4.3,0.7,7.2,24,138,162,104,267,371,False,False,False,False,False,False
2000-01-01 00:20:57,23.3,53.5,6.8,4.1,0.7,6.8,32,129,162,104,267,371,False,False,False,False,False,False
2000-01-01 00:20:59,23.3,53.5,6.8,4.1,0.7,6.8,41,121,162,104,267,371,False,False,False,False,False,False
2000-01-01 00:21:01,23.3,53.5,6.8,4.1,0.7,6.8,49,113,162,104,267,371,False,False,False,False,False,False
2000-01-01 00:21:03,23.3,53.5,6.9,4.1,0.7,6.9,25,137,162,104,267,371,False,False,False,False,False,False
2000-01-01 00:21:05,23.3,53.5,7.1,4.2,0.7,7.1,33,128,162,104,267,371,False,False,False,False,False,False
2000-01-01 00:21:07,23.3,53.5,8.3,4.8,0.7,8.3,42,120,162,104,267,371,False,False,False,False,False,False
2000-01-01 00:21:09,23.3,53.5,6.8,4.1,0.7,6.8,50,112,162,104,267,371,False,False,False,False,False,False
2000-01-01 00:21:11,23.3,53.6,6.9,4.1,0.7,6.9,27,135,162,104,267,371,False,False,False,False,False,False
2000-01-01 00:21:13,23.3,53.5,6.8,4.1,0.7,6.8,35,127,162,104,267,371,False,False,False,False,False,False
2000-01-01 00:21:15,23.3,53.6,7.1,4.2,0.7,7.1,43,118,162,104,267,371,False,False,False,False,False,False
2000-01-01 00:21:17,23.3,53.5,6.8,4.1,0.7,6.8,52,110,162,104,267,371,False,False,False,False,False,False
2000-01-01 00:21:19,23.3,53.6,6.9,4.1,0.7,6.9,29,133,162,104,267,371,False,False,False,False,False,False
2000-01-01 00:21:21,23.3,53.5,6.8,4.1,0.7,6.8,37,125,162,104,267,371,False,False,False,False,False,False
2000-01-01 00:21:23,23.3,53.6,6.8,4.1,0.7,6.8,45,116,162,104,267,371,False,False,False,False,False,False
2000-01-01 00:21:25,23.3,53.6,7.1,4.2,0.7,7.1,54,108,162,104,267,371,False,False,False,False,False,False
2000-01-01 00:21:27,23.3,53.6,6.9,4.1,0.7,6.9,30,131,162,104,267,371,False,False,False,False,False,False
2000-01-01 00:21:29,23.3,53.6,6.8,4.1,0.7,6.8,39,123,162,104,267,371,False,False,False,False,False,False
2000-01-01 00:21:31,23.3,53.6,6.8,4.1,0.7,6.8,47,115,162,104,267,371,False,False,False,False,False,False
2000-01-01 00:21:33,23.3,53.6,7.6,4.4,0.7,7.6,23,138,162,104,267,371,False,False,False,False,False,False
2000-01-01 00:21:35,23.3,53.6,6.5,3.9,0.7,6.5,32,130,162,104,267,371,False,False,False,False,False,False
2000-01-01 00:21:37,23.3,53.6,6.8,4.1,0.7,6.8,40,122,162,104,267,371,False,False,False,False,False,False
2000-01-01 00:21:39,23.3,53.6,6.8,4.1,0.7,6.8,48,114,162,104,267,371,False,False,False,False,False,False
2000-01-01 00:21:41,23.3,53.6,6.9,4.1,0.7,6.9,24,138,162,104,267,371,False,False,False,False,False,False
2000-01-01 00:21:43,23.3,53.6,6.8,4.1,0.7,6.8,32,129,162,104,267,371,False,False,False,False,False,False
2000-01-01 00:21:45,23.3,53.6,7.1,4.2,0.7,7.1,41,121,162,104,267,371,False,False,False,False,False,False
2000-01-01 00:21:47,23.3,53.6,6.8,4.1,0.7,6.8,49,113,162,104,267,371,False,False,False,False,False,False
2000-01-01 00:21:49,23.3,53.5,6.9,4.1,0.7,6.9,25,137,162,104,267,371,False,False,False,False,False,False
2000-01-01 00:21:51,23.3,53.6,6.8,4.1,0.7,6.8,33,128,162,104,267,371,False,False,False,False,False,False
2000-01-01 00:21:53,23.3,53.6,7.1,4.2,0.7,7.1,42,120,162,104,267,371,False,False,False,False,False,False
2000-01-01 00:21:55,23.3,53.6,6.8,4.1,0.7,6.8,50,112,162,104,267,371,False,False,False,False,False,False
2000-01-01 00:21:57,23.3,53.6,6.9,4.1,0.7,6.9,27,135,162,104,267,371,False,False,False,False,False,False
2000-01-01 00:21:59,23.3,53.6,6.8,4.1,0.7,6.8,35,127,162,104,267,371,False,False,False,False,False,False
2000-01-01 00:22:01,23.3,53.5,6.8,4.1,0.7,6.8,43,118,162,104,267,371,False,False,False,False,False,False
2000-01-01 00:22:03,23.3,53.6,7.1,4.2,0.7,7.1,52,110,162,104,267,371,False,False,False,False,False,False
2000-01-01 00:22:05,23.2,53.5,6.9,4.1,0.7,6.9,29,133,162,104,267,371,False,False,False,False,False,False
2000-01-01 00:22:07,23.3,53.6,6.8,4.1,0.7,6.8,37,125,162,104,267,371,False,False,False,False,False,False
2000-01-01 00:22:09,23.2,53.6,7.3,4.3,0.7,7.3,45,116,162,104,267,371,False,False,False,False,False,False
2000-01-01 00:22:11,23.2,53.6,6.8,4.1,0.7,6.8,54,108,162,104,267,371,False,False,False,False,False,False
2000-01-01 00:22:13,23.2,53.6,7.2,4.3,0.7,7.2,30,131,162,104,267,371,False,False,False,False,False,False
2000-01-01 00:22:15,23.2,53.6,6.8,4.1,0.7,6.8,39,123,162,104,267,371,False,False,False,False,False,False
2000-01-01 00:22:17,23.2,53.6,6.8,4.1,0.7,6.8,47,115,162,104,267,371,False,False,False,False,False,False
2000-01-01 00:22:19,23.3,53.6,7.5,4.4,0.7,7.5,23,138,162,104,267,371,False,False,False,False,False,False
2000-01-01 00:22:21,23.3,53.6,6.2,3.8,0.7,6.2,32,130,162,104,267,371,False,False,False,False,False,False
2000-01-01 00:22:23,23.2,53.5,7.1,4.2,0.7,7.1,40,122,162,104,267,371,False,False,False,False,False,False
2000-01-01 00:22:25,23.3,53.6,6.8,4.1,0.7,6.8,48,114,162,104,267,371,False,False,False,False,False,False
2000-01-01 00:22:27,23.2,53.5,6.9,4.1,0.7,6.9,24,138,162,104,267,371,False,False,False,False,False,False
2000-01-01 00:22:29,23.3,53.6,6.8,4.1,0.7,6.8,32,129,162,104,267,371,False,False,False,False,False,False
2000-01-01 00:22:31,23.2,53.5,6.8,4.1,0.7,6.8,41,121,162,104,267,371,False,False,False,False,False,False
2000-01-01 00:22:33,23.2,53.6,7.1,4.2,0.7,7.1,49,113,162,104,267,371,False,False,False,False,False,False
2000-01-01 00:22:35,23.3,53.6,6.9,4.1,0.7,6.9,25,137,162,104,267,371,False,False,False,False,False,False
2000-01-01 00:22:37,23.2,53.6,6.8,4.1,0.7,6.8,33,128,162,104,267,371,False,False,False,False,False,False
2000-01-01 00:22:39,23.3,53.6,6.8,4.1,0.7,6.8,42,120,162,104,267,371,False,False,False,False,False,False
2000-01-01 00:22:41,23.2,53.6,6.8,4.1,0.7,6.8,50,112,162,104,267,371,False,False,False,False,False,False
2000-01-01 00:22:43,23.3,53.6,7.2,4.3,0.7,7.2,27,135,162,104,267,371,False,False,False,False,False,False
2000-01-01 00:22:45,23.2,53.6,6.8,4.1,0.7,6.8,35,127,162,104,267,371,False,False,False,False,False,False
2000-01-01 00:22:47,23.2,53.6,6.8,4.1,0.7,6.8,43,118,162,104,267,371,False,False,False,False,False,False
2000-01-01 00:22:49,23.2,53.6,6.8,4.1,0.7,6.8,52,110,162,104,267,371,False,False,False,False,False,False
2000-01-01 00:22:51,23.2,53.5,6.9,4.1,0.7,6.9,29,133,162,104,267,371,False,False,False,False,False,False
2000-01-01 00:22:53,23.2,53.6,7.6,4.5,0.7,7.6,37,125,162,104,267,371,False,False,False,False,False,False
2000-01-01 00:22:55,23.2,53.6,6.8,4.1,0.7,6.8,45,116,162,104,267,371,False,False,False,False,False,False
2000-01-01 00:22:57,23.2,53.6,6.8,4.1,0.7,6.8,54,108,162,104,267,371,False,False,False,False,False,False
2000-01-01 00:22:59,23.2,53.6,6.9,4.1,0.7,6.9,30,131,162,104,267,371,False,False,False,False,False,False
2000-01-01 00:23:01,23.2,53.6,6.8,4.1,0.7,6.8,39,123,162,104,267,371,False,False,False,False,False,False
2000-01-01 00:23:03,23.2,53.5,7.1,4.2,0.7,7.1,47,115,162,104,267,371,False,False,False,False,False,False
2000-01-01 00:23:05,23.2,53.6,7.5,4.4,0.7,7.5,23,138,162,104,267,371,False,False,False,False,False,False
2000-01-01 00:23:07,23.2,53.6,6.2,3.7,0.7,6.2,32,130,162,104,267,371,False,False,False,False,False,False
2000-01-01 00:23:09,23.2,53.6,6.8,4.1,0.7,6.8,40,122,162,104,267,371,False,False,False,False,False,False
2000-01-01 00:23:11,23.2,53.6,6.8,4.1,0.7,6.8,48,114,162,104,267,371,False,False,False,False,False,False
2000-01-01 00:23:13,23.2,53.5,7.0,4.2,0.7,7.0,24,138,162,104,267,371,False,False,False,False,False,False
2000-01-01 00:23:15,23.2,53.6,6.8,4.1,0.7,6.8,32,129,162,104,267,371,False,False,False,False,False,False
2000-01-01 00:23:17,23.2,53.5,6.8,4.1,0.7,6.8,41,121,162,104,267,371,False,False,False,False,False,False
2000-01-01 00:23:19,23.2,53.6,6.8,4.1,0.7,6.8,49,113,162,104,267,371,False,False,False,False,False,False
2000-01-01 00:23:21,23.2,53.5,7.2,4.3,0.7,7.2,25,137,162,104,267,371,False,False,False,False,False,False
2000-01-01 00:23:23,23.2,53.5,6.8,4.1,0.7,6.8,33,128,162,104,267,371,False,False,False,False,False,False
2000-01-01 00:23:25,23.2,53.5,6.8,4.1,0.7,6.8,42,120,162,104,267,371,False,False,False,False,False,False
2000-01-01 00:23:27,23.2,53.5,6.8,4.1,0.7,6.8,50,112,162,104,267,371,False,False,False,False,False,False
2000-01-01 00:23:29,23.3,53.6,6.9,4.1,0.7,6.9,27,135,162,104,267,371,False,False,False,False,False,False
2000-01-01 00:23:31,23.2,53.6,7.1,4.2,0.7,7.1,35,127,162,104,267,371,False,False,False,False,False,False
2000-01-01 00:23:33,23.2,53.5,6.8,4.1,0.7,6.8,43,118,162,104,267,371,False,False,False,False,False,False
2000-01-01 00:23:35,23.2,53.6,6.8,4.1,0.7,6.8,52,110,162,104,267,371,False,False,False,False,False,False
2000-01-01 00:23:37,23.2,53.6,6.9,4.1,0.7,6.9,29,133,162,104,267,371,False,False,False,False,False,False
2000-01-01 00:23:39,23.2,53.6,6.8,4.1,0.7,6.8,37,125,162,104,267,371,False,False,False,False,False,False
2000-01-01 00:23:41,23.2,53.6,7.1,4.2,0.7,7.1,45,116,162,104,267,371,False,False,False,False,False,False
2000-01-01 00:23:43,23.2,53.5,6.8,4.1,0.7,6.8,54,108,162,104,267,371,False,False,False,False,False,False
2000-01-01 00:23:45,23.3,53.6,6.9,4.1,0.7,6.9,30,131,162,104,267,371,False,False,False,False,False,False
2000-01-01 00:23:47,23.2,53.6,6.8,4.1,0.7,6.8,39,123,162,104,267,371,False,False,False,False,False,False
2000-01-01 00:23:49,23.2,53.5,6.8,4.1,0.7,6.8,47,115,162,104,267,371,False,False,False,False,False,False
2000-01-01 00:23:51,23.2,53.5,7.8,4.6,0.7,7.8,23,138,162,104,267,371,False,False,False,False,False,False
2000-01-01 00:23:53,23.2,53.5,6.2,3.7,0.7,6.2,32,130,162,104,267,371,False,False,False,False,False,False
2000-01-01 00:23:55,23.2,53.6,6.8,4.1,0.7,6.8,40,122,162,104,267,371,False,False,False,False,False,False
2000-01-01 00:23:57,23.2,53.6,6.8,4.1,0.7,6.8,48,114,162,104,267,371,False,False,False,False,False,False
2000-01-01 00:23:59,23.2,53.6,6.9,4.1,0.7,6.9,24,138,162,104,267,371,False,False,False,False,False,False
2000-01-01 00:24:01,23.2,53.5,7.6,4.5,0.7,7.6,32,129,162,104,267,371,False,False,False,False,False,False
2000-01-01 00:24:03,23.2,53.6,6.8,4.1,0.7,6.8,41,121,162,104,267,371,False,False,False,False,False,False
2000-01-01 00:24:05,23.2,53.5,6.8,4.1,0.7,6.8,49,113,162,104,267,371,False,False,False,False,False,False
2000-01-01 00:24:07,23.2,53.6,6.9,4.1,0.7,6.9,25,137,162,104,267,371,False,False,False,False,False,False
2000-01-01 00:24:09,23.2,53.6,6.8,4.1,0.7,6.8,33,128,162,104,267,371,False,False,False,False,False,False
2000-01-01 00:24:11,23.2,53.5,7.1,4.2,0.7,7.1,42,120,162,104,267,371,False,False,False,False,False,False
2000-01-01 00:24:13,23.2,53.6,6.8,4.1,0.7,6.8,50,112,162,104,267,371,False,False,False,False,False,False
2000-01-01 00:24:15,23.2,53.6,6.9,4.1,0.7,6.9,27,135,162,104,267,371,False,False,False,False,False,False
2000-01-01 00:24:17,23.2,53.6,6.8,4.1,0.7,6.8,35,127,162,104,267,371,False,False,False,False,False,False
2000-01-01 00:24:19,23.2,53.6,6.8,4.1,0.7,6.8,43,118,162,104,267,371,False,False,False,False,False,False
2000-01-01 00:24:21,23.2,53.5,7.9,4.6,0.7,7.9,52,110,162,104,267,371,False,False,False,False,False,False
2000-01-01 00:24:23,23.2,53.5,6.9,4.1,0.7,6.9,29,133,162,104,267,371,False,False,False,False,False,False
2000-01-01 00:24:25,23.2,53.6,6.8,4.1,0.7,6.8,37,125,162,104,267,371,False,False,False,False,False,False
2000-01-01 00:24:27,23.2,53.5,6.8,4.1,0.7,6.8,45,116,162,104,267,371,False,False,False,False,False,False
2000-01-01 00:24:29,23.3,53.6,6.8,4.1,0.7,6.8,54,108,162,104,267,371,False,False,False,False,False,False
2000-01-01 00:24:31,23.2,53.6,7.2,4.3,0.7,7.2,30,131,162,104,267,371,False,False,False,False,False,False
2000-01-01 00:24:33,23.2,53.6,6.8,4.1,0.7,6.8,39,123,162,104,267,371,False,False,False,False,False,False
2000-01-01 00:24:35,23.3,53.5,6.8,4.1,0.7,6.8,47,115,162,104,267,371,False,False,False,False,False,False
2000-01-01 00:24:37,23.2,53.6,7.5,4.4,0.7,7.5,23,138,162,104,267,371,False,False,False,False,False,False
2000-01-01 00:24:39,23.3,53.5,6.5,3.9,0.7,6.5,32,130,162,104,267,371,False,False,False,False,False,False
2000-01-01 00:24:41,23.2,53.6,6.8,4.1,0.7,6.8,40,122,162,104,267,371,False,False,False,False,False,False
2000-01-01 00:24:43,23.2,53.5,6.8,4.1,0.7,6.8,48,114,162,104,267,371,False,False,False,False,False,False
2000-01-01 00:24:45,23.2,53.5,6.9,4.1,0.7,6.9,24,138,162,104,267,371,False,False,False,False,False,False
2000-01-01 00:24:47,23.3,53.5,6.8,4.1,0.7,6.8,32,129,162,104,267,371,False,False,False,False,False,False
2000-01-01 00:24:49,23.3,53.5,7.1,4.2,0.7,7.1,41,121,162,104,267,371,False,False,False,False,False,False
2000-01-01 00:24:51,23.3,53.5,6.8,4.1,0.7,6.8,49,113,162,104,267,371,False,False,False,False,False,False
2000-01-01 00:24:53,23.3,53.5,6.9,4.1,0.7,6.9,25,137,162,104,267,371,False,False,False,False,False,False
2000-01-01 00:24:55,23.3,53.5,6.8,4.1,0.7,6.8,33,128,162,104,267,371,False,False,False,False,False,False
2000-01-01 00:24:57,23.2,53.5,6.8,4.1,0.7,6.8,42,120,162,104,267,371,False,False,False,False,False,False
2000-01-01 00:24:59,23.2,53.5,7.1,4.2,0.7,7.1,50,112,162,104,267,371,False,False,False,False,False,False
2000-01-01 00:25:01,23.2,53.5,6.9,4.1,0.7,6.9,27,135,162,104,267,371,False,False,False,False,False,False
2000-01-01 00:25:03,23.3,53.5,6.8,4.1,0.7,6.8,35,127,162,104,267,371,False,False,False,False,False,False
2000-01-01 00:25:05,23.3,53.5,7.6,4.5,0.7,7.6,43,118,162,104,267,371,False,False,False,False,False,False
2000-01-01 00:25:07,23.3,53.5,6.8,4.1,0.7,6.8,52,110,162,104,267,371,False,False,False,False,False,False
2000-01-01 00:25:09,23.3,53.5,7.2,4.3,0.7,7.2,29,133,162,104,267,371,False,False,False,False,False,False
2000-01-01 00:25:11,23.3,53.5,6.8,4.1,0.7,6.8,37,125,162,104,267,371,False,False,False,False,False,False
2000-01-01 00:25:13,23.3,53.5,6.8,4.1,0.7,6.8,45,116,162,104,267,371,False,False,False,False,False,False
2000-01-01 00:25:15,23.3,53.5,6.8,4.1,0.7,6.8,54,108,162,104,267,371,False,False,False,False,False,False
2000-01-01 00:25:17,23.3,53.5,6.9,4.1,0.7,6.9,30,131,162,104,267,371,False,False,False,False,False,False
2000-01-01 00:25:19,23.3,53.5,7.1,4.2,0.7,7.1,39,123,162,104,267,371,False,False,False,False,False,False
2000-01-01 00:25:21,23.2,53.5,6.8,4.1,0.7,6.8,47,115,162,104,267,371,False,False,False,False,False,False
2000-01-01 00:25:23,23.3,53.5,7.5,4.4,0.7,7.5,23,138,162,104,267,371,False,False,False,False,False,False
2000-01-01 00:25:25,23.3,53.5,6.2,3.7,0.7,6.2,32,130,162,104,267,371,False,False,False,False,False,False
2000-01-01 00:25:27,23.3,53.5,6.8,4.1,0.7,6.8,40,122,162,104,267,371,False,False,False,False,False,False
2000-01-01 00:25:29,23.3,53.5,7.1,4.2,0.7,7.1,48,114,162,104,267,371,False,False,False,False,False,False
2000-01-01 00:25:31,23.3,53.5,6.9,4.1,0.7,6.9,24,138,162,104,267,371,False,False,False,False,False,False
2000-01-01 00:25:33,23.3,53.4,6.8,4.1,0.7,6.8,32,129,162,104,267,371,False,False,False,False,False,False
2000-01-01 00:25:35,23.2,53.4,6.8,4.1,0.7,6.8,41,121,162,104,267,371,False,False,False,False,False,False
2000-01-01 00:25:37,23.3,53.5,6.8,4.1,0.7,6.8,49,113,162,104,267,371,False,False,False,False,False,False
2000-01-01 00:25:39,23.3,53.5,7.2,4.3,0.7,7.2,25,137,162,104,267,371,False,False,False,False,False,False
2000-01-01 00:25:41,23.2,53.5,6.8,4.1,0.7,6.8,33,128,162,104,267,371,False,False,False,False,False,False
2000-01-01 00:25:43,23.3,53.5,6.8,4.1,0.7,6.8,42,120,162,104,267,371,False,False,False,False,False,False
2000-01-01 00:25:45,23.3,53.5,6.8,4.1,0.7,6.8,50,112,162,104,267,371,False,False,False,False,False,False
2000-01-01 00:25:47,23.2,53.5,6.9,4.1,0.7,6.9,27,135,162,104,267,371,False,False,False,False,False,False
2000-01-01 00:25:49,23.3,53.4,7.6,4.5,0.7,7.6,35,127,162,104,267,371,False,False,False,False,False,False
2000-01-01 00:25:51,23.2,53.5,6.8,4.1,0.7,6.8,43,118,162,104,267,371,False,False,False,False,False,False
2000-01-01 00:25:53,23.2,53.5,6.8,4.1,0.7,6.8,52,110,162,104,267,371,False,False,False,False,False,False
2000-01-01 00:25:55,23.2,53.4,6.9,4.1,0.7,6.9,29,133,162,104,267,371,False,False,False,False,False,False
2000-01-01 00:25:57,23.2,53.5,7.0,4.2,0.7,7.0,37,125,162,104,267,371,False,False,False,False,False,False
2000-01-01 00:25:59,23.2,53.5,6.8,4.1,0.7,6.8,45,116,162,104,267,371,False,False,False,False,False,False
2000-01-01 00:26:01,23.2,53.5,6.8,4.1,0.7,6.8,54,108,162,104,267,371,False,False,False,False,False,False
2000-01-01 00:26:03,23.2,53.5,6.9,4.1,0.7,6.9,30,131,162,104,267,371,False,False,False,False,False,False
2000-01-01 00:26:05,23.2,53.4,6.8,4.1,0.7,6.8,39,123,162,104,267,371,False,False,False,False,False,False
2000-01-01 00:26:07,23.2,53.5,7.1,4.2,0.7,7.1,47,115,162,104,267,371,False,False,False,False,False,False
2000-01-01 00:26:09,23.2,53.5,7.6,4.4,0.7,7.6,23,138,162,104,267,371,False,False,False,False,False,False
2000-01-01 00:26:11,23.2,53.5,6.2,3.8,0.7,6.2,32,130,162,104,267,371,False,False,False,False,False,False
2000-01-01 00:26:13,23.2,53.5,6.8,4.1,0.7,6.8,40,122,162,104,267,371,False,False,False,False,False,False
2000-01-01 00:26:15,23.2,53.5,6.8,4.1,0.7,6.8,48,114,162,104,267,371,False,False,False,False,False,False
2000-01-01 00:26:17,23.2,53.4,7.2,4.3,0.7,7.2,24,138,162,104,267,371,False,False,False,False,False,False
2000-01-01 00:26:19,23.2,53.5,6.8,4.1,0.7,6.8,32,129,162,104,267,371,False,False,False,False,False,False
2000-01-01 00:26:21,23.2,53.5,6.8,4.1,0.7,6.8,41,121,162,104,267,371,False,False,False,False,False,False
2000-01-01 00:26:23,23.2,53.5,6.8,4.1,0.7,6.8,49,113,162,104,267,371,False,False,False,False,False,False
2000-01-01 00:26:25,23.2,53.5,6.9,4.1,0.7,6.9,25,137,162,104,267,371,False,False,False,False,False,False
2000-01-01 00:26:27,23.2,53.5,7.1,4.2,0.7,7.1,33,128,162,104,267,371,False,False,False,False,False,False
2000-01-01 00:26:29,23.2,53.5,6.8,4.1,0.7,6.8,42,120,162,104,267,371,False,False,False,False,False,False
2000-01-01 00:26:31,23.2,53.5,6.8,4.1,0.7,6.8,50,112,162,104,267,371,False,False,False,False,False,False
2000-01-01 00:26:33,23.2,53.5,6.9,4.1,0.7,6.9,27,135,162,104,267,371,False,False,False,False,False,False
2000-01-01 00:26:35,23.2,53.5,6.8,4.1,0.7,6.8,35,127,162,104,267,371,False,False,False,False,False,False
2000-01-01 00:26:37,23.2,53.4,7.1,4.2,0.7,7.1,43,118,162,104,267,371,False,False,False,False,False,False
2000-01-01 00:26:39,23.2,53.5,6.8,4.1,0.7,6.8,52,110,162,104,267,371,False,False,False,False,False,False
2000-01-01 00:26:41,23.2,53.5,6.9,4.1,0.7,6.9,29,133,162,104,267,371,False,False,False,False,False,False
2000-01-01 00:26:43,23.2,53.4,6.8,4.1,0.7,6.8,37,125,162,104,267,371,False,False,False,False,False,False
2000-01-01 00:26:45,23.2,53.4,6.8,4.1,0.7,6.8,45,116,162,104,267,371,False,False,False,False,False,False
2000-01-01 00:26:47,23.2,53.5,7.1,4.2,0.7,7.1,54,108,162,104,267,371,False,False,False,False,False,False
2000-01-01 00:26:49,23.2,53.5,6.9,4.1,0.7,6.9,30,131,162,104,267,371,False,False,False,False,False,False
2000-01-01 00:26:51,23.2,53.5,6.8,4.1,0.7,6.8,39,123,162,104,267,371,False,False,False,False,False,False
2000-01-01 00:26:53,23.2,53.5,6.8,4.1,0.7,6.8,47,115,162,104,267,371,False,False,False,False,False,False
2000-01-01 00:26:55,23.2,53.5,7.6,4.4,0.7,7.6,23,138,162,104,267,371,False,False,False,False,False,False
2000-01-01 00:26:57,23.2,53.5,6.5,3.9,0.7,6.5,32,130,162,104,267,371,False,False,False,False,False,False
2000-01-01 00:26:59,23.2,53.5,6.8,4.1,0.7,6.8,40,122,162,104,267,371,False,False,False,False,False,False
2000-01-01 00:27:01,23.2,53.5,6.8,4.1,0.7,6.8,48,114,162,104,267,371,False,False,False,False,False,False
2000-01-01 00:27:03,23.2,53.5,6.9,4.1,0.7,6.9,24,138,162,104,267,371,False,False,False,False,False,False
2000-01-01 00:27:05,23.2,53.6,6.8,4.1,0.7,6.8,32,129,162,104,267,371,False,False,False,False,False,False
2000-01-01 00:27:07,23.2,53.5,7.1,4.2,0.7,7.1,41,121,162,104,267,371,False,False,False,False,False,False
2000-01-01 00:27:09,23.2,53.5,6.8,4.1,0.7,6.8,49,113,162,104,267,371,False,False,False,False,False,False
2000-01-01 00:27:11,23.1,53.5,6.9,4.1,0.7,6.9,26,135,162,104,267,371,False,False,False,False,False,False
2000-01-01 00:27:13,23.1,53.5,6.8,4.1,0.7,6.8,35,127,162,104,267,371,False,False,False,False,False,False
2000-01-01 00:27:15,23.2,53.6,7.1,4.2,0.7,7.1,43,119,162,104,267,371,False,False,False,False,False,False
2000-01-01 00:27:17,23.1,53.6,6.8,4.1,0.7,6.8,51,111,162,104,267,371,False,False,False,False,False,False
2000-01-01 00:27:19,23.1,53.5,6.9,4.1,0.7,6.9,29,133,162,104,267,371,False,False,False,False,False,False
2000-01-01 00:27:21,23.2,53.6,6.8,4.1,0.7,6.8,37,125,162,104,267,371,False,False,False,False,False,False
2000-01-01 00:27:23,23.1,53.6,6.8,4.1,0.7,6.8,45,116,162,104,267,371,False,False,False,False,False,False
2000-01-01 00:27:25,23.1,53.6,7.1,4.2,0.7,7.1,54,108,162,104,267,371,False,False,False,False,False,False
2000-01-01 00:27:27,23.1,53.5,6.9,4.1,0.7,6.9,31,131,162,104,267,371,False,False,False,False,False,False
2000-01-01 00:27:29,23.1,53.6,6.8,4.1,0.7,6.8,39,123,162,104,267,371,False,False,False,False,False,False
2000-01-01 00:27:31,23.2,53.5,6.8,4.1,0.7,6.8,47,114,162,104,267,371,False,False,False,False,False,False
2000-01-01 00:27:33,23.1,53.6,7.6,4.4,0.7,7.6,23,139,162,104,267,371,False,False,False,False,False,False
2000-01-01 00:27:35,23.1,53.6,6.5,3.9,0.7,6.5,31,130,162,104,267,371,False,False,False,False,False,False
2000-01-01 00:27:37,23.1,53.5,6.8,4.1,0.7,6.8,40,122,162,104,267,371,False,False,False,False,False,False
2000-01-01 00:27:39,23.1,53.5,6.8,4.1,0.7,6.8,48,114,162,104,267,371,False,False,False,False,False,False
2000-01-01 00:27:41,23.1,53.6,7.4,4.4,0.7,7.4,24,138,162,104,267,371,False,False,False,False,False,False
2000-01-01 00:27:43,23.1,53.5,6.8,4.1,0.7,6.8,32,129,162,104,267,371,False,False,False,False,False,False
2000-01-01 00:27:45,23.1,53.5,7.1,4.2,0.7,7.1,41,121,162,104,267,371,False,False,False,False,False,False
2000-01-01 00:27:47,23.1,53.6,6.8,4.1,0.7,6.8,49,113,162,104,267,371,False,False,False,False,False,False
2000-01-01 00:27:49,23.1,53.6,6.9,4.1,0.7,6.9,25,137,162,104,267,371,False,False,False,False,False,False
2000-01-01 00:27:51,23.1,53.5,6.8,4.1,0.7,6.8,33,128,162,104,267,371,False,False,False,False,False,False
2000-01-01 00:27:53,23.1,53.5,6.8,4.1,0.7,6.8,42,120,162,104,267,371,False,False,False,False,False,False
2000-01-01 00:27:55,23.1,53.6,7.1,4.2,0.7,7.1,50,112,162,104,267,371,False,False,False,False,False,False
2000-01-01 00:27:57,23.1,53.6,6.9,4.1,0.7,6.9,27,135,162,104,267,371,False,False,False,False,False,False
2000-01-01 00:27:59,23.1,53.6,6.8,4.1,0.7,6.8,35,127,162,104,267,371,False,False,False,False,False,False
2000-01-01 00:28:01,23.1,53.6,6.8,4.1,0.7,6.8,43,118,162,104,267,371,False,False,False,False,False,False
2000-01-01 00:28:03,23.1,53.6,6.8,4.1,0.7,6.8,52,110,162,104,267,371,False,False,False,False,False,False
2000-01-01 00:28:05,23.1,53.6,7.2,4.3,0.7,7.2,29,133,162,104,267,371,False,False,False,False,False,False
2000-01-01 00:28:07,23.1,53.7,6.8,4.1,0.7,6.8,37,125,162,104,267,371,False,False,False,False,False,False
2000-01-01 00:28:09,23.1,53.6,6.8,4.1,0.7,6.8,45,116,162,104,267,371,False,False,False,False,False,False
2000-01-01 00:28:11,23.1,53.5,6.8,4.1,0.7,6.8,54,108,162,104,267,371,False,False,False,False,False,False
2000-01-01 00:28:13,23.1,53.6,6.9,4.1,0.7,6.9,30,131,162,104,267,371,False,False,False,False,False,False
2000-01-01 00:28:15,23.1,53.6,7.1,4.2,0.7,7.1,39,123,162,104,267,371,False,False,False,False,False,False
2000-01-01 00:28:17,23.1,53.6,6.8,4.1,0.7,6.8,47,115,162,104,267,371,False,False,False,False,False,False
2000-01-01 00:28:19,23.1,53.6,8.3,4.8,0.7,8.3,23,138,162,104,267,371,False,False,False,False,False,False
2000-01-01 00:28:21,23.1,53.6,6.2,3.7,0.7,6.2,32,130,162,104,267,371,False,False,False,False,False,False
2000-01-01 00:28:23,23.1,53.7,6.8,4.1,0.7,6.8,40,122,162,104,267,371,False,False,False,False,False,False
2000-01-01 00:28:25,23.1,53.7,7.1,4.2,0.7,7.1,48,114,162,104,267,371,False,False,False,False,False,False
2000-01-01 00:28:27,23.1,53.7,6.9,4.1,0.7,6.9,24,138,162,104,267,371,False,False,False,False,False,False
2000-01-01 00:28:29,23.1,53.7,6.8,4.1,0.7,6.8,32,129,162,104,267,371,False,False,False,False,False,False
2000-01-01 00:28:31,23.1,53.6,6.8,4.1,0.7,6.8,41,121,162,104,267,371,False,False,False,False,False,False
2000-01-01 00:28:33,23.1,53.7,7.1,4.2,0.7,7.1,49,113,162,104,267,371,False,False,False,False,False,False
2000-01-01 00:28:35,23.1,53.7,6.9,4.1,0.7,6.9,25,137,162,104,267,371,False,False,False,False,False,False
2000-01-01 00:28:37,23.0,53.7,6.8,4.1,0.7,6.8,33,128,162,104,267,371,False,False,False,False,False,False
2000-01-01 00:28:39,23.0,53.7,6.8,4.1,0.7,6.8,42,120,162,104,267,371,False,False,False,False,False,False
2000-01-01 00:28:41,23.1,53.7,6.8,4.1,0.7,6.8,50,112,162,104,267,371,False,False,False,False,False,False
2000-01-01 00:28:43,23.1,53.7,7.2,4.3,0.7,7.2,27,135,162,104,267,371,False,False,False,False,False,False
2000-01-01 00:28:45,23.1,53.7,6.8,4.1,0.7,6.8,35,127,162,104,267,371,False,False,False,False,False,False
2000-01-01 00:28:47,23.1,53.7,6.8,4.1,0.7,6.8,43,118,162,104,267,371,False,False,False,False,False,False
2000-01-01 00:28:49,23.1,53.7,6.8,4.1,0.7,6.8,52,110,162,104,267,371,False,False,False,False,False,False
2000-01-01 00:28:51,23.1,53.7,6.9,4.1,0.7,6.9,29,133,162,104,267,371,False,False,False,False,False,False
2000-01-01 00:28:53,23.1,53.8,7.1,4.2,0.7,7.1,37,125,162,104,267,371,False,False,False,False,False,False
2000-01-01 00:28:55,23.1,53.8,6.8,4.1,0.7,6.8,45,116,162,104,267,371,False,False,False,False,False,False
2000-01-01 00:28:57,23.1,53.8,6.8,4.1,0.7,6.8,54,108,162,104,267,371,False,False,False,False,False,False
2000-01-01 00:28:59,23.0,53.7,6.9,4.1,0.7,6.9,30,131,162,104,267,371,False,False,False,False,False,False
2000-01-01 00:29:01,23.0,53.7,6.8,4.1,0.7,6.8,39,123,162,104,267,371,False,False,False,False,False,False
2000-01-01 00:29:03,23.0,53.8,7.9,4.6,0.7,7.9,47,115,162,104,267,371,False,False,False,False,False,False
2000-01-01 00:29:05,23.0,53.7,7.5,4.4,0.7,7.5,23,138,162,104,267,371,False,False,False,False,False,False
2000-01-01 00:29:07,23.0,53.7,6.2,3.8,0.7,6.2,32,130,162,104,267,371,False,False,False,False,False,False
2000-01-01 00:29:09,23.0,53.8,6.8,4.1,0.7,6.8,40,122,162,104,267,371,False,False,False,False,False,False
2000-01-01 00:29:11,23.0,53.7,6.8,4.1,0.7,6.8,48,114,162,104,267,371,False,False,False,False,False,False
2000-01-01 00:29:13,23.0,53.7,7.2,4.3,0.7,7.2,24,138,162,104,267,371,False,False,False,False,False,False
2000-01-01 00:29:15,23.0,53.8,6.8,4.1,0.7,6.8,32,129,162,104,267,371,False,False,False,False,False,False
2000-01-01 00:29:17,23.0,53.8,6.8,4.1,0.7,6.8,41,121,162,104,267,371,False,False,False,False,False,False
2000-01-01 00:29:19,23.0,53.8,6.8,4.1,0.7,6.8,49,113,162,104,267,371,False,False,False,False,False,False
2000-01-01 00:29:21,23.0,53.7,6.9,4.1,0.7,6.9,26,135,162,104,267,371,False,False,False,False,False,False
2000-01-01 00:29:23,23.0,53.8,7.1,4.2,0.7,7.1,35,127,162,104,267,371,False,False,False,False,False,False
2000-01-01 00:29:25,23.0,53.8,6.8,4.1,0.7,6.8,43,119,162,104,267,371,False,False,False,False,False,False
2000-01-01 00:29:27,23.0,53.8,6.8,4.1,0.7,6.8,51,111,162,104,267,371,False,False,False,False,False,False
2000-01-01 00:29:29,23.0,53.9,6.9,4.1,0.7,6.9,29,133,162,104,267,371,False,False,False,False,False,False
2000-01-01 00:29:31,23.0,53.8,7.4,4.3,0.7,7.4,37,125,162,104,267,371,False,False,False,False,False,False
2000-01-01 00:29:33,23.0,53.8,7.1,4.2,0.7,7.1,45,116,162,104,267,371,False,False,False,False,False,False
2000-01-01 00:29:35,23.0,53.8,6.8,4.1,0.7,6.8,54,108,162,104,267,371,False,False,False,False,False,False
2000-01-01 00:29:37,23.0,53.8,6.9,4.1,0.7,6.9,31,131,162,104,267,371,False,False,False,False,False,False
2000-01-01 00:29:39,23.0,53.9,6.8,4.1,0.7,6.8,39,123,162,104,267,371,False,False,False,False,False,False
2000-01-01 00:29:41,23.0,53.8,6.8,4.1,0.7,6.8,47,114,162,104,267,371,False,False,False,False,False,False
2000-01-01 00:29:43,23.0,53.9,7.8,4.6,0.7,7.8,23,139,162,104,267,371,False,False,False,False,False,False
2000-01-01 00:29:45,23.0,53.9,6.2,3.7,0.7,6.2,31,130,162,104,267,371,False,False,False,False,False,False
2000-01-01 00:29:47,23.0,53.9,6.8,4.1,0.7,6.8,40,122,162,104,267,371,False,False,False,False,False,False
2000-01-01 00:29:49,23.0,53.8,6.8,4.1,0.7,6.8,48,114,162,104,267,371,False,False,False,False,False,False
2000-01-01 00:29:51,23.0,53.9,7.2,4.3,0.7,7.2,24,138,162,104,267,371,False,False,False,False,False,False
2000-01-01 00:29:53,23.0,53.9,6.8,4.1,0.7,6.8,32,129,162,104,267,371,False,False,False,False,False,False
2000-01-01 00:29:55,23.0,53.9,6.8,4.1,0.7,6.8,41,121,162,104,267,371,False,False,False,False,False,False
2000-01-01 00:29:57,23.0,53.9,6.8,4.1,0.7,6.8,49,113,162,104,267,371,False,False,False,False,False,False
2000-01-01 00:29:59,23.0,53.9,6.9,4.1,0.7,6.9,25,137,162,104,267,371,False,False,False,False,False,False
2000-01-01 00:30:01,23.0,53.9,7.1,4.2,0.7,7.1,33,128,162,104,267,371,False,False,False,False,False,False
2000-01-01 00:30:03,23.0,53.9,6.8,4.1,0.7,6.8,42,120,162,104,267,371,False,False,False,False,False,False
2000-01-01 00:30:05,23.0,53.9,6.8,4.1,0.7,6.8,50,112,162,104,267,371,False,False,False,False,False,False
2000-01-01 00:30:07,23.0,53.9,6.9,4.1,0.7,6.9,27,135,162,104,267,371,False,False,False,False,False,False
2000-01-01 00:30:09,23.0,53.9,6.8,4.1,0.7,6.8,35,127,162,104,267,371,False,False,False,False,False,False
2000-01-01 00:30:11,23.0,53.9,7.1,4.2,0.7,7.1,43,118,162,104,267,371,False,False,False,False,False,False
2000-01-01 00:30:13,23.0,53.9,6.8,4.1,0.7,6.8,52,110,162,104,267,371,False,False,False,False,False,False
2000-01-01 00:30:15,22.9,53.9,6.9,4.1,0.7,6.9,29,133,162,104,267,371,False,False,False,False,False,False
2000-01-01 00:30:17,22.9,53.9,6.8,4.1,0.7,6.8,37,125,162,104,267,371,False,False,False,False,False,False
2000-01-01 00:30:19,23.0,53.9,6.8,4.1,0.7,6.8,45,116,162,104,267,371,False,False,False,False,False,False
2000-01-01 00:30:21,22.9,54.0,7.1,4.2,0.7,7.1,54,108,162,104,267,371,False,False,False,False,False,False
2000-01-01 00:30:23,22.9,53.9,6.9,4.1,0.7,6.9,31,131,162,104,267,371,False,False,False,False,False,False
2000-01-01 00:30:25,22.9,54.0,6.8,4.1,0.7,6.8,39,123,162,104,267,371,False,False,False,False,False,False
2000-01-01 00:30:27,22.9,54.0,6.8,4.1,0.7,6.8,47,114,162,104,267,371,False,False,False,False,False,False
2000-01-01 00:30:29,22.9,54.0,7.5,4.4,0.7,7.5,23,139,162,104,267,371,False,False,False,False,False,False
2000-01-01 00:30:31,22.9,54.0,6.5,3.9,0.7,6.5,31,130,162,104,267,371,False,False,False,False,False,False
2000-01-01 00:30:33,22.9,54.0,6.8,4.1,0.7,6.8,40,122,162,104,267,371,False,False,False,False,False,False
2000-01-01 00:30:35,22.9,54.0,6.8,4.1,0.7,6.8,48,114,162,104,267,371,False,False,False,False,False,False
2000-01-01 00:30:37,22.9,54.0,6.9,4.1,0.7,6.9,24,138,162,104,267,371,False,False,False,False,False,False
2000-01-01 00:30:39,22.9,54.0,6.8,4.1,0.7,6.8,32,129,162,104,267,371,False,False,False,False,False,False
2000-01-01 00:30:41,22.9,54.0,7.1,4.2,0.7,7.1,41,121,162,104,267,371,False,False,False,False,False,False
2000-01-01 00:30:43,22.9,54.0,6.8,4.1,0.7,6.8,49,113,162,104,267,371,False,False,False,False,False,False
2000-01-01 00:30:45,22.9,54.0,6.9,4.1,0.7,6.9,26,135,162,104,267,371,False,False,False,False,False,False
2000-01-01 00:30:47,22.9,54.0,6.8,4.1,0.7,6.8,35,127,162,104,267,371,False,False,False,False,False,False
2000-01-01 00:30:49,22.9,54.0,6.8,4.1,0.7,6.8,43,119,162,104,267,371,False,False,False,False,False,False
2000-01-01 00:30:51,22.9,54.0,8.0,4.6,0.7,8.0,51,111,162,104,267,371,False,False,False,False,False,False
2000-01-01 00:30:53,22.9,54.0,6.9,4.1,0.7,6.9,29,133,162,104,267,371,False,False,False,False,False,False
2000-01-01 00:30:55,23.0,54.1,6.8,4.1,0.7,6.8,37,125,162,104,267,371,False,False,False,False,False,False
2000-01-01 00:30:57,22.9,54.0,6.8,4.1,0.7,6.8,45,116,162,104,267,371,False,False,False,False,False,False
2000-01-01 00:30:59,22.9,54.0,6.8,4.1,0.7,6.8,54,108,162,104,267,371,False,False,False,False,False,False
2000-01-01 00:31:01,22.9,54.0,7.2,4.3,0.7,7.2,31,131,162,104,267,371,False,False,False,False,False,False
2000-01-01 00:31:03,22.9,54.0,6.8,4.1,0.7,6.8,39,123,162,104,267,371,False,False,False,False,False,False
2000-01-01 00:31:05,22.9,54.0,6.8,4.1,0.7,6.8,47,114,162,104,267,371,False,False,False,False,False,False
2000-01-01 00:31:07,22.9,54.0,7.5,4.4,0.7,7.5,23,139,162,104,267,371,False,False,False,False,False,False
2000-01-01 00:31:09,22.9,54.0,10.5,5.9,0.7,10.5,31,130,162,104,267,371,False,False,False,False,False,False
2000-01-01 00:31:11,22.9,53.9,6.8,4.1,0.7,6.8,40,122,162,104,267,371,False,False,False,False,False,False
2000-01-01 00:31:13,22.9,53.9,6.8,4.1,0.7,6.8,48,114,162,104,267,371,False,False,False,False,False,False
2000-01-01 00:31:15,22.9,53.9,6.9,4.1,0.7,6.9,24,138,162,104,267,371,False,False,False,False,False,False
2000-01-01 00:31:17,22.9,53.9,6.8,4.1,0.7,6.8,32,129,162,104,267,371,False,False,False,False,False,False
2000-01-01 00:31:19,22.9,54.0,7.1,4.2,0.7,7.1,41,121,162,104,267,371,False,False,False,False,False,False
2000-01-01 00:31:21,22.9,53.9,7.3,4.3,0.7,7.3,49,113,162,104,267,371,False,False,False,False,False,False
2000-01-01 00:31:23,22.9,54.0,6.9,4.1,0.7,6.9,25,137,162,104,267,371,False,False,False,False,False,False
2000-01-01 00:31:25,22.9,54.0,6.8,4.1,0.7,6.8,33,128,162,104,267,371,False,False,False,False,False,False
2000-01-01 00:31:27,22.9,54.0,6.8,4.1,0.7,6.8,42,120,162,104,267,371,False,False,False,False,False,False
2000-01-01 00:31:29,22.9,54.0,7.1,4.2,0.7,7.1,50,112,162,104,267,371,False,False,False,False,False,False
2000-01-01 00:31:31,22.9,54.0,6.9,4.1,0.7,6.9,27,135,162,104,267,371,False,False,False,False,False,False
2000-01-01 00:31:33,23.0,54.0,6.8,4.1,0.7,6.8,35,127,162,104,267,371,False,False,False,False,False,False
2000-01-01 00:31:35,22.9,54.0,6.8,4.1,0.7,6.8,43,118,162,104,267,371,False,False,False,False,False,False
2000-01-01 00:31:37,22.9,54.0,6.8,4.1,0.7,6.8,52,110,162,104,267,371,False,False,False,False,False,False
2000-01-01 00:31:39,22.9,53.9,7.2,4.3,0.7,7.2,29,133,162,104,267,371,False,False,False,False,False,False
2000-01-01 00:31:41,22.9,53.9,6.8,4.1,0.7,6.8,37,125,162,104,267,371,False,False,False,False,False,False
2000-01-01 00:31:43,22.9,53.9,6.8,4.1,0.7,6.8,45,116,162,104,267,371,False,False,False,False,False,False
2000-01-01 00:31:45,22.9,54.0,6.8,4.1,0.7,6.8,54,108,162,104,267,371,False,False,False,False,False,False
2000-01-01 00:31:47,23.0,53.9,6.9,4.1,0.7,6.9,31,131,162,104,267,371,False,False,False,False,False,False
2000-01-01 00:31:49,23.0,54.0,7.1,4.2,0.7,7.1,39,123,162,104,267,371,False,False,False,False,False,False
2000-01-01 00:31:51,22.9,54.0,6.8,4.1,0.7,6.8,47,114,162,104,267,371,False,False,False,False,False,False
2000-01-01 00:31:53,23.0,53.9,7.5,4.4,0.7,7.5,23,139,162,104,267,371,False,False,False,False,False,False
2000-01-01 00:31:55,23.0,54.0,6.2,3.8,0.7,6.2,31,130,162,104,267,371,False,False,False,False,False,False
2000-01-01 00:31:57,23.0,53.9,6.8,4.1,0.7,6.8,40,122,162,104,267,371,False,False,False,False,False,False
2000-01-01 00:31:59,23.0,53.9,7.1,4.2,0.7,7.1,48,114,162,104,267,371,False,False,False,False,False,False
2000-01-01 00:32:01,23.0,53.9,6.9,4.1,0.7,6.9,24,138,162,104,267,371,False,False,False,False,False,False
2000-01-01 00:32:03,23.0,53.9,6.8,4.1,0.7,6.8,32,129,162,104,267,371,False,False,False,False,False,False
2000-01-01 00:32:05,23.0,53.9,6.8,4.1,0.7,6.8,41,121,162,104,267,371,False,False,False,False,False,False
2000-01-01 00:32:07,23.0,53.9,6.8,4.1,0.7,6.8,49,113,162,104,267,371,False,False,False,False,False,False
2000-01-01 00:32:09,23.0,53.9,7.2,4.3,0.7,7.2,25,137,162,104,267,371,False,False,False,False,False,False
2000-01-01 00:32:11,23.0,53.9,6.8,4.1,0.7,6.8,33,128,162,104,267,371,False,False,False,False,False,False
2000-01-01 00:32:13,23.0,53.8,6.8,4.1,0.7,6.8,42,120,162,104,267,371,False,False,False,False,False,False
2000-01-01 00:32:15,23.0,53.9,6.8,4.1,0.7,6.8,50,112,162,104,267,371,False,False,False,False,False,False
2000-01-01 00:32:17,23.0,53.9,7.7,4.5,0.7,7.7,27,135,162,104,267,371,False,False,False,False,False,False
2000-01-01 00:32:19,23.0,53.9,7.1,4.2,0.7,7.1,35,127,162,104,267,371,False,False,False,False,False,False
2000-01-01 00:32:21,23.0,53.8,6.8,4.1,0.7,6.8,43,118,162,104,267,371,False,False,False,False,False,False
2000-01-01 00:32:23,23.0,53.9,6.8,4.1,0.7,6.8,52,110,162,104,267,371,False,False,False,False,False,False
2000-01-01 00:32:25,23.0,53.9,6.9,4.1,0.7,6.9,29,133,162,104,267,371,False,False,False,False,False,False
2000-01-01 00:32:27,23.0,53.9,7.1,4.2,0.7,7.1,37,125,162,104,267,371,False,False,False,False,False,False
2000-01-01 00:32:29,23.0,53.9,6.8,4.1,0.7,6.8,45,116,162,104,267,371,False,False,False,False,False,False
2000-01-01 00:32:31,23.0,53.9,6.8,4.1,0.7,6.8,54,108,162,104,267,371,False,False,False,False,False,False
2000-01-01 00:32:33,23.0,53.9,6.9,4.1,0.7,6.9,30,131,162,104,267,371,False,False,False,False,False,False
2000-01-01 00:32:35,23.0,53.9,6.8,4.1,0.7,6.8,39,123,162,104,267,371,False,False,False,False,False,False
2000-01-01 00:32:37,23.0,53.8,7.1,4.2,0.7,7.1,47,115,162,104,267,371,False,False,False,False,False,False
2000-01-01 00:32:39,23.0,53.9,7.5,4.4,0.7,7.5,23,138,162,104,267,371,False,False,False,False,False,False
2000-01-01 00:32:41,23.0,53.9,6.2,3.7,0.7,6.2,32,130,162,104,267,371,False,False,False,False,False,False
2000-01-01 00:32:43,23.0,53.8,6.8,4.1,0.7,6.8,40,122,162,104,267,371,False,False,False,False,False,False
2000-01-01 00:32:45,23.0,53.9,6.8,4.1,0.7,6.8,48,114,162,104,267,371,False,False,False,False,False,False
2000-01-01 00:32:47,23.0,53.9,7.2,4.3,0.7,7.2,24,138,162,104,267,371,False,False,False,False,False,False
2000-01-01 00:32:49,23.0,53.9,6.8,4.1,0.7,6.8,32,129,162,104,267,371,False,False,False,False,False,False
2000-01-01 00:32:51,23.0,53.8,6.8,4.1,0.7,6.8,41,121,162,104,267,371,False,False,False,False,False,False
2000-01-01 00:32:53,23.0,53.9,6.8,4.1,0.7,6.8,49,113,162,104,267,371,False,False,False,False,False,False
2000-01-01 00:32:55,23.0,53.9,6.9,4.1,0.7,6.9,25,137,162,104,267,371,False,False,False,False,False,False
2000-01-01 00:32:57,23.0,53.9,7.1,4.2,0.7,7.1,33,128,162,104,267,371,False,False,False,False,False,False
2000-01-01 00:32:59,23.0,53.9,6.8,4.1,0.7,6.8,42,120,162,104,267,371,False,False,False,False,False,False
2000-01-01 00:33:01,23.0,53.8,7.6,4.5,0.7,7.6,50,112,162,104,267,371,False,False,False,False,False,False
2000-01-01 00:33:03,23.0,53.9,6.9,4.1,0.7,6.9,27,135,162,104,267,371,False,False,False,False,False,False
2000-01-01 00:33:05,23.0,53.9,6.8,4.1,0.7,6.8,35,127,162,104,267,371,False,False,False,False,False,False
2000-01-01 00:33:07,23.0,53.9,7.1,4.2,0.7,7.1,43,118,162,104,267,371,False,False,False,False,False,False
2000-01-01 00:33:09,23.0,53.8,6.8,4.1,0.7,6.8,52,110,162,104,267,371,False,False,False,False,False,False
2000-01-01 00:33:11,23.0,53.9,7.4,4.4,0.7,7.4,29,133,162,104,267,371,False,False,False,False,False,False
2000-01-01 00:33:13,23.0,53.9,6.8,4.1,0.7,6.8,37,125,162,104,267,371,False,False,False,False,False,False
2000-01-01 00:33:15,23.0,53.9,6.8,4.1,0.7,6.8,45,116,162,104,267,371,False,False,False,False,False,False
2000-01-01 00:33:17,23.0,53.8,7.1,4.2,0.7,7.1,54,108,162,104,267,371,False,False,False,False,False,False
2000-01-01 00:33:19,23.0,53.9,6.9,4.1,0.7,6.9,30,131,162,104,267,371,False,False,False,False,False,False
2000-01-01 00:33:21,23.0,53.9,6.8,4.1,0.7,6.8,39,123,162,104,267,371,False,False,False,False,False,False
2000-01-01 00:33:23,23.0,53.9,6.8,4.1,0.7,6.8,47,115,162,104,267,371,False,False,False,False,False,False
2000-01-01 00:33:25,23.0,53.8,7.5,4.4,0.7,7.5,23,138,162,104,267,371,False,False,False,False,False,False
2000-01-01 00:33:27,23.0,53.8,6.5,3.9,0.7,6.5,32,130,162,104,267,371,False,False,False,False,False,False
2000-01-01 00:33:29,23.0,53.8,6.8,4.1,0.7,6.8,40,122,162,104,267,371,False,False,False,False,False,False
2000-01-01 00:33:31,23.0,53.8,6.8,4.1,0.7,6.8,48,114,162,104,267,371,False,False,False,False,False,False
2000-01-01 00:33:33,23.0,53.8,6.9,4.1,0.7,6.9,24,138,162,104,267,371,False,False,False,False,False,False
2000-01-01 00:33:35,23.0,53.8,6.8,4.1,0.7,6.8,32,129,162,104,267,371,False,False,False,False,False,False
2000-01-01 00:33:37,23.0,53.9,7.1,4.2,0.7,7.1,41,121,162,104,267,371,False,False,False,False,False,False
2000-01-01 00:33:39,23.0,53.9,6.8,4.1,0.7,6.8,49,113,162,104,267,371,False,False,False,False,False,False
2000-01-01 00:33:41,23.0,53.8,6.9,4.1,0.7,6.9,25,137,162,104,267,371,False,False,False,False,False,False
2000-01-01 00:33:43,23.0,53.8,6.8,4.1,0.7,6.8,33,128,162,104,267,371,False,False,False,False,False,False
2000-01-01 00:33:45,22.9,53.8,7.1,4.2,0.7,7.1,42,120,162,104,267,371,False,False,False,False,False,False
2000-01-01 00:33:47,23.0,53.9,6.8,4.1,0.7,6.8,50,112,162,104,267,371,False,False,False,False,False,False
2000-01-01 00:33:49,23.0,53.9,6.9,4.1,0.7,6.9,27,135,162,104,267,371,False,False,False,False,False,False
2000-01-01 00:33:51,23.0,53.8,6.8,4.1,0.7,6.8,35,127,162,104,267,371,False,False,False,False,False,False
2000-01-01 00:33:53,23.0,53.9,6.8,4.1,0.7,6.8,43,118,162,104,267,371,False,False,False,False,False,False
2000-01-01 00:33:55,22.9,53.9,7.1,4.2,0.7,7.1,52,110,162,104,267,371,False,False,False,False,False,False
2000-01-01 00:33:57,23.0,53.9,6.9,4.1,0.7,6.9,29,133,162,104,267,371,False,False,False,False,False,False
2000-01-01 00:33:59,23.0,53.9,6.8,4.1,0.7,6.8,37,125,162,104,267,371,False,False,False,False,False,False
2000-01-01 00:34:01,22.9,53.9,6.8,4.1,0.7,6.8,45,116,162,104,267,371,False,False,False,False,False,False
2000-01-01 00:34:03,22.9,53.9,6.8,4.1,0.7,6.8,54,108,162,104,267,371,False,False,False,False,False,False
2000-01-01 00:34:05,22.9,53.9,7.2,4.3,0.7,7.2,30,131,162,104,267,371,False,False,False,False,False,False
2000-01-01 00:34:07,22.9,53.9,6.8,4.1,0.7,6.8,39,123,162,104,267,371,False,False,False,False,False,False
2000-01-01 00:34:09,22.9,53.8,6.8,4.1,0.7,6.8,47,115,162,104,267,371,False,False,False,False,False,False
2000-01-01 00:34:11,22.9,53.8,7.5,4.4,0.7,7.5,23,138,162,104,267,371,False,False,False,False,False,False
2000-01-01 00:34:13,22.9,53.9,6.2,3.7,0.7,6.2,32,130,162,104,267,371,False,False,False,False,False,False
2000-01-01 00:34:15,22.9,53.9,7.1,4.2,0.7,7.1,40,122,162,104,267,371,False,False,False,False,False,False
2000-01-01 00:34:17,22.9,53.9,6.8,4.1,0.7,6.8,48,114,162,104,267,371,False,False,False,False,False,False
2000-01-01 00:34:19,22.9,53.9,6.9,4.1,0.7,6.9,24,138,162,104,267,371,False,False,False,False,False,False
2000-01-01 00:34:21,22.9,53.9,6.8,4.1,0.7,6.8,32,129,162,104,267,371,False,False,False,False,False,False
2000-01-01 00:34:23,22.9,53.9,6.8,4.1,0.7,6.8,41,121,162,104,267,371,False,False,False,False,False,False
2000-01-01 00:34:25,22.9,53.9,7.1,4.2,0.7,7.1,49,113,162,104,267,371,False,False,False,False,False,False
2000-01-01 00:34:27,22.9,53.9,6.9,4.1,0.7,6.9,25,137,162,104,267,371,False,False,False,False,False,False
2000-01-01 00:34:29,22.9,54.0,6.8,4.1,0.7,6.8,33,128,162,104,267,371,False,False,False,False,False,False
2000-01-01 00:34:31,22.9,53.9,6.8,4.1,0.7,6.8,42,120,162,104,267,371,False,False,False,False,False,False
2000-01-01 00:34:33,22.9,53.9,6.8,4.1,0.7,6.8,50,112,162,104,267,371,False,False,False,False,False,False
2000-01-01 00:34:35,22.9,54.0,7.2,4.3,0.7,7.2,27,135,162,104,267,371,False,False,False,False,False,False
2000-01-01 00:34:37,22.9,54.0,6.8,4.1,0.7,6.8,35,127,162,104,267,371,False,False,False,False,False,False
2000-01-01 00:34:39,22.9,54.0,6.8,4.1,0.7,6.8,43,118,162,104,267,371,False,False,False,False,False,False
2000-01-01 00:34:41,22.9,54.0,6.8,4.1,0.7,6.8,52,110,162,104,267,371,False,False,False,False,False,False
2000-01-01 00:34:43,22.9,54.0,6.9,4.1,0.7,6.9,29,133,162,104,267,371,False,False,False,False,False,False
2000-01-01 00:34:45,22.9,54.0,7.1,4.2,0.7,7.1,37,125,162,104,267,371,False,False,False,False,False,False
2000-01-01 00:34:47,22.8,54.0,6.8,4.1,0.7,6.8,45,116,162,104,267,371,False,False,False,False,False,False
2000-01-01 00:34:49,22.9,54.0,6.8,4.1,0.7,6.8,54,108,162,104,267,371,False,False,False,False,False,False
2000-01-01 00:34:51,22.9,54.0,6.9,4.1,0.7,6.9,30,131,162,104,267,371,False,False,False,False,False,False
2000-01-01 00:34:53,22.9,54.0,6.8,4.1,0.7,6.8,39,123,162,104,267,371,False,False,False,False,False,False
2000-01-01 00:34:55,22.9,54.0,7.1,4.2,0.7,7.1,47,115,162,104,267,371,False,False,False,False,False,False
2000-01-01 00:34:57,22.9,54.0,7.5,4.4,0.7,7.5,23,138,162,104,267,371,False,False,False,False,False,False
2000-01-01 00:34:59,22.9,54.0,6.2,3.7,0.7,6.2,32,130,162,104,267,371,False,False,False,False,False,False
2000-01-01 00:35:01,22.9,54.0,7.3,4.3,0.7,7.3,40,122,162,104,267,371,False,False,False,False,False,False
2000-01-01 00:35:03,22.9,54.1,7.1,4.2,0.7,7.1,48,114,162,104,267,371,False,False,False,False,False,False
2000-01-01 00:35:05,22.9,54.0,6.9,4.1,0.7,6.9,24,138,162,104,267,371,False,False,False,False,False,False
2000-01-01 00:35:07,22.9,54.0,6.8,4.1,0.7,6.8,32,129,162,104,267,371,False,False,False,False,False,False
2000-01-01 00:35:09,22.9,54.0,6.8,4.1,0.7,6.8,41,121,162,104,267,371,False,False,False,False,False,False
2000-01-01 00:35:11,22.9,54.0,6.8,4.1,0.7,6.8,49,113,162,104,267,371,False,False,False,False,False,False
2000-01-01 00:35:13,22.9,54.1,7.2,4.3,0.7,7.2,25,137,162,104,267,371,False,False,False,False,False,False
2000-01-01 00:35:15,22.9,54.0,6.8,4.1,0.7,6.8,33,128,162,104,267,371,False,False,False,False,False,False
2000-01-01 00:35:17,22.9,54.0,6.8,4.1,0.7,6.8,42,120,162,104,267,371,False,False,False,False,False,False
2000-01-01 00:35:19,22.9,54.0,6.8,4.1,0.7,6.8,50,112,162,104,267,371,False,False,False,False,False,False
2000-01-01 00:35:21,22.9,54.0,6.9,4.1,0.7,6.9,27,135,162,104,267,371,False,False,False,False,False,False
2000-01-01 00:35:23,22.9,53.9,7.1,4.2,0.7,7.1,35,127,162,104,267,371,False,False,False,False,False,False
2000-01-01 00:35:25,22.9,54.0,6.8,4.1,0.7,6.8,43,118,162,104,267,371,False,False,False,False,False,False
2000-01-01 00:35:27,22.9,54.0,6.8,4.1,0.7,6.8,52,110,162,104,267,371,False,False,False,False,False,False
2000-01-01 00:35:29,22.9,54.0,6.9,4.1,0.7,6.9,29,133,162,104,267,371,False,False,False,False,False,False
2000-01-01 00:35:31,22.8,54.0,6.8,4.1,0.7,6.8,37,125,162,104,267,371,False,False,False,False,False,False
2000-01-01 00:35:33,22.9,54.1,7.1,4.2,0.7,7.1,45,116,162,104,267,371,False,False,False,False,False,False
2000-01-01 00:35:35,22.9,54.0,6.8,4.1,0.7,6.8,54,108,162,104,267,371,False,False,False,False,False,False
2000-01-01 00:35:37,22.9,54.0,6.9,4.1,0.7,6.9,30,131,162,104,267,371,False,False,False,False,False,False
2000-01-01 00:35:39,22.9,54.0,6.8,4.1,0.7,6.8,39,123,162,104,267,371,False,False,False,False,False,False
2000-01-01 00:35:41,22.9,54.0,6.8,4.1,0.7,6.8,47,115,162,104,267,371,False,False,False,False,False,False
2000-01-01 00:35:43,22.9,54.1,7.8,4.6,0.7,7.8,23,138,162,104,267,371,False,False,False,False,False,False
2000-01-01 00:35:45,22.8,54.0,6.2,3.7,0.7,6.2,32,130,162,104,267,371,False,False,False,False,False,False
2000-01-01 00:35:47,22.9,54.1,6.8,4.1,0.7,6.8,40,122,162,104,267,371,False,False,False,False,False,False
2000-01-01 00:35:49,22.9,54.0,6.8,4.1,0.7,6.8,48,114,162,104,267,371,False,False,False,False,False,False
2000-01-01 00:35:51,22.9,54.0,6.9,4.1,0.7,6.9,24,138,162,104,267,371,False,False,False,False,False,False
2000-01-01 00:35:53,22.9,54.0,7.1,4.2,0.7,7.1,32,129,162,104,267,371,False,False,False,False,False,False
2000-01-01 00:35:55,22.9,54.0,6.8,4.1,0.7,6.8,41,121,162,104,267,371,False,False,False,False,False,False
2000-01-01 00:35:57,22.9,54.0,6.8,4.1,0.7,6.8,49,113,162,104,267,371,False,False,False,False,False,False
2000-01-01 00:35:59,22.9,54.0,6.9,4.1,0.7,6.9,25,137,162,104,267,371,False,False,False,False,False,False
2000-01-01 00:36:01,22.9,54.0,6.8,4.1,0.7,6.8,33,128,162,104,267,371,False,False,False,False,False,False
2000-01-01 00:36:03,22.9,54.1,7.1,4.2,0.7,7.1,42,120,162,104,267,371,False,False,False,False,False,False
2000-01-01 00:36:05,22.9,54.0,6.8,4.1,0.7,6.8,50,112,162,104,267,371,False,False,False,False,False,False
2000-01-01 00:36:07,22.9,54.0,6.9,4.1,0.7,6.9,27,135,162,104,267,371,False,False,False,False,False,False
2000-01-01 00:36:09,22.9,53.9,6.8,4.1,0.7,6.8,35,127,162,104,267,371,False,False,False,False,False,False
2000-01-01 00:36:11,22.9,54.0,6.8,4.1,0.7,6.8,43,118,162,104,267,371,False,False,False,False,False,False
2000-01-01 00:36:13,22.9,54.0,7.1,4.2,0.7,7.1,52,110,162,104,267,371,False,False,False,False,False,False
2000-01-01 00:36:15,22.9,54.0,7.7,4.5,0.7,7.7,29,133,162,104,267,371,False,False,False,False,False,False
2000-01-01 00:36:17,22.9,53.9,6.8,4.1,0.7,6.8,37,125,162,104,267,371,False,False,False,False,False,False
2000-01-01 00:36:19,22.9,54.0,6.8,4.1,0.7,6.8,45,116,162,104,267,371,False,False,False,False,False,False
2000-01-01 00:36:21,22.9,54.0,7.0,4.2,0.7,7.0,54,108,162,104,267,371,False,False,False,False,False,False
2000-01-01 00:36:23,22.9,54.0,6.9,4.1,0.7,6.9,30,131,162,104,267,371,False,False,False,False,False,False
2000-01-01 00:36:25,22.9,54.0,6.8,4.1,0.7,6.8,39,123,162,104,267,371,False,False,False,False,False,False
2000-01-01 00:36:27,22.9,54.0,6.8,4.1,0.7,6.8,47,115,162,104,267,371,False,False,False,False,False,False
2000-01-01 00:36:29,22.9,54.0,7.6,4.4,0.7,7.6,23,138,162,104,267,371,False,False,False,False,False,False
2000-01-01 00:36:31,22.8,54.0,6.5,3.9,0.7,6.5,32,130,162,104,267,371,False,False,False,False,False,False
2000-01-01 00:36:33,22.8,54.0,6.8,4.1,0.7,6.8,40,122,162,104,267,371,False,False,False,False,False,False
2000-01-01 00:36:35,22.8,54.0,6.8,4.1,0.7,6.8,48,114,162,104,267,371,False,False,False,False,False,False
2000-01-01 00:36:37,22.9,54.0,6.9,4.1,0.7,6.9,24,138,162,104,267,371,False,False,False,False,False,False
2000-01-01 00:36:39,22.8,54.0,6.8,4.1,0.7,6.8,32,129,162,104,267,371,False,False,False,False,False,False
2000-01-01 00:36:41,22.8,54.0,7.1,4.2,0.7,7.1,41,121,162,104,267,371,False,False,False,False,False,False
2000-01-01 00:36:43,22.8,53.9,6.8,4.1,0.7,6.8,49,113,162,104,267,371,False,False,False,False,False,False
2000-01-01 00:36:45,22.8,53.9,6.9,4.1,0.7,6.9,25,137,162,104,267,371,False,False,False,False,False,False
2000-01-01 00:36:47,22.8,53.9,6.8,4.1,0.7,6.8,33,128,162,104,267,371,False,False,False,False,False,False
2000-01-01 00:36:49,22.8,54.0,6.8,4.1,0.7,6.8,42,120,162,104,267,371,False,False,False,False,False,False
2000-01-01 00:36:51,22.8,54.0,7.6,4.5,0.7,7.6,50,112,162,104,267,371,False,False,False,False,False,False
2000-01-01 00:36:53,22.8,53.9,6.9,4.1,0.7,6.9,27,135,162,104,267,371,False,False,False,False,False,False
2000-01-01 00:36:55,22.8,54.0,6.8,4.1,0.7,6.8,35,127,162,104,267,371,False,False,False,False,False,False
2000-01-01 00:36:57,22.8,54.1,6.8,4.1,0.7,6.8,43,118,162,104,267,371,False,False,False,False,False,False
2000-01-01 00:36:59,22.8,54.1,7.6,4.5,0.7,7.6,52,110,162,104,267,371,False,False,False,False,False,False
2000-01-01 00:37:01,22.8,54.1,7.2,4.3,0.7,7.2,29,133,162,104,267,371,False,False,False,False,False,False
2000-01-01 00:37:03,22.8,54.1,6.8,4.1,0.7,6.8,37,125,162,104,267,371,False,False,False,False,False,False
2000-01-01 00:37:05,22.8,54.1,6.8,4.1,0.7,6.8,45,116,162,104,267,371,False,False,False,False,False,False
2000-01-01 00:37:07,22.8,54.1,6.8,4.1,0.7,6.8,54,108,162,104,267,371,False,False,False,False,False,False
2000-01-01 00:37:09,22.8,54.1,6.9,4.1,0.7,6.9,30,131,162,104,267,371,False,False,False,False,False,False
2000-01-01 00:37:11,22.8,54.1,7.1,4.2,0.7,7.1,39,123,162,104,267,371,False,False,False,False,False,False
2000-01-01 00:37:13,22.8,54.1,6.8,4.1,0.7,6.8,47,115,162,104,267,371,False,False,False,False,False,False
2000-01-01 00:37:15,22.8,54.1,7.6,4.4,0.7,7.6,23,138,162,104,267,371,False,False,False,False,False,False
2000-01-01 00:37:17,22.8,54.1,6.2,3.8,0.7,6.2,32,130,162,104,267,371,False,False,False,False,False,False
2000-01-01 00:37:19,22.8,54.2,6.8,4.1,0.7,6.8,40,122,162,104,267,371,False,False,False,False,False,False
2000-01-01 00:37:21,22.8,54.1,7.1,4.2,0.7,7.1,48,114,162,104,267,371,False,False,False,False,False,False
2000-01-01 00:37:23,22.8,54.1,6.9,4.1,0.7,6.9,24,138,162,104,267,371,False,False,False,False,False,False
2000-01-01 00:37:25,22.8,54.2,6.8,4.1,0.7,6.8,32,129,162,104,267,371,False,False,False,False,False,False
2000-01-01 00:37:27,22.8,54.1,6.8,4.1,0.7,6.8,41,121,162,104,267,371,False,False,False,False,False,False
2000-01-01 00:37:29,22.8,54.2,6.8,4.1,0.7,6.8,49,113,162,104,267,371,False,False,False,False,False,False
2000-01-01 00:37:31,22.8,54.1,7.2,4.3,0.7,7.2,25,137,162,104,267,371,False,False,False,False,False,False
2000-01-01 00:37:33,22.8,54.2,6.8,4.1,0.7,6.8,33,128,162,104,267,371,False,False,False,False,False,False
2000-01-01 00:37:35,22.8,54.2,6.8,4.1,0.7,6.8,42,120,162,104,267,371,False,False,False,False,False,False
2000-01-01 00:37:37,22.8,54.2,6.8,4.1,0.7,6.8,50,112,162,104,267,371,False,False,False,False,False,False
2000-01-01 00:37:39,22.7,54.2,7.2,4.3,0.7,7.2,27,135,162,104,267,371,False,False,False,False,False,False
2000-01-01 00:37:41,22.7,54.2,6.8,4.1,0.7,6.8,35,127,162,104,267,371,False,False,False,False,False,False
2000-01-01 00:37:43,22.8,54.2,6.8,4.1,0.7,6.8,43,118,162,104,267,371,False,False,False,False,False,False
2000-01-01 00:37:45,22.7,54.2,6.8,4.1,0.7,6.8,52,110,162,104,267,371,False,False,False,False,False,False
2000-01-01 00:37:47,22.7,54.2,6.9,4.1,0.7,6.9,29,133,162,104,267,371,False,False,False,False,False,False
2000-01-01 00:37:49,22.7,54.2,7.1,4.2,0.7,7.1,37,125,162,104,267,371,False,False,False,False,False,False
2000-01-01 00:37:51,22.7,54.2,6.8,4.1,0.7,6.8,45,116,162,104,267,371,False,False,False,False,False,False
2000-01-01 00:37:53,22.7,54.1,6.8,4.1,0.7,6.8,54,108,162,104,267,371,False,False,False,False,False,False
2000-01-01 00:37:55,22.7,54.2,6.9,4.1,0.7,6.9,30,131,162,104,267,371,False,False,False,False,False,False
2000-01-01 00:37:57,22.7,54.2,6.8,4.1,0.7,6.8,39,123,162,104,267,371,False,False,False,False,False,False
2000-01-01 00:37:59,22.7,54.1,7.1,4.2,0.7,7.1,47,115,162,104,267,371,False,False,False,False,False,False
2000-01-01 00:38:01,22.7,54.1,7.6,4.4,0.7,7.6,23,138,162,104,267,371,False,False,False,False,False,False
2000-01-01 00:38:03,22.7,54.1,6.2,3.8,0.7,6.2,32,130,162,104,267,371,False,False,False,False,False,False
2000-01-01 00:38:05,22.8,54.1,6.8,4.1,0.7,6.8,40,122,162,104,267,371,False,False,False,False,False,False
2000-01-01 00:38:07,22.8,54.0,6.8,4.1,0.7,6.8,48,114,162,104,267,371,False,False,False,False,False,False
2000-01-01 00:38:09,22.8,53.9,7.2,4.3,0.7,7.2,24,138,162,104,267,371,False,False,False,False,False,False
2000-01-01 00:38:11,22.8,53.8,6.8,4.1,0.7,6.8,32,129,162,104,267,371,False,False,False,False,False,False
2000-01-01 00:38:13,22.8,53.9,6.8,4.1,0.7,6.8,41,121,162,104,267,371,False,False,False,False,False,False
2000-01-01 00:38:15,22.7,53.9,6.8,4.1,0.7,6.8,49,113,162,104,267,371,False,False,False,False,False,False
2000-01-01 00:38:17,22.8,53.9,6.9,4.1,0.7,6.9,25,137,162,104,267,371,False,False,False,False,False,False
2000-01-01 00:38:19,22.8,54.0,7.1,4.2,0.7,7.1,33,128,162,104,267,371,False,False,False,False,False,False
2000-01-01 00:38:21,22.8,54.0,6.8,4.1,0.7,6.8,42,120,162,104,267,371,False,False,False,False,False,False
2000-01-01 00:38:23,22.8,54.0,6.8,4.1,0.7,6.8,50,112,162,104,267,371,False,False,False,False,False,False
2000-01-01 00:38:25,22.7,54.0,6.9,4.1,0.7,6.9,27,135,162,104,267,371,False,False,False,False,False,False
2000-01-01 00:38:27,22.8,54.0,6.8,4.1,0.7,6.8,35,127,162,104,267,371,False,False,False,False,False,False
2000-01-01 00:38:29,22.8,54.1,7.1,4.2,0.7,7.1,43,118,162,104,267,371,False,False,False,False,False,False
2000-01-01 00:38:31,22.8,54.1,6.8,4.1,0.7,6.8,52,110,162,104,267,371,False,False,False,False,False,False
2000-01-01 00:38:33,22.8,54.1,6.9,4.1,0.7,6.9,29,133,162,104,267,371,False,False,False,False,False,False
2000-01-01 00:38:35,22.8,54.1,6.8,4.1,0.7,6.8,37,125,162,104,267,371,False,False,False,False,False,False
2000-01-01 00:38:37,22.8,54.1,6.8,4.1,0.7,6.8,45,116,162,104,267,371,False,False,False,False,False,False
2000-01-01 00:38:39,22.8,54.1,7.1,4.2,0.7,7.1,54,108,162,104,267,371,False,False,False,False,False,False
2000-01-01 00:38:41,22.8,54.1,7.4,4.4,0.7,7.4,30,131,162,104,267,371,False,False,False,False,False,False
2000-01-01 00:38:43,22.8,54.2,6.8,4.1,0.7,6.8,39,123,162,104,267,371,False,False,False,False,False,False
2000-01-01 00:38:45,22.8,54.2,6.8,4.1,0.7,6.8,47,115,162,104,267,371,False,False,False,False,False,False
2000-01-01 00:38:47,22.8,54.2,7.5,4.4,0.7,7.5,23,138,162,104,267,371,False,False,False,False,False,False
2000-01-01 00:38:49,22.8,54.2,6.5,3.9,0.7,6.5,32,130,162,104,267,371,False,False,False,False,False,False
2000-01-01 00:38:51,22.8,54.2,6.8,4.1,0.7,6.8,40,122,162,104,267,371,False,False,False,False,False,False
2000-01-01 00:38:53,22.8,54.2,6.8,4.1,0.7,6.8,48,114,162,104,267,371,False,False,False,False,False,False
2000-01-01 00:38:55,22.7,54.2,6.9,4.1,0.7,6.9,24,138,162,104,267,371,False,False,False,False,False,False
2000-01-01 00:38:57,22.7,54.2,7.1,4.2,0.7,7.1,32,129,162,104,267,371,False,False,False,False,False,False
2000-01-01 00:38:59,22.7,54.2,6.8,4.1,0.7,6.8,41,121,162,104,267,371,False,False,False,False,False,False
2000-01-01 00:39:01,22.7,54.2,6.8,4.1,0.7,6.8,49,113,162,104,267,371,False,False,False,False,False,False
2000-01-01 00:39:03,22.7,54.2,6.9,4.1,0.7,6.9,25,137,162,104,267,371,False,False,False,False,False,False
2000-01-01 00:39:05,22.7,54.2,6.8,4.1,0.7,6.8,33,128,162,104,267,371,False,False,False,False,False,False
2000-01-01 00:39:07,22.7,54.2,7.1,4.2,0.7,7.1,42,120,162,104,267,371,False,False,False,False,False,False
2000-01-01 00:39:09,22.8,54.2,6.8,4.1,0.7,6.8,50,112,162,104,267,371,False,False,False,False,False,False
2000-01-01 00:39:11,22.8,54.3,6.9,4.1,0.7,6.9,27,135,162,104,267,371,False,False,False,False,False,False
2000-01-01 00:39:13,22.8,54.2,6.8,4.1,0.7,6.8,35,127,162,104,267,371,False,False,False,False,False,False
2000-01-01 00:39:15,22.7,54.2,6.8,4.1,0.7,6.8,43,118,162,104,267,371,False,False,False,False,False,False
2000-01-01 00:39:17,22.7,54.2,7.1,4.2,0.7,7.1,52,110,162,104,267,371,False,False,False,False,False,False
2000-01-01 00:39:19,22.7,54.2,6.9,4.1,0.7,6.9,29,133,162,104,267,371,False,False,False,False,False,False
2000-01-01 00:39:21,22.7,54.2,6.8,4.1,0.7,6.8,37,125,162,104,267,371,False,False,False,False,False,False
2000-01-01 00:39:23,22.7,54.2,6.8,4.1,0.7,6.8,45,116,162,104,267,371,False,False,False,False,False,False
2000-01-01 00:39:25,22.7,54.2,6.8,4.1,0.7,6.8,54,108,162,104,267,371,False,False,False,False,False,False
2000-01-01 00:39:27,22.7,54.2,7.2,4.3,0.7,7.2,30,131,162,104,267,371,False,False,False,False,False,False
2000-01-01 00:39:29,22.7,54.2,6.8,4.1,0.7,6.8,39,123,162,104,267,371,False,False,False,False,False,False
2000-01-01 00:39:31,22.8,54.2,6.8,4.1,0.7,6.8,47,115,162,104,267,371,False,False,False,False,False,False
2000-01-01 00:39:33,22.7,54.2,7.6,4.4,0.7,7.6,23,138,162,104,267,371,False,False,False,False,False,False
2000-01-01 00:39:35,22.7,54.1,6.2,3.8,0.7,6.2,32,130,162,104,267,371,False,False,False,False,False,False
2000-01-01 00:39:37,22.7,54.1,7.1,4.2,0.7,7.1,40,122,162,104,267,371,False,False,False,False,False,False
2000-01-01 00:39:39,22.8,54.1,6.8,4.1,0.7,6.8,48,114,162,104,267,371,False,False,False,False,False,False
2000-01-01 00:39:41,22.7,54.1,6.9,4.1,0.7,6.9,24,138,162,104,267,371,False,False,False,False,False,False
2000-01-01 00:39:43,22.7,54.2,6.8,4.1,0.7,6.8,32,129,162,104,267,371,False,False,False,False,False,False
2000-01-01 00:39:45,22.7,54.2,6.8,4.1,0.7,6.8,41,121,162,104,267,371,False,False,False,False,False,False
2000-01-01 00:39:47,22.7,54.2,7.1,4.2,0.7,7.1,49,113,162,104,267,371,False,False,False,False,False,False
2000-01-01 00:39:49,22.7,54.2,6.9,4.1,0.7,6.9,25,137,162,104,267,371,False,False,False,False,False,False
2000-01-01 00:39:51,22.7,54.1,6.8,4.1,0.7,6.8,33,128,162,104,267,371,False,False,False,False,False,False
2000-01-01 00:39:53,22.7,54.1,6.8,4.1,0.7,6.8,42,120,162,104,267,371,False,False,False,False,False,False
2000-01-01 00:39:55,22.7,54.2,6.8,4.1,0.7,6.8,50,112,162,104,267,371,False,False,False,False,False,False
2000-01-01 00:39:57,22.7,54.1,7.2,4.3,0.7,7.2,27,135,162,104,267,371,False,False,False,False,False,False
2000-01-01 00:39:59,22.7,54.2,6.8,4.1,0.7,6.8,35,127,162,104,267,371,False,False,False,False,False,False
2000-01-01 00:40:01,22.7,54.2,6.8,4.1,0.7,6.8,43,118,162,104,267,371,False,False,False,False,False,False
2000-01-01 00:40:03,22.7,54.1,6.8,4.1,0.7,6.8,52,110,162,104,267,371,False,False,False,False,False,False
2000-01-01 00:40:05,22.7,54.2,6.9,4.1,0.7,6.9,29,133,162,104,267,371,False,False,False,False,False,False
2000-01-01 00:40:07,22.7,54.2,7.1,4.2,0.7,7.1,37,125,162,104,267,371,False,False,False,False,False,False
2000-01-01 00:40:09,22.7,54.2,6.8,4.1,0.7,6.8,45,116,162,104,267,371,False,False,False,False,False,False
2000-01-01 00:40:11,22.7,54.2,6.8,4.1,0.7,6.8,54,108,162,104,267,371,False,False,False,False,False,False
2000-01-01 00:40:13,22.7,54.2,7.7,4.5,0.7,7.7,30,131,162,104,267,371,False,False,False,False,False,False
2000-01-01 00:40:15,22.7,54.2,7.1,4.2,0.7,7.1,39,123,162,104,267,371,False,False,False,False,False,False
2000-01-01 00:40:17,22.7,54.2,6.8,4.1,0.7,6.8,47,115,162,104,267,371,False,False,False,False,False,False
2000-01-01 00:40:19,22.7,54.2,7.5,4.4,0.7,7.5,23,138,162,104,267,371,False,False,False,False,False,False
2000-01-01 00:40:21,22.7,54.2,6.2,3.7,0.7,6.2,32,130,162,104,267,371,False,False,False,False,False,False
2000-01-01 00:40:23,22.7,54.2,6.8,4.1,0.7,6.8,40,122,162,104,267,371,False,False,False,False,False,False
2000-01-01 00:40:25,22.7,54.2,7.1,4.2,0.7,7.1,48,114,162,104,267,371,False,False,False,False,False,False
2000-01-01 00:40:27,22.7,54.2,6.9,4.1,0.7,6.9,24,138,162,104,267,371,False,False,False,False,False,False
2000-01-01 00:40:29,22.7,54.2,6.8,4.1,0.7,6.8,32,129,162,104,267,371,False,False,False,False,False,False
2000-01-01 00:40:31,22.7,54.2,7.3,4.3,0.7,7.3,41,121,162,104,267,371,False,False,False,False,False,False
2000-01-01 00:40:33,22.7,54.2,6.8,4.1,0.7,6.8,49,113,162,104,267,371,False,False,False,False,False,False
2000-01-01 00:40:35,22.7,54.2,7.2,4.3,0.7,7.2,25,137,162,104,267,371,False,False,False,False,False,False
2000-01-01 00:40:37,22.7,54.1,6.8,4.1,0.7,6.8,33,128,162,104,267,371,False,False,False,False,False,False
2000-01-01 00:40:39,22.7,54.1,6.8,4.1,0.7,6.8,42,120,162,104,267,371,False,False,False,False,False,False
2000-01-01 00:40:41,22.7,54.1,6.8,4.1,0.7,6.8,50,112,162,104,267,371,False,False,False,False,False,False
2000-01-01 00:40:43,22.7,54.1,6.9,4.1,0.7,6.9,27,135,162,104,267,371,False,False,False,False,False,False
2000-01-01 00:40:45,22.7,54.2,7.1,4.2,0.7,7.1,35,127,162,104,267,371,False,False,False,False,False,False
2000-01-01 00:40:47,22.7,54.2,6.8,4.1,0.7,6.8,43,118,162,104,267,371,False,False,False,False,False,False
2000-01-01 00:40:49,22.7,54.2,6.8,4.1,0.7,6.8,52,110,162,104,267,371,False,False,False,False,False,False
2000-01-01 00:40:51,22.7,54.2,6.9,4.1,0.7,6.9,29,133,162,104,267,371,False,False,False,False,False,False
2000-01-01 00:40:53,22.7,54.2,6.8,4.1,0.7,6.8,37,125,162,104,267,371,False,False,False,False,False,False
2000-01-01 00:40:55,22.7,54.2,7.1,4.2,0.7,7.1,45,116,162,104,267,371,False,False,False,False,False,False
2000-01-01 00:40:57,22.7,54.2,7.6,4.5,0.7,7.6,54,108,162,104,267,371,False,False,False,False,False,False
2000-01-01 00:40:59,22.7,54.3,6.9,4.1,0.7,6.9,30,131,162,104,267,371,False,False,False,False,False,False
2000-01-01 00:41:01,22.7,54.2,6.8,4.1,0.7,6.8,39,123,162,104,267,371,False,False,False,False,False,False
2000-01-01 00:41:03,22.7,54.2,6.8,4.1,0.7,6.8,47,115,162,104,267,371,False,False,False,False,False,False
2000-01-01 00:41:05,22.7,54.1,7.9,4.6,0.7,7.9,23,138,162,104,267,371,False,False,False,False,False,False
2000-01-01 00:41:07,22.7,54.1,6.2,3.7,0.7,6.2,32,130,162,104,267,371,False,False,False,False,False,False
2000-01-01 00:41:09,22.7,54.0,6.8,4.1,0.7,6.8,40,122,162,104,267,371,False,False,False,False,False,False
2000-01-01 00:41:11,22.7,54.1,6.8,4.1,0.7,6.8,48,114,162,104,267,371,False,False,False,False,False,False
2000-01-01 00:41:13,22.7,54.2,6.9,4.1,0.7,6.9,24,138,162,104,267,371,False,False,False,False,False,False
2000-01-01 00:41:15,22.7,54.1,7.1,4.2,0.7,7.1,32,129,162,104,267,371,False,False,False,False,False,False
2000-01-01 00:41:17,22.7,54.2,6.8,4.1,0.7,6.8,41,121,162,104,267,371,False,False,False,False,False,False
2000-01-01 00:41:19,22.7,54.2,6.8,4.1,0.7,6.8,49,113,162,104,267,371,False,False,False,False,False,False
2000-01-01 00:41:21,22.7,54.2,6.9,4.1,0.7,6.9,25,137,162,104,267,371,False,False,False,False,False,False
2000-01-01 00:41:23,22.7,54.2,6.8,4.1,0.7,6.8,33,128,162,104,267,371,False,False,False,False,False,False
2000-01-01 00:41:25,22.7,54.2,7.1,4.2,0.7,7.1,42,120,162,104,267,371,False,False,False,False,False,False
2000-01-01 00:41:27,22.7,54.3,6.8,4.1,0.7,6.8,50,112,162,104,267,371,False,False,False,False,False,False
2000-01-01 00:41:29,22.7,54.2,6.9,4.1,0.7,6.9,27,135,162,104,267,371,False,False,False,False,False,False
2000-01-01 00:41:31,22.7,54.3,6.8,4.1,0.7,6.8,35,127,162,104,267,371,False,False,False,False,False,False
2000-01-01 00:41:33,22.7,54.2,11.7,6.5,0.7,11.7,43,118,162,104,267,371,False,False,False,False,False,False
2000-01-01 00:41:35,22.7,54.2,6.8,4.1,0.7,6.8,52,110,162,104,267,371,False,False,False,False,False,False
2000-01-01 00:41:37,22.7,54.2,6.9,4.1,0.7,6.9,29,133,162,104,267,371,False,False,False,False,False,False
2000-01-01 00:41:39,22.7,54.2,6.8,4.1,0.7,6.8,37,125,162,104,267,371,False,False,False,False,False,False
2000-01-01 00:41:41,22.7,54.1,6.8,4.1,0.7,6.8,45,116,162,104,267,371,False,False,False,False,False,False
2000-01-01 00:41:43,22.7,54.0,7.1,4.2,0.7,7.1,54,108,162,104,267,371,False,False,False,False,False,False
2000-01-01 00:41:45,22.7,54.0,6.9,4.1,0.7,6.9,30,131,162,104,267,371,False,False,False,False,False,False
2000-01-01 00:41:47,22.7,54.0,6.8,4.1,0.7,6.8,39,123,162,104,267,371,False,False,False,False,False,False
2000-01-01 00:41:49,22.7,54.0,6.8,4.1,0.7,6.8,47,115,162,104,267,371,False,False,False,False,False,False
2000-01-01 00:41:51,22.7,54.0,7.5,4.4,0.7,7.5,23,138,162,104,267,371,False,False,False,False,False,False
2000-01-01 00:41:53,22.7,54.1,6.5,3.9,0.7,6.5,32,130,162,104,267,371,False,False,False,False,False,False
2000-01-01 00:41:55,22.7,54.1,6.8,4.1,0.7,6.8,40,122,162,104,267,371,False,False,False,False,False,False
2000-01-01 00:41:57,22.7,54.1,6.8,4.1,0.7,6.8,48,114,162,104,267,371,False,False,False,False,False,False
2000-01-01 00:41:59,22.7,54.1,6.9,4.1,0.7,6.9,24,138,162,104,267,371,False,False,False,False,False,False
2000-01-01 00:42:01,22.7,54.1,6.8,4.1,0.7,6.8,32,129,162,104,267,371,False,False,False,False,False,False
2000-01-01 00:42:03,22.7,54.1,7.1,4.2,0.7,7.1,41,121,162,104,267,371,False,False,False,False,False,False
2000-01-01 00:42:05,22.7,54.1,6.8,4.1,0.7,6.8,49,113,162,104,267,371,False,False,False,False,False,False
2000-01-01 00:42:07,22.7,54.1,6.9,4.1,0.7,6.9,25,137,162,104,267,371,False,False,False,False,False,False
2000-01-01 00:42:09,22.7,54.1,6.8,4.1,0.7,6.8,33,128,162,104,267,371,False,False,False,False,False,False
2000-01-01 00:42:11,22.7,54.2,6.8,4.1,0.7,6.8,42,120,162,104,267,371,False,False,False,False,False,False
2000-01-01 00:42:13,22.7,54.2,7.1,4.2,0.7,7.1,50,112,162,104,267,371,False,False,False,False,False,False
2000-01-01 00:42:15,22.7,54.2,6.9,4.1,0.7,6.9,27,135,162,104,267,371,False,False,False,False,False,False
2000-01-01 00:42:17,22.7,54.2,6.8,4.1,0.7,6.8,35,127,162,104,267,371,False,False,False,False,False,False
2000-01-01 00:42:19,22.7,54.2,6.8,4.1,0.7,6.8,43,118,162,104,267,371,False,False,False,False,False,False
2000-01-01 00:42:21,22.7,54.1,6.8,4.1,0.7,6.8,52,110,162,104,267,371,False,False,False,False,False,False
2000-01-01 00:42:23,22.7,54.2,7.7,4.5,0.7,7.7,29,133,162,104,267,371,False,False,False,False,False,False
2000-01-01 00:42:25,22.7,54.2,6.8,4.1,0.7,6.8,37,125,162,104,267,371,False,False,False,False,False,False
2000-01-01 00:42:27,22.7,54.2,6.8,4.1,0.7,6.8,45,116,162,104,267,371,False,False,False,False,False,False
2000-01-01 00:42:29,22.7,54.2,6.8,4.1,0.7,6.8,54,108,162,104,267,371,False,False,False,False,False,False
2000-01-01 00:42:31,22.7,54.2,6.9,4.1,0.7,6.9,30,131,162,104,267,371,False,False,False,False,False,False
2000-01-01 00:42:33,22.7,54.2,7.1,4.2,0.7,7.1,39,123,162,104,267,371,False,False,False,False,False,False
2000-01-01 00:42:35,22.7,54.2,6.8,4.1,0.7,6.8,47,115,162,104,267,371,False,False,False,False,False,False
2000-01-01 00:42:37,22.7,54.2,7.6,4.4,0.7,7.6,23,138,162,104,267,371,False,False,False,False,False,False
2000-01-01 00:42:39,22.7,54.2,6.2,3.7,0.7,6.2,32,130,162,104,267,371,False,False,False,False,False,False
2000-01-01 00:42:41,22.7,54.1,6.8,4.1,0.7,6.8,40,122,162,104,267,371,False,False,False,False,False,False
2000-01-01 00:42:43,22.7,54.2,7.1,4.2,0.7,7.1,48,114,162,104,267,371,False,False,False,False,False,False
2000-01-01 00:42:45,22.7,54.1,6.9,4.1,0.7,6.9,24,138,162,104,267,371,False,False,False,False,False,False
2000-01-01 00:42:47,22.7,54.2,6.8,4.1,0.7,6.8,32,129,162,104,267,371,False,False,False,False,False,False
2000-01-01 00:42:49,22.7,54.2,6.8,4.1,0.7,6.8,41,121,162,104,267,371,False,False,False,False,False,False
2000-01-01 00:42:51,22.7,54.2,7.1,4.2,0.7,7.1,49,113,162,104,267,371,False,False,False,False,False,False
2000-01-01 00:42:53,22.7,54.2,6.9,4.1,0.7,6.9,25,137,162,104,267,371,False,False,False,False,False,False
2000-01-01 00:42:55,22.7,54.1,6.8,4.1,0.7,6.8,33,128,162,104,267,371,False,False,False,False,False,False
2000-01-01 00:42:57,22.7,54.2,6.8,4.1,0.7,6.8,42,120,162,104,267,371,False,False,False,False,False,False
2000-01-01 00:42:59,22.7,54.1,6.8,4.1,0.7,6.8,50,112,162,104,267,371,False,False,False,False,False,False
2000-01-01 00:43:01,22.7,54.2,7.2,4.3,0.7,7.2,27,135,162,104,267,371,False,False,False,False,False,False
2000-01-01 00:43:03,22.7,54.1,6.8,4.1,0.7,6.8,35,127,162,104,267,371,False,False,False,False,False,False
2000-01-01 00:43:05,22.7,54.2,6.8,4.1,0.7,6.8,43,118,162,104,267,371,False,False,False,False,False,False
2000-01-01 00:43:07,22.7,54.2,6.8,4.1,0.7,6.8,52,110,162,104,267,371,False,False,False,False,False,False
2000-01-01 00:43:09,22.7,54.2,6.9,4.1,0.7,6.9,29,133,162,104,267,371,False,False,False,False,False,False
2000-01-01 00:43:11,22.7,54.1,7.1,4.2,0.7,7.1,37,125,162,104,267,371,False,False,False,False,False,False
2000-01-01 00:43:13,22.7,54.2,6.8,4.1,0.7,6.8,45,116,162,104,267,371,False,False,False,False,False,False
2000-01-01 00:43:15,22.7,54.1,6.8,4.1,0.7,6.8,54,108,162,104,267,371,False,False,False,False,False,False
2000-01-01 00:43:17,22.7,54.1,6.9,4.1,0.7,6.9,30,131,162,104,267,371,False,False,False,False,False,False
2000-01-01 00:43:19,22.7,54.1,6.8,4.1,0.7,6.8,39,123,162,104,267,371,False,False,False,False,False,False
2000-01-01 00:43:21,22.7,54.1,7.1,4.2,0.7,7.1,47,115,162,104,267,371,False,False,False,False,False,False
2000-01-01 00:43:23,22.7,54.2,7.6,4.4,0.7,7.6,23,138,162,104,267,371,False,False,False,False,False,False
2000-01-01 00:43:25,22.7,54.1,6.2,3.8,0.7,6.2,32,130,162,104,267,371,False,False,False,False,False,False
2000-01-01 00:43:27,22.7,54.2,6.8,4.1,0.7,6.8,40,122,162,104,267,371,False,False,False,False,False,False
2000-01-01 00:43:29,22.7,54.1,6.8,4.1,0.7,6.8,48,114,162,104,267,371,False,False,False,False,False,False
2000-01-01 00:43:31,22.7,54.1,7.2,4.3,0.7,7.2,24,138,162,104,267,371,False,False,False,False,False,False
2000-01-01 00:43:33,22.7,54.1,6.8,4.1,0.7,6.8,32,129,162,104,267,371,False,False,False,False,False,False
2000-01-01 00:43:35,22.7,54.1,6.8,4.1,0.7,6.8,41,121,162,104,267,371,False,False,False,False,False,False
2000-01-01 00:43:37,22.7,54.1,6.8,4.1,0.7,6.8,49,113,162,104,267,371,False,False,False,False,False,False
2000-01-01 00:43:39,22.7,54.2,6.9,4.1,0.7,6.9,25,137,162,104,267,371,False,False,False,False,False,False
2000-01-01 00:43:41,22.7,54.1,7.1,4.2,0.7,7.1,33,128,162,104,267,371,False,False,False,False,False,False
2000-01-01 00:43:43,22.7,54.1,6.8,4.1,0.7,6.8,42,120,162,104,267,371,False,False,False,False,False,False
2000-01-01 00:43:45,22.7,54.2,6.8,4.1,0.7,6.8,50,112,162,104,267,371,False,False,False,False,False,False
2000-01-01 00:43:47,22.7,54.1,6.9,4.1,0.7,6.9,27,135,162,104,267,371,False,False,False,False,False,False
2000-01-01 00:43:49,22.7,54.1,6.8,4.1,0.7,6.8,35,127,162,104,267,371,False,False,False,False,False,False
2000-01-01 00:43:51,22.7,54.1,7.1,4.2,0.7,7.1,43,118,162,104,267,371,False,False,False,False,False,False
2000-01-01 00:43:53,22.7,54.2,6.8,4.1,0.7,6.8,52,110,162,104,267,371,False,False,False,False,False,False
2000-01-01 00:43:55,22.7,54.1,6.9,4.1,0.7,6.9,29,133,162,104,267,371,False,False,False,False,False,False
2000-01-01 00:43:57,22.7,54.2,6.8,4.1,0.7,6.8,37,125,162,104,267,371,False,False,False,False,False,False
2000-01-01 00:43:59,22.7,54.1,6.8,4.1,0.7,6.8,45,116,162,104,267,371,False,False,False,False,False,False
2000-01-01 00:44:01,22.7,54.1,7.1,4.2,0.7,7.1,54,108,162,104,267,371,False,False,False,False,False,False
2000-01-01 00:44:03,22.7,54.1,6.9,4.1,0.7,6.9,30,131,162,104,267,371,False,False,False,False,False,False
2000-01-01 00:44:05,22.7,54.2,6.8,4.1,0.7,6.8,39,123,162,104,267,371,False,False,False,False,False,False
2000-01-01 00:44:07,22.7,54.2,6.8,4.1,0.7,6.8,47,115,162,104,267,371,False,False,False,False,False,False
2000-01-01 00:44:09,22.7,54.2,7.9,4.6,0.7,7.9,23,138,162,104,267,371,False,False,False,False,False,False
2000-01-01 00:44:11,22.7,54.2,7.5,4.4,0.7,7.5,32,130,162,104,267,371,False,False,False,False,False,False
2000-01-01 00:44:13,22.7,54.2,6.8,4.1,0.7,6.8,40,122,162,104,267,371,False,False,False,False,False,False
2000-01-01 00:44:15,22.7,54.2,6.8,4.1,0.7,6.8,48,114,162,104,267,371,False,False,False,False,False,False
2000-01-01 00:44:17,22.7,54.2,6.9,4.1,0.7,6.9,24,138,162,104,267,371,False,False,False,False,False,False
2000-01-01 00:44:19,22.7,54.2,7.1,4.2,0.7,7.1,32,129,162,104,267,371,False,False,False,False,False,False
2000-01-01 00:44:21,22.7,54.2,6.8,4.1,0.7,6.8,41,121,162,104,267,371,False,False,False,False,False,False
2000-01-01 00:44:23,22.7,54.2,6.8,4.1,0.7,6.8,49,113,162,104,267,371,False,False,False,False,False,False
2000-01-01 00:44:25,22.7,54.2,6.9,4.1,0.7,6.9,25,137,162,104,267,371,False,False,False,False,False,False
2000-01-01 00:44:27,22.7,54.2,6.8,4.1,0.7,6.8,33,128,162,104,267,371,False,False,False,False,False,False
2000-01-01 00:44:29,22.7,54.3,7.1,4.2,0.7,7.1,42,120,162,104,267,371,False,False,False,False,False,False
2000-01-01 00:44:31,22.7,54.2,6.8,4.1,0.7,6.8,50,112,162,104,267,371,False,False,False,False,False,False
2000-01-01 00:44:33,22.7,54.2,6.9,4.1,0.7,6.9,27,135,162,104,267,371,False,False,False,False,False,False
2000-01-01 00:44:35,22.7,54.3,6.8,4.1,0.7,6.8,35,127,162,104,267,371,False,False,False,False,False,False
2000-01-01 00:44:37,22.7,54.3,6.8,4.1,0.7,6.8,43,118,162,104,267,371,False,False,False,False,False,False
2000-01-01 00:44:39,22.7,54.3,7.1,4.2,0.7,7.1,52,110,162,104,267,371,False,False,False,False,False,False
2000-01-01 00:44:41,22.7,54.3,6.9,4.1,0.7,6.9,29,133,162,104,267,371,False,False,False,False,False,False
2000-01-01 00:44:43,22.7,54.3,6.8,4.1,0.7,6.8,37,125,162,104,267,371,False,False,False,False,False,False
2000-01-01 00:44:45,22.7,54.3,6.8,4.1,0.7,6.8,45,116,162,104,267,371,False,False,False,False,False,False
2000-01-01 00:44:47,22.7,54.3,6.8,4.1,0.7,6.8,54,108,162,104,267,371,False,False,False,False,False,False
2000-01-01 00:44:49,22.7,54.3,7.2,4.3,0.7,7.2,30,131,162,104,267,371,False,False,False,False,False,False
2000-01-01 00:44:51,22.6,54.2,6.8,4.1,0.7,6.8,39,123,162,104,267,371,False,False,False,False,False,False
2000-01-01 00:44:53,22.6,54.2,6.8,4.1,0.7,6.8,47,115,162,104,267,371,False,False,False,False,False,False
2000-01-01 00:44:55,22.7,54.3,8.3,4.8,0.7,8.3,23,138,162,104,267,371,False,False,False,False,False,False
2000-01-01 00:44:57,22.7,54.3,6.2,3.7,0.7,6.2,32,130,162,104,267,371,False,False,False,False,False,False
2000-01-01 00:44:59,22.7,54.3,7.1,4.2,0.7,7.1,40,122,162,104,267,371,False,False,False,False,False,False
2000-01-01 00:45:01,22.6,54.3,6.8,4.1,0.7,6.8,48,114,162,104,267,371,False,False,False,False,False,False
2000-01-01 00:45:03,22.6,54.2,6.9,4.1,0.7,6.9,24,138,162,104,267,371,False,False,False,False,False,False
2000-01-01 00:45:05,22.6,54.3,6.8,4.1,0.7,6.8,32,129,162,104,267,371,False,False,False,False,False,False
2000-01-01 00:45:07,22.6,54.4,6.8,4.1,0.7,6.8,41,121,162,104,267,371,False,False,False,False,False,False
2000-01-01 00:45:09,22.6,54.3,7.1,4.2,0.7,7.1,49,113,162,104,267,371,False,False,False,False,False,False
2000-01-01 00:45:11,22.6,54.3,6.9,4.1,0.7,6.9,25,137,162,104,267,371,False,False,False,False,False,False
2000-01-01 00:45:13,22.6,54.3,6.8,4.1,0.7,6.8,33,128,162,104,267,371,False,False,False,False,False,False
2000-01-01 00:45:15,22.6,54.3,6.8,4.1,0.7,6.8,42,120,162,104,267,371,False,False,False,False,False,False
2000-01-01 00:45:17,22.6,54.4,6.8,4.1,0.7,6.8,50,112,162,104,267,371,False,False,False,False,False,False
2000-01-01 00:45:19,22.6,54.3,7.2,4.3,0.7,7.2,27,135,162,104,267,371,False,False,False,False,False,False
2000-01-01 00:45:21,22.6,54.4,6.8,4.1,0.7,6.8,35,127,162,104,267,371,False,False,False,False,False,False
2000-01-01 00:45:23,22.6,54.3,6.8,4.1,0.7,6.8,43,118,162,104,267,371,False,False,False,False,False,False
2000-01-01 00:45:25,22.6,54.3,6.8,4.1,0.7,6.8,52,110,162,104,267,371,False,False,False,False,False,False
2000-01-01 00:45:27,22.6,54.4,6.9,4.1,0.7,6.9,29,133,162,104,267,371,False,False,False,False,False,False
2000-01-01 00:45:29,22.6,54.3,6.9,4.1,0.7,6.9,37,125,162,104,267,371,False,False,False,False,False,False
2000-01-01 00:45:31,22.6,54.3,6.8,4.1,0.7,6.8,45,116,162,104,267,371,False,False,False,False,False,False
2000-01-01 00:45:33,22.6,54.3,6.8,4.1,0.7,6.8,54,108,162,104,267,371,False,False,False,False,False,False
2000-01-01 00:45:35,22.6,54.4,6.9,4.1,0.7,6.9,30,131,162,104,267,371,False,False,False,False,False,False
2000-01-01 00:45:37,22.6,54.4,7.1,4.2,0.7,7.1,39,123,162,104,267,371,False,False,False,False,False,False
2000-01-01 00:45:39,22.6,54.3,6.8,4.1,0.7,6.8,47,115,162,104,267,371,False,False,False,False,False,False
2000-01-01 00:45:41,22.6,54.3,7.6,4.4,0.7,7.6,23,138,162,104,267,371,False,False,False,False,False,False
2000-01-01 00:45:43,22.6,54.3,6.2,3.7,0.7,6.2,32,130,162,104,267,371,False,False,False,False,False,False
2000-01-01 00:45:45,22.6,54.3,6.8,4.1,0.7,6.8,40,122,162,104,267,371,False,False,False,False,False,False
2000-01-01 00:45:47,22.6,54.3,7.1,4.2,0.7,7.1,48,114,162,104,267,371,False,False,False,False,False,False
2000-01-01 00:45:49,22.6,54.3,6.9,4.1,0.7,6.9,24,138,162,104,267,371,False,False,False,False,False,False
2000-01-01 00:45:51,22.6,54.3,6.8,4.1,0.7,6.8,32,129,162,104,267,371,False,False,False,False,False,False
2000-01-01 00:45:53,22.6,54.3,6.8,4.1,0.7,6.8,41,121,162,104,267,371,False,False,False,False,False,False
2000-01-01 00:45:55,22.6,54.3,6.8,4.1,0.7,6.8,49,113,162,104,267,371,False,False,False,False,False,False
2000-01-01 00:45:57,22.6,54.3,7.2,4.3,0.7,7.2,25,137,162,104,267,371,False,False,False,False,False,False
2000-01-01 00:45:59,22.6,54.3,6.8,4.1,0.7,6.8,33,128,162,104,267,371,False,False,False,False,False,False
2000-01-01 00:46:01,22.6,54.3,6.8,4.1,0.7,6.8,42,120,162,104,267,371,False,False,False,False,False,False
2000-01-01 00:46:03,22.6,54.3,7.3,4.3,0.7,7.3,50,112,162,104,267,371,False,False,False,False,False,False
2000-01-01 00:46:05,22.6,54.3,6.9,4.1,0.7,6.9,27,135,162,104,267,371,False,False,False,False,False,False
2000-01-01 00:46:07,22.6,54.3,7.1,4.2,0.7,7.1,35,127,162,104,267,371,False,False,False,False,False,False
2000-01-01 00:46:09,22.6,54.3,6.8,4.1,0.7,6.8,43,118,162,104,267,371,False,False,False,False,False,False
2000-01-01 00:46:11,22.6,54.3,6.8,4.1,0.7,6.8,52,110,162,104,267,371,False,False,False,False,False,False
2000-01-01 00:46:13,22.6,54.3,6.9,4.1,0.7,6.9,29,133,162,104,267,371,False,False,False,False,False,False
2000-01-01 00:46:15,22.6,54.3,6.8,4.1,0.7,6.8,37,125,162,104,267,371,False,False,False,False,False,False
2000-01-01 00:46:17,22.6,54.3,7.1,4.2,0.7,7.1,45,116,162,104,267,371,False,False,False,False,False,False
2000-01-01 00:46:19,22.6,54.3,6.8,4.1,0.7,6.8,54,108,162,104,267,371,False,False,False,False,False,False
2000-01-01 00:46:21,22.6,54.3,6.9,4.1,0.7,6.9,30,131,162,104,267,371,False,False,False,False,False,False
2000-01-01 00:46:23,22.6,54.3,6.8,4.1,0.7,6.8,39,123,162,104,267,371,False,False,False,False,False,False
2000-01-01 00:46:25,22.6,54.3,6.8,4.1,0.7,6.8,47,115,162,104,267,371,False,False,False,False,False,False
2000-01-01 00:46:27,22.6,54.3,7.9,4.6,0.7,7.9,23,138,162,104,267,371,False,False,False,False,False,False
2000-01-01 00:46:29,22.6,54.4,6.2,3.7,0.7,6.2,32,130,162,104,267,371,False,False,False,False,False,False
2000-01-01 00:46:31,22.6,54.3,6.8,4.1,0.7,6.8,40,122,162,104,267,371,False,False,False,False,False,False
2000-01-01 00:46:33,22.6,54.3,6.8,4.1,0.7,6.8,48,114,162,104,267,371,False,False,False,False,False,False
2000-01-01 00:46:35,22.6,54.3,6.9,4.1,0.7,6.9,24,138,162,104,267,371,False,False,False,False,False,False
2000-01-01 00:46:37,22.6,54.3,7.1,4.2,0.7,7.1,32,129,162,104,267,371,False,False,False,False,False,False
2000-01-01 00:46:39,22.6,54.4,6.8,4.1,0.7,6.8,41,121,162,104,267,371,False,False,False,False,False,False
2000-01-01 00:46:41,22.6,54.3,6.8,4.1,0.7,6.8,49,113,162,104,267,371,False,False,False,False,False,False
2000-01-01 00:46:43,22.6,54.3,6.9,4.1,0.7,6.9,25,137,162,104,267,371,False,False,False,False,False,False
2000-01-01 00:46:45,22.6,54.4,6.8,4.1,0.7,6.8,33,128,162,104,267,371,False,False,False,False,False,False
2000-01-01 00:46:47,22.6,54.3,7.0,4.1,0.7,7.0,42,120,162,104,267,371,False,False,False,False,False,False
2000-01-01 00:46:49,22.6,54.3,6.8,4.1,0.7,6.8,50,112,162,104,267,371,False,False,False,False,False,False
2000-01-01 00:46:51,22.6,54.4,6.9,4.1,0.7,6.9,27,135,162,104,267,371,False,False,False,False,False,False
2000-01-01 00:46:53,22.6,54.3,6.8,4.1,0.7,6.8,35,127,162,104,267,371,False,False,False,False,False,False
2000-01-01 00:46:55,22.6,54.3,7.1,4.2,0.7,7.1,43,118,162,104,267,371,False,False,False,False,False,False
2000-01-01 00:46:57,22.6,54.3,6.8,4.1,0.7,6.8,52,110,162,104,267,371,False,False,False,False,False,False
2000-01-01 00:46:59,22.6,54.3,6.9,4.1,0.7,6.9,29,133,162,104,267,371,False,False,False,False,False,False
2000-01-01 00:47:01,22.6,54.3,6.8,4.1,0.7,6.8,37,125,162,104,267,371,False,False,False,False,False,False
2000-01-01 00:47:03,22.6,54.3,6.8,4.1,0.7,6.8,45,116,162,104,267,371,False,False,False,False,False,False
2000-01-01 00:47:05,22.6,54.3,7.1,4.2,0.7,7.1,54,108,162,104,267,371,False,False,False,False,False,False
2000-01-01 00:47:07,22.6,54.3,6.9,4.1,0.7,6.9,30,131,162,104,267,371,False,False,False,False,False,False
2000-01-01 00:47:09,22.6,54.3,6.8,4.1,0.7,6.8,39,123,162,104,267,371,False,False,False,False,False,False
2000-01-01 00:47:11,22.6,54.3,6.8,4.1,0.7,6.8,47,115,162,104,267,371,False,False,False,False,False,False
2000-01-01 00:47:13,22.6,54.3,7.6,4.4,0.7,7.6,23,138,162,104,267,371,False,False,False,False,False,False
2000-01-01 00:47:15,22.6,54.3,6.5,3.9,0.7,6.5,32,130,162,104,267,371,False,False,False,False,False,False
2000-01-01 00:47:17,22.6,54.4,6.8,4.1,0.7,6.8,40,122,162,104,267,371,False,False,False,False,False,False
2000-01-01 00:47:19,22.6,54.4,6.8,4.1,0.7,6.8,48,114,162,104,267,371,False,False,False,False,False,False
2000-01-01 00:47:21,22.6,54.4,6.9,4.1,0.7,6.9,24,138,162,104,267,371,False,False,False,False,False,False
2000-01-01 00:47:23,22.6,54.4,6.8,4.1,0.7,6.8,32,129,162,104,267,371,False,False,False,False,False,False
2000-01-01 00:47:25,22.6,54.4,7.1,4.2,0.7,7.1,41,121,162,104,267,371,False,False,False,False,False,False
2000-01-01 00:47:27,22.6,54.4,6.8,4.1,0.7,6.8,49,113,162,104,267,371,False,False,False,False,False,False
2000-01-01 00:47:29,22.6,54.4,6.9,4.1,0.7,6.9,25,137,162,104,267,371,False,False,False,False,False,False
2000-01-01 00:47:31,22.6,54.4,6.8,4.1,0.7,6.8,33,128,162,104,267,371,False,False,False,False,False,False
2000-01-01 00:47:33,22.6,54.4,6.8,4.1,0.7,6.8,42,120,162,104,267,371,False,False,False,False,False,False
2000-01-01 00:47:35,22.6,54.4,7.1,4.2,0.7,7.1,50,112,162,104,267,371,False,False,False,False,False,False
2000-01-01 00:47:37,22.6,54.3,6.9,4.1,0.7,6.9,27,135,162,104,267,371,False,False,False,False,False,False
2000-01-01 00:47:39,22.6,54.3,6.8,4.1,0.7,6.8,35,127,162,104,267,371,False,False,False,False,False,False
2000-01-01 00:47:41,22.6,54.4,6.8,4.1,0.7,6.8,43,118,162,104,267,371,False,False,False,False,False,False
2000-01-01 00:47:43,22.6,54.4,6.8,4.1,0.7,6.8,52,110,162,104,267,371,False,False,False,False,False,False
2000-01-01 00:47:45,22.6,54.4,7.2,4.3,0.7,7.2,29,133,162,104,267,371,False,False,False,False,False,False
2000-01-01 00:47:47,22.6,54.3,6.8,4.1,0.7,6.8,37,125,162,104,267,371,False,False,False,False,False,False
2000-01-01 00:47:49,22.6,54.3,6.8,4.1,0.7,6.8,45,116,162,104,267,371,False,False,False,False,False,False
2000-01-01 00:47:51,22.6,54.4,6.8,4.1,0.7,6.8,54,108,162,104,267,371,False,False,False,False,False,False
2000-01-01 00:47:53,22.6,54.4,6.9,4.1,0.7,6.9,30,131,162,104,267,371,False,False,False,False,False,False
2000-01-01 00:47:55,22.6,54.4,7.6,4.5,0.7,7.6,39,123,162,104,267,371,False,False,False,False,False,False
2000-01-01 00:47:57,22.6,54.4,6.8,4.1,0.7,6.8,47,115,162,104,267,371,False,False,False,False,False,False
2000-01-01 00:47:59,22.6,54.3,7.5,4.4,0.7,7.5,23,138,162,104,267,371,False,False,False,False,False,False
2000-01-01 00:48:01,22.6,54.4,6.2,3.8,0.7,6.2,32,130,162,104,267,371,False,False,False,False,False,False
2000-01-01 00:48:03,22.6,54.4,6.8,4.1,0.7,6.8,40,122,162,104,267,371,False,False,False,False,False,False
2000-01-01 00:48:05,22.6,54.4,7.1,4.2,0.7,7.1,48,114,162,104,267,371,False,False,False,False,False,False
2000-01-01 00:48:07,22.6,54.4,6.9,4.1,0.7,6.9,24,138,162,104,267,371,False,False,False,False,False,False
2000-01-01 00:48:09,22.6,54.5,6.8,4.1,0.7,6.8,32,129,162,104,267,371,False,False,False,False,False,False
2000-01-01 00:48:11,22.6,54.4,7.6,4.5,0.7,7.6,41,121,162,104,267,371,False,False,False,False,False,False
2000-01-01 00:48:13,22.6,54.4,7.1,4.2,0.7,7.1,49,113,162,104,267,371,False,False,False,False,False,False
2000-01-01 00:48:15,22.6,54.4,6.9,4.1,0.7,6.9,25,136,162,104,267,371,False,False,False,False,False,False
2000-01-01 00:48:17,22.6,54.4,6.8,4.1,0.7,6.8,34,128,162,104,267,371,False,False,False,False,False,False
2000-01-01 00:48:19,22.6,54.4,6.8,4.1,0.7,6.8,42,120,162,104,267,371,False,False,False,False,False,False
2000-01-01 00:48:21,22.6,54.3,6.8,4.1,0.7,6.8,50,112,162,104,267,371,False,False,False,False,False,False
2000-01-01 00:48:23,22.6,54.4,7.2,4.3,0.7,7.2,27,135,162,104,267,371,False,False,False,False,False,False
2000-01-01 00:48:25,22.6,54.4,6.8,4.1,0.7,6.8,35,127,162,104,267,371,False,False,False,False,False,False
2000-01-01 00:48:27,22.6,54.4,6.8,4.1,0.7,6.8,43,118,162,104,267,371,False,False,False,False,False,False
2000-01-01 00:48:29,22.6,54.4,6.8,4.1,0.7,6.8,52,110,162,104,267,371,False,False,False,False,False,False
2000-01-01 00:48:31,22.6,54.4,6.9,4.1,0.7,6.9,29,133,162,104,267,371,False,False,False,False,False,False
2000-01-01 00:48:33,22.6,54.4,7.1,4.2,0.7,7.1,37,125,162,104,267,371,False,False,False,False,False,False
2000-01-01 00:48:35,22.6,54.4,6.8,4.1,0.7,6.8,45,116,162,104,267,371,False,False,False,False,False,False
2000-01-01 00:48:37,22.6,54.4,6.8,4.1,0.7,6.8,54,108,162,104,267,371,False,False,False,False,False,False
2000-01-01 00:48:39,22.6,54.4,6.9,4.1,0.7,6.9,30,131,162,104,267,371,False,False,False,False,False,False
2000-01-01 00:48:41,22.6,54.5,6.8,4.1,0.7,6.8,39,123,162,104,267,371,False,False,False,False,False,False
2000-01-01 00:48:43,22.6,54.4,7.1,4.2,0.7,7.1,47,115,162,104,267,371,False,False,False,False,False,False
2000-01-01 00:48:45,22.6,54.4,7.5,4.4,0.7,7.5,23,138,162,104,267,371,False,False,False,False,False,False
2000-01-01 00:48:47,22.6,54.4,6.2,3.8,0.7,6.2,32,130,162,104,267,371,False,False,False,False,False,False
2000-01-01 00:48:49,22.5,54.4,6.8,4.1,0.7,6.8,40,122,162,104,267,371,False,False,False,False,False,False
2000-01-01 00:48:51,22.6,54.5,6.8,4.1,0.7,6.8,48,114,162,104,267,371,False,False,False,False,False,False
2000-01-01 00:48:53,22.6,54.4,8.0,4.7,0.7,8.0,24,138,162,104,267,371,False,False,False,False,False,False
2000-01-01 00:48:55,22.6,54.4,6.8,4.1,0.7,6.8,32,129,162,104,267,371,False,False,False,False,False,False
2000-01-01 00:48:57,22.6,54.4,6.8,4.1,0.7,6.8,41,121,162,104,267,371,False,False,False,False,False,False
2000-01-01 00:48:59,22.6,54.5,6.8,4.1,0.7,6.8,49,113,162,104,267,371,False,False,False,False,False,False
2000-01-01 00:49:01,22.5,54.5,6.9,4.1,0.7,6.9,25,137,162,104,267,371,False,False,False,False,False,False
2000-01-01 00:49:03,22.6,54.4,7.1,4.2,0.7,7.1,33,128,162,104,267,371,False,False,False,False,False,False
2000-01-01 00:49:05,22.6,54.5,6.8,4.1,0.7,6.8,42,120,162,104,267,371,False,False,False,False,False,False
2000-01-01 00:49:07,22.6,54.4,6.8,4.1,0.7,6.8,50,112,162,104,267,371,False,False,False,False,False,False
2000-01-01 00:49:09,22.6,54.5,6.9,4.1,0.7,6.9,27,135,162,104,267,371,False,False,False,False,False,False
2000-01-01 00:49:11,22.6,54.4,6.8,4.1,0.7,6.8,35,127,162,104,267,371,False,False,False,False,False,False
2000-01-01 00:49:13,22.5,54.4,7.1,4.2,0.7,7.1,43,118,162,104,267,371,False,False,False,False,False,False
2000-01-01 00:49:15,22.6,54.5,6.8,4.1,0.7,6.8,52,110,162,104,267,371,False,False,False,False,False,False
2000-01-01 00:49:17,22.6,54.4,6.9,4.1,0.7,6.9,29,133,162,104,267,371,False,False,False,False,False,False
2000-01-01 00:49:19,22.6,54.5,6.8,4.1,0.7,6.8,37,125,162,104,267,371,False,False,False,False,False,False
2000-01-01 00:49:21,22.6,54.4,6.8,4.1,0.7,6.8,45,116,162,104,267,371,False,False,False,False,False,False
2000-01-01 00:49:23,22.5,54.4,8.2,4.7,0.7,8.2,54,108,162,104,267,371,False,False,False,False,False,False
2000-01-01 00:49:25,22.6,54.4,6.9,4.1,0.7,6.9,30,131,162,104,267,371,False,False,False,False,False,False
2000-01-01 00:49:27,22.6,54.5,6.8,4.1,0.7,6.8,39,123,162,104,267,371,False,False,False,False,False,False
2000-01-01 00:49:29,22.6,54.4,6.8,4.1,0.7,6.8,47,115,162,104,267,371,False,False,False,False,False,False
2000-01-01 00:49:31,22.6,54.5,7.8,4.6,0.7,7.8,23,138,162,104,267,371,False,False,False,False,False,False
2000-01-01 00:49:33,22.5,54.4,6.2,3.7,0.7,6.2,32,130,162,104,267,371,False,False,False,False,False,False
2000-01-01 00:49:35,22.6,54.4,6.8,4.1,0.7,6.8,40,122,162,104,267,371,False,False,False,False,False,False
2000-01-01 00:49:37,22.5,54.4,6.8,4.1,0.7,6.8,48,114,162,104,267,371,False,False,False,False,False,False
2000-01-01 00:49:39,22.5,54.4,6.9,4.1,0.7,6.9,24,138,162,104,267,371,False,False,False,False,False,False
2000-01-01 00:49:41,22.6,54.5,7.1,4.2,0.7,7.1,32,129,162,104,267,371,False,False,False,False,False,False
2000-01-01 00:49:43,22.6,54.5,7.3,4.3,0.7,7.3,41,121,162,104,267,371,False,False,False,False,False,False
2000-01-01 00:49:45,22.6,54.5,6.8,4.1,0.7,6.8,49,113,162,104,267,371,False,False,False,False,False,False
2000-01-01 00:49:47,22.6,54.4,6.9,4.1,0.7,6.9,25,137,162,104,267,371,False,False,False,False,False,False
2000-01-01 00:49:49,22.5,54.4,6.8,4.1,0.7,6.8,33,128,162,104,267,371,False,False,False,False,False,False
2000-01-01 00:49:51,22.5,54.4,7.1,4.2,0.7,7.1,42,120,162,104,267,371,False,False,False,False,False,False
2000-01-01 00:49:53,22.6,54.4,6.8,4.1,0.7,6.8,50,112,162,104,267,371,False,False,False,False,False,False
2000-01-01 00:49:55,22.6,54.4,6.9,4.1,0.7,6.9,27,135,162,104,267,371,False,False,False,False,False,False
2000-01-01 00:49:57,22.5,54.5,6.8,4.1,0.7,6.8,35,127,162,104,267,371,False,False,False,False,False,False
2000-01-01 00:49:59,22.6,54.5,6.8,4.1,0.7,6.8,43,118,162,104,267,371,False,False,False,False,False,False
2000-01-01 00:50:01,22.5,54.5,7.1,4.2,0.7,7.1,52,110,162,104,267,371,False,False,False,False,False,False
2000-01-01 00:50:03,22.6,54.4,6.9,4.1,0.7,6.9,29,133,162,104,267,371,False,False,False,False,False,False
2000-01-01 00:50:05,22.6,54.5,6.8,4.1,0.7,6.8,37,125,162,104,267,371,False,False,False,False,False,False
2000-01-01 00:50:07,22.5,54.4,6.8,4.1,0.7,6.8,45,116,162,104,267,371,False,False,False,False,False,False
2000-01-01 00:50:09,22.6,54.5,6.8,4.1,0.7,6.8,54,108,162,104,267,371,False,False,False,False,False,False
2000-01-01 00:50:11,22.5,54.4,7.2,4.3,0.7,7.2,30,131,162,104,267,371,False,False,False,False,False,False
2000-01-01 00:50:13,22.6,54.4,6.8,4.1,0.7,6.8,39,123,162,104,267,371,False,False,False,False,False,False
2000-01-01 00:50:15,22.6,54.4,6.8,4.1,0.7,6.8,47,115,162,104,267,371,False,False,False,False,False,False
2000-01-01 00:50:17,22.6,54.4,7.5,4.4,0.7,7.5,23,138,162,104,267,371,False,False,False,False,False,False
2000-01-01 00:50:19,22.5,54.4,6.2,3.7,0.7,6.2,32,130,162,104,267,371,False,False,False,False,False,False
2000-01-01 00:50:21,22.6,54.4,7.1,4.2,0.7,7.1,40,122,162,104,267,371,False,False,False,False,False,False
2000-01-01 00:50:23,22.6,54.5,6.8,4.1,0.7,6.8,48,114,162,104,267,371,False,False,False,False,False,False
2000-01-01 00:50:25,22.6,54.4,6.9,4.1,0.7,6.9,24,138,162,104,267,371,False,False,False,False,False,False
2000-01-01 00:50:27,22.6,54.5,6.8,4.1,0.7,6.8,32,129,162,104,267,371,False,False,False,False,False,False
2000-01-01 00:50:29,22.6,54.4,6.8,4.1,0.7,6.8,41,121,162,104,267,371,False,False,False,False,False,False
2000-01-01 00:50:31,22.6,54.5,7.1,4.2,0.7,7.1,49,113,162,104,267,371,False,False,False,False,False,False
2000-01-01 00:50:33,22.6,54.5,6.9,4.1,0.7,6.9,25,137,162,104,267,371,False,False,False,False,False,False
2000-01-01 00:50:35,22.6,54.5,6.8,4.1,0.7,6.8,33,128,162,104,267,371,False,False,False,False,False,False
2000-01-01 00:50:37,22.6,54.4,6.8,4.1,0.7,6.8,42,120,162,104,267,371,False,False,False,False,False,False
2000-01-01 00:50:39,22.6,54.4,6.8,4.1,0.7,6.8,50,112,162,104,267,371,False,False,False,False,False,False
2000-01-01 00:50:41,22.5,54.4,7.2,4.3,0.7,7.2,27,135,162,104,267,371,False,False,False,False,False,False
2000-01-01 00:50:43,22.6,54.4,6.8,4.1,0.7,6.8,35,127,162,104,267,371,False,False,False,False,False,False
2000-01-01 00:50:45,22.6,54.5,6.8,4.1,0.7,6.8,43,118,162,104,267,371,False,False,False,False,False,False
2000-01-01 00:50:47,22.6,54.4,6.8,4.1,0.7,6.8,52,110,162,104,267,371,False,False,False,False,False,False
2000-01-01 00:50:49,22.6,54.4,7.2,4.3,0.7,7.2,29,133,162,104,267,371,False,False,False,False,False,False
2000-01-01 00:50:51,22.6,54.4,6.8,4.1,0.7,6.8,37,125,162,104,267,371,False,False,False,False,False,False
2000-01-01 00:50:53,22.6,54.4,6.8,4.1,0.7,6.8,45,116,162,104,267,371,False,False,False,False,False,False
2000-01-01 00:50:55,22.6,54.4,6.8,4.1,0.7,6.8,54,108,162,104,267,371,False,False,False,False,False,False
2000-01-01 00:50:57,22.6,54.4,6.9,4.1,0.7,6.9,30,131,162,104,267,371,False,False,False,False,False,False
2000-01-01 00:50:59,22.5,54.4,7.1,4.2,0.7,7.1,39,123,162,104,267,371,False,False,False,False,False,False
2000-01-01 00:51:01,22.6,54.4,6.8,4.1,0.7,6.8,47,115,162,104,267,371,False,False,False,False,False,False
2000-01-01 00:51:03,22.5,54.4,7.5,4.4,0.7,7.5,23,138,162,104,267,371,False,False,False,False,False,False
2000-01-01 00:51:05,22.6,54.4,6.2,3.7,0.7,6.2,32,130,162,104,267,371,False,False,False,False,False,False
2000-01-01 00:51:07,22.5,54.4,6.8,4.1,0.7,6.8,40,122,162,104,267,371,False,False,False,False,False,False
2000-01-01 00:51:09,22.5,54.4,7.1,4.2,0.7,7.1,48,114,162,104,267,371,False,False,False,False,False,False
2000-01-01 00:51:11,22.5,54.4,6.9,4.1,0.7,6.9,24,138,162,104,267,371,False,False,False,False,False,False
2000-01-01 00:51:13,22.5,54.4,6.8,4.1,0.7,6.8,32,129,162,104,267,371,False,False,False,False,False,False
2000-01-01 00:51:15,22.5,54.4,6.8,4.1,0.7,6.8,41,121,162,104,267,371,False,False,False,False,False,False
2000-01-01 00:51:17,22.5,54.4,6.8,4.1,0.7,6.8,49,113,162,104,267,371,False,False,False,False,False,False
2000-01-01 00:51:19,22.5,54.4,7.2,4.3,0.7,7.2,25,137,162,104,267,371,False,False,False,False,False,False
2000-01-01 00:51:21,22.6,54.4,6.8,4.1,0.7,6.8,33,128,162,104,267,371,False,False,False,False,False,False
2000-01-01 00:51:23,22.5,54.4,6.8,4.1,0.7,6.8,42,120,162,104,267,371,False,False,False,False,False,False
2000-01-01 00:51:25,22.5,54.4,6.8,4.1,0.7,6.8,50,112,162,104,267,371,False,False,False,False,False,False
2000-01-01 00:51:27,22.5,54.4,6.9,4.1,0.7,6.9,27,135,162,104,267,371,False,False,False,False,False,False
2000-01-01 00:51:29,22.5,54.4,7.1,4.2,0.7,7.1,35,127,162,104,267,371,False,False,False,False,False,False
2000-01-01 00:51:31,22.5,54.4,6.8,4.1,0.7,6.8,43,118,162,104,267,371,False,False,False,False,False,False
2000-01-01 00:51:33,22.5,54.4,7.3,4.3,0.7,7.3,52,110,162,104,267,371,False,False,False,False,False,False
2000-01-01 00:51:35,22.5,54.4,6.9,4.1,0.7,6.9,29,133,162,104,267,371,False,False,False,False,False,False
2000-01-01 00:51:37,22.5,54.4,6.8,4.1,0.7,6.8,37,125,162,104,267,371,False,False,False,False,False,False
2000-01-01 00:51:39,22.5,54.4,7.1,4.2,0.7,7.1,45,116,162,104,267,371,False,False,False,False,False,False
2000-01-01 00:51:41,22.5,54.4,6.8,4.1,0.7,6.8,54,108,162,104,267,371,False,False,False,False,False,False
2000-01-01 00:51:43,22.5,54.4,6.9,4.1,0.7,6.9,30,131,162,104,267,371,False,False,False,False,False,False
2000-01-01 00:51:45,22.5,54.4,6.8,4.1,0.7,6.8,39,123,162,104,267,371,False,False,False,False,False,False
2000-01-01 00:51:47,22.5,54.4,6.8,4.1,0.7,6.8,47,115,162,104,267,371,False,False,False,False,False,False
2000-01-01 00:51:49,22.5,54.4,7.8,4.6,0.7,7.8,23,138,162,104,267,371,False,False,False,False,False,False
2000-01-01 00:51:51,22.5,54.4,6.2,3.7,0.7,6.2,32,130,162,104,267,371,False,False,False,False,False,False
2000-01-01 00:51:53,22.5,54.4,6.8,4.1,0.7,6.8,40,122,162,104,267,371,False,False,False,False,False,False
2000-01-01 00:51:55,22.5,54.4,6.8,4.1,0.7,6.8,48,114,162,104,267,371,False,False,False,False,False,False
2000-01-01 00:51:57,22.5,54.5,6.9,4.1,0.7,6.9,24,138,162,104,267,371,False,False,False,False,False,False
2000-01-01 00:51:59,22.5,54.5,7.5,4.4,0.7,7.5,32,129,162,104,267,371,False,False,False,False,False,False
2000-01-01 00:52:01,22.5,54.4,6.8,4.1,0.7,6.8,41,121,162,104,267,371,False,False,False,False,False,False
2000-01-01 00:52:03,22.5,54.5,6.8,4.1,0.7,6.8,49,113,162,104,267,371,False,False,False,False,False,False
2000-01-01 00:52:05,22.5,54.5,6.9,4.1,0.7,6.9,25,137,162,104,267,371,False,False,False,False,False,False
2000-01-01 00:52:07,22.5,54.5,7.1,4.2,0.7,7.1,33,128,162,104,267,371,False,False,False,False,False,False
2000-01-01 00:52:09,22.5,54.5,7.6,4.5,0.7,7.6,42,120,162,104,267,371,False,False,False,False,False,False
2000-01-01 00:52:11,22.5,54.5,6.8,4.1,0.7,6.8,50,112,162,104,267,371,False,False,False,False,False,False
2000-01-01 00:52:13,22.5,54.5,6.9,4.1,0.7,6.9,27,135,162,104,267,371,False,False,False,False,False,False
2000-01-01 00:52:15,22.5,54.5,6.8,4.1,0.7,6.8,35,127,162,104,267,371,False,False,False,False,False,False
2000-01-01 00:52:17,22.5,54.5,7.1,4.2,0.7,7.1,43,118,162,104,267,371,False,False,False,False,False,False
2000-01-01 00:52:19,22.5,54.5,6.8,4.1,0.7,6.8,52,110,162,104,267,371,False,False,False,False,False,False
2000-01-01 00:52:21,22.5,54.5,6.9,4.1,0.7,6.9,29,133,162,104,267,371,False,False,False,False,False,False
2000-01-01 00:52:23,22.5,54.5,6.8,4.1,0.7,6.8,37,125,162,104,267,371,False,False,False,False,False,False
2000-01-01 00:52:25,22.5,54.6,6.8,4.1,0.7,6.8,45,116,162,104,267,371,False,False,False,False,False,False
2000-01-01 00:52:27,22.5,54.5,7.1,4.2,0.7,7.1,54,108,162,104,267,371,False,False,False,False,False,False
2000-01-01 00:52:29,22.5,54.5,6.9,4.1,0.7,6.9,30,131,162,104,267,371,False,False,False,False,False,False
2000-01-01 00:52:31,22.5,54.5,6.8,4.1,0.7,6.8,39,123,162,104,267,371,False,False,False,False,False,False
2000-01-01 00:52:33,22.5,54.5,6.8,4.1,0.7,6.8,47,115,162,104,267,371,False,False,False,False,False,False
2000-01-01 00:52:35,22.5,54.5,7.5,4.4,0.7,7.5,23,138,162,104,267,371,False,False,False,False,False,False
2000-01-01 00:52:37,22.5,54.5,6.5,3.9,0.7,6.5,32,130,162,104,267,371,False,False,False,False,False,False
2000-01-01 00:52:39,22.5,54.6,6.8,4.1,0.7,6.8,40,122,162,104,267,371,False,False,False,False,False,False
2000-01-01 00:52:41,22.5,54.5,6.8,4.1,0.7,6.8,48,114,162,104,267,371,False,False,False,False,False,False
2000-01-01 00:52:43,22.5,54.5,6.9,4.1,0.7,6.9,24,138,162,104,267,371,False,False,False,False,False,False
2000-01-01 00:52:45,22.5,54.5,6.8,4.1,0.7,6.8,32,129,162,104,267,371,False,False,False,False,False,False
2000-01-01 00:52:47,22.5,54.6,7.1,4.2,0.7,7.1,41,121,162,104,267,371,False,False,False,False,False,False
2000-01-01 00:52:49,22.5,54.5,6.8,4.1,0.7,6.8,49,113,162,104,267,371,False,False,False,False,False,False
2000-01-01 00:52:51,22.5,54.6,7.7,4.5,0.7,7.7,25,137,162,104,267,371,False,False,False,False,False,False
2000-01-01 00:52:53,22.5,54.6,6.8,4.1,0.7,6.8,33,128,162,104,267,371,False,False,False,False,False,False
2000-01-01 00:52:55,22.5,54.5,6.8,4.1,0.7,6.8,42,120,162,104,267,371,False,False,False,False,False,False
2000-01-01 00:52:57,22.5,54.6,7.1,4.2,0.7,7.1,50,112,162,104,267,371,False,False,False,False,False,False
2000-01-01 00:52:59,22.5,54.5,6.9,4.1,0.7,6.9,27,135,162,104,267,371,False,False,False,False,False,False
2000-01-01 00:53:01,22.5,54.6,6.8,4.1,0.7,6.8,35,127,162,104,267,371,False,False,False,False,False,False
2000-01-01 00:53:03,22.5,54.5,6.8,4.1,0.7,6.8,43,118,162,104,267,371,False,False,False,False,False,False
2000-01-01 00:53:05,22.4,54.6,6.8,4.1,0.7,6.8,52,110,162,104,267,371,False,False,False,False,False,False
2000-01-01 00:53:07,22.4,54.6,7.2,4.3,0.7,7.2,29,133,162,104,267,371,False,False,False,False,False,False
2000-01-01 00:53:09,22.5,54.5,6.8,4.1,0.7,6.8,37,125,162,104,267,371,False,False,False,False,False,False
2000-01-01 00:53:11,22.5,54.5,6.8,4.1,0.7,6.8,45,116,162,104,267,371,False,False,False,False,False,False
2000-01-01 00:53:13,22.4,54.6,6.8,4.1,0.7,6.8,54,108,162,104,267,371,False,False,False,False,False,False
2000-01-01 00:53:15,22.4,54.5,6.9,4.1,0.7,6.9,30,131,162,104,267,371,False,False,False,False,False,False
2000-01-01 00:53:17,22.5,54.6,7.1,4.2,0.7,7.1,39,123,162,104,267,371,False,False,False,False,False,False
2000-01-01 00:53:19,22.5,54.6,6.8,4.1,0.7,6.8,47,115,162,104,267,371,False,False,False,False,False,False
2000-01-01 00:53:21,22.5,54.6,7.5,4.4,0.7,7.5,23,138,162,104,267,371,False,False,False,False,False,False
2000-01-01 00:53:23,22.5,54.6,6.7,4.0,0.7,6.7,32,130,162,104,267,371,False,False,False,False,False,False
2000-01-01 00:53:25,22.5,54.6,7.1,4.2,0.7,7.1,40,122,162,104,267,371,False,False,False,False,False,False
2000-01-01 00:53:27,22.5,54.6,6.8,4.1,0.7,6.8,48,114,162,104,267,371,False,False,False,False,False,False
2000-01-01 00:53:29,22.5,54.6,6.9,4.1,0.7,6.9,24,138,162,104,267,371,False,False,False,False,False,False
2000-01-01 00:53:31,22.5,54.6,6.8,4.1,0.7,6.8,32,129,162,104,267,371,False,False,False,False,False,False
2000-01-01 00:53:33,22.4,54.5,6.8,4.1,0.7,6.8,41,121,162,104,267,371,False,False,False,False,False,False
2000-01-01 00:53:35,22.4,54.6,7.1,4.2,0.7,7.1,49,113,162,104,267,371,False,False,False,False,False,False
2000-01-01 00:53:37,22.4,54.6,6.9,4.1,0.7,6.9,25,137,162,104,267,371,False,False,False,False,False,False
2000-01-01 00:53:39,22.5,54.6,6.8,4.1,0.7,6.8,33,128,162,104,267,371,False,False,False,False,False,False
2000-01-01 00:53:41,22.5,54.6,0.0,0.0,0.0,0.0,42,120,162,104,267,371,False,False,False,False,False,False
2000-01-01 00:53:43,22.5,54.6,6.8,4.1,0.7,6.8,50,112,162,104,267,371,False,False,False,False,False,False
2000-01-01 00:53:45,22.5,54.6,7.2,4.3,0.7,7.2,27,135,162,104,267,371,False,False,False,False,False,False
2000-01-01 00:53:47,22.5,54.6,6.8,4.1,0.7,6.8,35,127,162,104,267,371,False,False,False,False,False,False
2000-01-01 00:53:49,22.5,54.5,6.8,4.1,0.7,6.8,43,118,162,104,267,371,False,False,False,False,False,False
2000-01-01 00:53:51,22.5,54.7,6.8,4.1,0.7,6.8,52,110,162,104,267,371,False,False,False,False,False,False
2000-01-01 00:53:53,22.4,54.6,6.9,4.1,0.7,6.9,29,133,162,104,267,371,False,False,False,False,False,False
2000-01-01 00:53:55,22.5,54.6,7.1,4.2,0.7,7.1,37,125,162,104,267,371,False,False,False,False,False,False
2000-01-01 00:53:57,22.5,54.6,6.8,4.1,0.7,6.8,45,116,162,104,267,371,False,False,False,False,False,False
2000-01-01 00:53:59,22.5,54.6,6.8,4.1,0.7,6.8,54,108,162,104,267,371,False,False,False,False,False,False
2000-01-01 00:54:01,22.5,54.6,6.9,4.1,0.7,6.9,30,131,162,104,267,371,False,False,False,False,False,False
2000-01-01 00:54:03,22.5,54.6,6.8,4.1,0.7,6.8,39,123,162,104,267,371,False,False,False,False,False,False
2000-01-01 00:54:05,22.4,54.5,7.1,4.2,0.7,7.1,47,115,162,104,267,371,False,False,False,False,False,False
2000-01-01 00:54:07,22.4,54.6,7.5,4.4,0.7,7.5,23,138,162,104,267,371,False,False,False,False,False,False
2000-01-01 00:54:09,22.5,54.6,6.2,3.7,0.7,6.2,32,130,162,104,267,371,False,False,False,False,False,False
2000-01-01 00:54:11,22.5,54.6,6.8,4.1,0.7,6.8,40,122,162,104,267,371,False,False,False,False,False,False
2000-01-01 00:54:13,22.5,54.6,6.8,4.1,0.7,6.8,48,114,162,104,267,371,False,False,False,False,False,False
2000-01-01 00:54:15,22.5,54.6,7.2,4.3,0.7,7.2,24,138,162,104,267,371,False,False,False,False,False,False
2000-01-01 00:54:17,22.4,54.6,6.8,4.1,0.7,6.8,32,129,162,104,267,371,False,False,False,False,False,False
2000-01-01 00:54:19,22.5,54.6,6.8,4.1,0.7,6.8,41,121,162,104,267,371,False,False,False,False,False,False
2000-01-01 00:54:21,22.5,54.6,6.8,4.1,0.7,6.8,49,113,162,104,267,371,False,False,False,False,False,False
2000-01-01 00:54:23,22.5,54.7,6.9,4.1,0.7,6.9,25,137,162,104,267,371,False,False,False,False,False,False
2000-01-01 00:54:25,22.4,54.6,7.1,4.2,0.7,7.1,33,128,162,104,267,371,False,False,False,False,False,False
2000-01-01 00:54:27,22.5,54.6,6.8,4.1,0.7,6.8,42,120,162,104,267,371,False,False,False,False,False,False
2000-01-01 00:54:29,22.5,54.6,6.8,4.1,0.7,6.8,50,112,162,104,267,371,False,False,False,False,False,False
2000-01-01 00:54:31,22.4,54.6,6.9,4.1,0.7,6.9,27,135,162,104,267,371,False,False,False,False,False,False
2000-01-01 00:54:33,22.4,54.6,6.8,4.1,0.7,6.8,35,127,162,104,267,371,False,False,False,False,False,False
2000-01-01 00:54:35,22.4,54.6,7.1,4.2,0.7,7.1,43,118,162,104,267,371,False,False,False,False,False,False
2000-01-01 00:54:37,22.4,54.6,6.8,4.1,0.7,6.8,52,110,162,104,267,371,False,False,False,False,False,False
2000-01-01 00:54:39,22.5,54.6,6.9,4.1,0.7,6.9,29,133,162,104,267,371,False,False,False,False,False,False
2000-01-01 00:54:41,22.5,54.6,6.8,4.1,0.7,6.8,37,125,162,104,267,371,False,False,False,False,False,False
2000-01-01 00:54:43,22.4,54.6,7.1,4.2,0.7,7.1,45,116,162,104,267,371,False,False,False,False,False,False
2000-01-01 00:54:45,22.5,54.6,6.8,4.1,0.7,6.8,54,108,162,104,267,371,False,False,False,False,False,False
2000-01-01 00:54:47,22.5,54.6,6.9,4.1,0.7,6.9,30,131,162,104,267,371,False,False,False,False,False,False
2000-01-01 00:54:49,22.5,54.5,6.8,4.1,0.7,6.8,39,123,162,104,267,371,False,False,False,False,False,False
2000-01-01 00:54:51,22.5,54.6,6.8,4.1,0.7,6.8,47,115,162,104,267,371,False,False,False,False,False,False
2000-01-01 00:54:53,22.5,54.6,7.8,4.6,0.7,7.8,23,138,162,104,267,371,False,False,False,False,False,False
2000-01-01 00:54:55,22.5,54.6,6.2,3.7,0.7,6.2,32,130,162,104,267,371,False,False,False,False,False,False
2000-01-01 00:54:57,22.5,54.5,6.8,4.1,0.7,6.8,40,122,162,104,267,371,False,False,False,False,False,False
2000-01-01 00:54:59,22.5,54.5,6.8,4.1,0.7,6.8,48,114,162,104,267,371,False,False,False,False,False,False
2000-01-01 00:55:01,22.5,54.6,6.9,4.1,0.7,6.9,24,138,162,104,267,371,False,False,False,False,False,False
2000-01-01 00:55:03,22.5,54.5,7.1,4.2,0.7,7.1,32,129,162,104,267,371,False,False,False,False,False,False
2000-01-01 00:55:05,22.5,54.6,6.8,4.1,0.7,6.8,41,121,162,104,267,371,False,False,False,False,False,False
2000-01-01 00:55:07,22.5,54.6,6.8,4.1,0.7,6.8,49,113,162,104,267,371,False,False,False,False,False,False
2000-01-01 00:55:09,22.5,54.6,6.9,4.1,0.7,6.9,25,137,162,104,267,371,False,False,False,False,False,False
2000-01-01 00:55:11,22.5,54.5,6.8,4.1,0.7,6.8,33,128,162,104,267,371,False,False,False,False,False,False
2000-01-01 00:55:13,22.5,54.5,7.6,4.5,0.7,7.6,42,120,162,104,267,371,False,False,False,False,False,False
2000-01-01 00:55:15,22.5,54.6,6.8,4.1,0.7,6.8,50,112,162,104,267,371,False,False,False,False,False,False
2000-01-01 00:55:17,22.5,54.6,6.9,4.1,0.7,6.9,27,135,162,104,267,371,False,False,False,False,False,False
2000-01-01 00:55:19,22.5,54.5,6.8,4.1,0.7,6.8,35,127,162,104,267,371,False,False,False,False,False,False
2000-01-01 00:55:21,22.5,54.6,6.8,4.1,0.7,6.8,43,118,162,104,267,371,False,False,False,False,False,False
2000-01-01 00:55:23,22.5,54.6,7.1,4.2,0.7,7.1,52,110,162,104,267,371,False,False,False,False,False,False
2000-01-01 00:55:25,22.5,54.5,6.9,4.1,0.7,6.9,29,133,162,104,267,371,False,False,False,False,False,False
2000-01-01 00:55:27,22.5,54.6,6.8,4.1,0.7,6.8,37,125,162,104,267,371,False,False,False,False,False,False
2000-01-01 00:55:29,22.5,54.6,6.8,4.1,0.7,6.8,45,116,162,104,267,371,False,False,False,False,False,False
2000-01-01 00:55:31,22.5,54.5,6.8,4.1,0.7,6.8,54,108,162,104,267,371,False,False,False,False,False,False
2000-01-01 00:55:33,22.5,54.6,7.2,4.3,0.7,7.2,30,131,162,104,267,371,False,False,False,False,False,False
2000-01-01 00:55:35,22.5,54.5,6.8,4.1,0.7,6.8,39,123,162,104,267,371,False,False,False,False,False,False
2000-01-01 00:55:37,22.5,54.6,6.8,4.1,0.7,6.8,47,115,162,104,267,371,False,False,False,False,False,False
2000-01-01 00:55:39,22.5,54.5,7.5,4.4,0.7,7.5,23,138,162,104,267,371,False,False,False,False,False,False
2000-01-01 00:55:41,22.5,54.5,6.2,3.8,0.7,6.2,32,130,162,104,267,371,False,False,False,False,False,False
2000-01-01 00:55:43,22.5,54.5,7.1,4.2,0.7,7.1,40,122,162,104,267,371,False,False,False,False,False,False
2000-01-01 00:55:45,22.5,54.5,6.8,4.1,0.7,6.8,48,114,162,104,267,371,False,False,False,False,False,False
2000-01-01 00:55:47,22.5,54.5,6.9,4.1,0.7,6.9,24,138,162,104,267,371,False,False,False,False,False,False
2000-01-01 00:55:49,22.5,54.5,6.8,4.1,0.7,6.8,32,129,162,104,267,371,False,False,False,False,False,False
2000-01-01 00:55:51,22.5,54.5,6.8,4.1,0.7,6.8,41,121,162,104,267,371,False,False,False,False,False,False
2000-01-01 00:55:53,22.4,54.4,7.1,4.2,0.7,7.1,49,113,162,104,267,371,False,False,False,False,False,False
2000-01-01 00:55:55,22.5,54.5,6.9,4.1,0.7,6.9,25,136,162,104,267,371,False,False,False,False,False,False
2000-01-01 00:55:57,22.5,54.5,6.8,4.1,0.7,6.8,34,128,162,104,267,371,False,False,False,False,False,False
2000-01-01 00:55:59,22.5,54.5,6.8,4.1,0.7,6.8,42,120,162,104,267,371,False,False,False,False,False,False
2000-01-01 00:56:01,22.5,54.6,7.1,4.2,0.7,7.1,50,112,162,104,267,371,False,False,False,False,False,False
2000-01-01 00:56:03,22.5,54.5,6.9,4.1,0.7,6.9,27,135,162,104,267,371,False,False,False,False,False,False
2000-01-01 00:56:05,22.5,54.5,6.8,4.1,0.7,6.8,35,127,162,104,267,371,False,False,False,False,False,False
2000-01-01 00:56:07,22.4,54.5,7.6,4.5,0.7,7.6,43,118,162,104,267,371,False,False,False,False,False,False
2000-01-01 00:56:09,22.5,54.5,6.8,4.1,0.7,6.8,52,110,162,104,267,371,False,False,False,False,False,False
2000-01-01 00:56:11,22.5,54.5,7.2,4.3,0.7,7.2,29,133,162,104,267,371,False,False,False,False,False,False
2000-01-01 00:56:13,22.4,54.5,6.8,4.1,0.7,6.8,37,125,162,104,267,371,False,False,False,False,False,False
2000-01-01 00:56:15,22.5,54.5,6.8,4.1,0.7,6.8,45,116,162,104,267,371,False,False,False,False,False,False
2000-01-01 00:56:17,22.5,54.5,6.8,4.1,0.7,6.8,54,108,162,104,267,371,False,False,False,False,False,False
2000-01-01 00:56:19,22.5,54.5,6.9,4.1,0.7,6.9,30,131,162,104,267,371,False,False,False,False,False,False
2000-01-01 00:56:21,22.4,54.5,7.1,4.2,0.7,7.1,39,123,162,104,267,371,False,False,False,False,False,False
2000-01-01 00:56:23,22.4,54.5,6.8,4.1,0.7,6.8,47,115,162,104,267,371,False,False,False,False,False,False
2000-01-01 00:56:25,22.5,54.6,7.5,4.4,0.7,7.5,23,138,162,104,267,371,False,False,False,False,False,False
2000-01-01 00:56:27,22.4,54.5,6.2,3.8,0.7,6.2,32,130,162,104,267,371,False,False,False,False,False,False
2000-01-01 00:56:29,22.5,54.5,6.8,4.1,0.7,6.8,40,122,162,104,267,371,False,False,False,False,False,False
2000-01-01 00:56:31,22.5,54.6,7.1,4.2,0.7,7.1,48,114,162,104,267,371,False,False,False,False,False,False
2000-01-01 00:56:33,22.4,54.6,6.9,4.1,0.7,6.9,24,138,162,104,267,371,False,False,False,False,False,False
2000-01-01 00:56:35,22.4,54.5,6.8,4.1,0.7,6.8,32,129,162,104,267,371,False,False,False,False,False,False
2000-01-01 00:56:37,22.4,54.6,6.8,4.1,0.7,6.8,41,121,162,104,267,371,False,False,False,False,False,False
2000-01-01 00:56:39,22.4,54.5,6.8,4.1,0.7,6.8,49,113,162,104,267,371,False,False,False,False,False,False
2000-01-01 00:56:41,22.4,54.6,7.2,4.3,0.7,7.2,25,137,162,104,267,371,False,False,False,False,False,False
2000-01-01 00:56:43,22.4,54.6,6.8,4.1,0.7,6.8,33,128,162,104,267,371,False,False,False,False,False,False
2000-01-01 00:56:45,22.5,54.5,6.8,4.1,0.7,6.8,42,120,162,104,267,371,False,False,False,False,False,False
2000-01-01 00:56:47,22.4,54.6,6.8,4.1,0.7,6.8,50,112,162,104,267,371,False,False,False,False,False,False
2000-01-01 00:56:49,22.4,54.5,7.7,4.5,0.7,7.7,27,135,162,104,267,371,False,False,False,False,False,False
2000-01-01 00:56:51,22.4,54.6,7.1,4.2,0.7,7.1,35,127,162,104,267,371,False,False,False,False,False,False
2000-01-01 00:56:53,22.4,54.6,6.8,4.1,0.7,6.8,43,118,162,104,267,371,False,False,False,False,False,False
2000-01-01 00:56:55,22.4,54.6,6.8,4.1,0.7,6.8,52,110,162,104,267,371,False,False,False,False,False,False
2000-01-01 00:56:57,22.4,54.4,6.9,4.1,0.7,6.9,29,133,162,104,267,371,False,False,False,False,False,False
2000-01-01 00:56:59,22.5,54.5,6.8,4.1,0.7,6.8,37,125,162,104,267,371,False,False,False,False,False,False
2000-01-01 00:57:01,22.4,54.5,7.1,4.2,0.7,7.1,45,116,162,104,267,371,False,False,False,False,False,False
2000-01-01 00:57:03,22.5,54.5,7.3,4.3,0.7,7.3,54,108,162,104,267,371,False,False,False,False,False,False
2000-01-01 00:57:05,22.4,54.5,6.9,4.1,0.7,6.9,30,131,162,104,267,371,False,False,False,False,False,False
2000-01-01 00:57:07,22.5,54.5,6.8,4.1,0.7,6.8,39,123,162,104,267,371,False,False,False,False,False,False
2000-01-01 00:57:09,22.5,54.5,6.8,4.1,0.7,6.8,47,115,162,104,267,371,False,False,False,False,False,False
2000-01-01 00:57:11,22.5,54.5,7.7,4.5,0.7,7.7,23,138,162,104,267,371,False,False,False,False,False,False
2000-01-01 00:57:13,22.5,54.6,6.2,3.7,0.7,6.2,32,130,162,104,267,371,False,False,False,False,False,False
2000-01-01 00:57:15,22.4,54.6,6.8,4.1,0.7,6.8,40,122,162,104,267,371,False,False,False,False,False,False
2000-01-01 00:57:17,22.5,54.5,6.8,4.1,0.7,6.8,48,114,162,104,267,371,False,False,False,False,False,False
2000-01-01 00:57:19,22.5,54.6,7.2,4.3,0.7,7.2,24,138,162,104,267,371,False,False,False,False,False,False
2000-01-01 00:57:21,22.5,54.6,6.8,4.1,0.7,6.8,32,129,162,104,267,371,False,False,False,False,False,False
2000-01-01 00:57:23,22.5,54.5,6.8,4.1,0.7,6.8,41,121,162,104,267,371,False,False,False,False,False,False
2000-01-01 00:57:25,22.5,54.6,6.8,4.1,0.7,6.8,49,113,162,104,267,371,False,False,False,False,False,False
2000-01-01 00:57:27,22.5,54.6,6.9,4.1,0.7,6.9,25,137,162,104,267,371,False,False,False,False,False,False
2000-01-01 00:57:29,22.5,54.5,7.1,4.2,0.7,7.1,33,128,162,104,267,371,False,False,False,False,False,False
2000-01-01 00:57:31,22.5,54.5,6.8,4.1,0.7,6.8,42,120,162,104,267,371,False,False,False,False,False,False
2000-01-01 00:57:33,22.5,54.5,6.8,4.1,0.7,6.8,50,112,162,104,267,371,False,False,False,False,False,False
2000-01-01 00:57:35,22.5,54.5,6.9,4.1,0.7,6.9,27,135,162,104,267,371,False,False,False,False,False,False
2000-01-01 00:57:37,22.5,54.5,6.8,4.1,0.7,6.8,35,127,162,104,267,371,False,False,False,False,False,False
2000-01-01 00:57:39,22.5,54.6,7.1,4.2,0.7,7.1,43,118,162,104,267,371,False,False,False,False,False,False
2000-01-01 00:57:41,22.5,54.5,6.8,4.1,0.7,6.8,52,110,162,104,267,371,False,False,False,False,False,False
2000-01-01 00:57:43,22.5,54.5,6.9,4.1,0.7,6.9,29,133,162,104,267,371,False,False,False,False,False,False
2000-01-01 00:57:45,22.5,54.5,6.8,4.1,0.7,6.8,37,125,162,104,267,371,False,False,False,False,False,False
2000-01-01 00:57:47,22.5,54.6,6.8,4.1,0.7,6.8,45,116,162,104,267,371,False,False,False,False,False,False
2000-01-01 00:57:49,22.5,54.5,7.1,4.2,0.7,7.1,54,108,162,104,267,371,False,False,False,False,False,False
2000-01-01 00:57:51,22.5,54.6,6.9,4.1,0.7,6.9,30,131,162,104,267,371,False,False,False,False,False,False
2000-01-01 00:57:53,22.5,54.6,6.8,4.1,0.7,6.8,39,123,162,104,267,371,False,False,False,False,False,False
2000-01-01 00:57:55,22.5,54.6,6.8,4.1,0.7,6.8,47,115,162,104,267,371,False,False,False,False,False,False
2000-01-01 00:57:57,22.5,54.5,7.5,4.4,0.7,7.5,23,138,162,104,267,371,False,False,False,False,False,False
2000-01-01 00:57:59,22.5,54.5,6.5,3.9,0.7,6.5,32,130,162,104,267,371,False,False,False,False,False,False
2000-01-01 00:58:01,22.5,54.5,6.8,4.1,0.7,6.8,40,122,162,104,267,371,False,False,False,False,False,False
2000-01-01 00:58:03,22.5,54.5,6.8,4.1,0.7,6.8,48,114,162,104,267,371,False,False,False,False,False,False
2000-01-01 00:58:05,22.5,54.5,6.9,4.1,0.7,6.9,24,138,162,104,267,371,False,False,False,False,False,False
2000-01-01 00:58:07,22.5,54.5,6.8,4.1,0.7,6.8,32,129,162,104,267,371,False,False,False,False,False,False
2000-01-01 00:58:09,22.5,54.5,7.1,4.2,0.7,7.1,41,121,162,104,267,371,False,False,False,False,False,False
2000-01-01 00:58:11,22.5,54.5,6.8,4.1,0.7,6.8,49,113,162,104,267,371,False,False,False,False,False,False
2000-01-01 00:58:13,22.5,54.5,6.9,4.1,0.7,6.9,25,137,162,104,267,371,False,False,False,False,False,False
2000-01-01 00:58:15,22.5,54.6,6.8,4.1,0.7,6.8,33,128,162,104,267,371,False,False,False,False,False,False
2000-01-01 00:58:17,22.5,54.5,6.8,4.1,0.7,6.8,42,120,162,104,267,371,False,False,False,False,False,False
2000-01-01 00:58:19,22.5,54.5,7.1,4.2,0.7,7.1,50,112,162,104,267,371,False,False,False,False,False,False
2000-01-01 00:58:21,22.5,54.5,6.9,4.1,0.7,6.9,27,135,162,104,267,371,False,False,False,False,False,False
2000-01-01 00:58:23,22.5,54.5,6.8,4.1,0.7,6.8,35,127,162,104,267,371,False,False,False,False,False,False
2000-01-01 00:58:25,22.5,54.5,6.8,4.1,0.7,6.8,43,118,162,104,267,371,False,False,False,False,False,False
2000-01-01 00:58:27,22.5,54.5,6.8,4.1,0.7,6.8,52,110,162,104,267,371,False,False,False,False,False,False
2000-01-01 00:58:29,22.5,54.5,7.2,4.3,0.7,7.2,29,133,162,104,267,371,False,False,False,False,False,False
2000-01-01 00:58:31,22.5,54.5,6.8,4.1,0.7,6.8,37,125,162,104,267,371,False,False,False,False,False,False
2000-01-01 00:58:33,22.5,54.5,6.8,4.1,0.7,6.8,45,116,162,104,267,371,False,False,False,False,False,False
2000-01-01 00:58:35,22.5,54.5,6.8,4.1,0.7,6.8,54,108,162,104,267,371,False,False,False,False,False,False
2000-01-01 00:58:37,22.5,54.6,7.2,4.3,0.7,7.2,30,131,162,104,267,371,False,False,False,False,False,False
2000-01-01 00:58:39,22.5,54.5,6.8,4.1,0.7,6.8,39,123,162,104,267,371,False,False,False,False,False,False
2000-01-01 00:58:41,22.5,54.6,6.8,4.1,0.7,6.8,47,115,162,104,267,371,False,False,False,False,False,False
2000-01-01 00:58:43,22.5,54.5,7.5,4.4,0.7,7.5,23,138,162,104,267,371,False,False,False,False,False,False
2000-01-01 00:58:45,22.5,54.6,6.2,3.7,0.7,6.2,32,130,162,104,267,371,False,False,False,False,False,False
2000-01-01 00:58:47,22.5,54.5,7.1,4.2,0.7,7.1,40,122,162,104,267,371,False,False,False,False,False,False
2000-01-01 00:58:49,22.5,54.6,6.8,4.1,0.7,6.8,48,114,162,104,267,371,False,False,False,False,False,False
2000-01-01 00:58:51,22.5,54.5,6.9,4.1,0.7,6.9,24,138,162,104,267,371,False,False,False,False,False,False
2000-01-01 00:58:53,22.5,54.5,6.8,4.1,0.7,6.8,32,129,162,104,267,371,False,False,False,False,False,False
2000-01-01 00:58:55,22.5,54.5,7.3,4.3,0.7,7.3,41,121,162,104,267,371,False,False,False,False,False,False
2000-01-01 00:58:57,22.5,54.5,7.1,4.2,0.7,7.1,49,113,162,104,267,371,False,False,False,False,False,False
2000-01-01 00:58:59,22.5,54.5,6.9,4.1,0.7,6.9,25,137,162,104,267,371,False,False,False,False,False,False
2000-01-01 00:59:01,22.5,54.5,6.8,4.1,0.7,6.8,33,128,162,104,267,371,False,False,False,False,False,False
2000-01-01 00:59:03,22.5,54.4,6.8,4.1,0.7,6.8,42,120,162,104,267,371,False,False,False,False,False,False
2000-01-01 00:59:05,22.5,54.5,6.8,4.1,0.7,6.8,50,112,162,104,267,371,False,False,False,False,False,False
2000-01-01 00:59:07,22.5,54.5,7.2,4.3,0.7,7.2,27,135,162,104,267,371,False,False,False,False,False,False
2000-01-01 00:59:09,22.5,54.5,6.8,4.1,0.7,6.8,35,127,162,104,267,371,False,False,False,False,False,False
2000-01-01 00:59:11,22.5,54.5,6.8,4.1,0.7,6.8,43,118,162,104,267,371,False,False,False,False,False,False
2000-01-01 00:59:13,22.5,54.5,6.8,4.1,0.7,6.8,52,110,162,104,267,371,False,False,False,False,False,False
2000-01-01 00:59:15,22.5,54.5,6.9,4.1,0.7,6.9,29,133,162,104,267,371,False,False,False,False,False,False
2000-01-01 00:59:17,22.5,54.4,7.1,4.2,0.7,7.1,37,125,162,104,267,371,False,False,False,False,False,False
2000-01-01 00:59:19,22.5,54.5,6.8,4.1,0.7,6.8,45,116,162,104,267,371,False,False,False,False,False,False
2000-01-01 00:59:21,22.5,54.5,6.8,4.1,0.7,6.8,54,108,162,104,267,371,False,False,False,False,False,False
2000-01-01 00:59:23,22.5,54.5,6.9,4.1,0.7,6.9,30,131,162,104,267,371,False,False,False,False,False,False
2000-01-01 00:59:25,22.5,54.4,6.8,4.1,0.7,6.8,39,123,162,104,267,371,False,False,False,False,False,False
2000-01-01 00:59:27,22.5,54.4,7.1,4.2,0.7,7.1,47,115,162,104,267,371,False,False,False,False,False,False
2000-01-01 00:59:29,22.5,54.4,7.5,4.4,0.7,7.5,23,138,162,104,267,371,False,False,False,False,False,False
2000-01-01 00:59:31,22.5,54.5,6.2,3.7,0.7,6.2,32,130,162,104,267,371,False,False,False,False,False,False
2000-01-01 00:59:33,22.4,54.4,6.8,4.1,0.7,6.8,40,122,162,104,267,371,False,False,False,False,False,False
2000-01-01 00:59:35,22.5,54.5,6.8,4.1,0.7,6.8,48,114,162,104,267,371,False,False,False,False,False,False
2000-01-01 00:59:37,22.5,54.5,7.2,4.3,0.7,7.2,24,138,162,104,267,371,False,False,False,False,False,False
2000-01-01 00:59:39,22.5,54.5,6.8,4.1,0.7,6.8,32,129,162,104,267,371,False,False,False,False,False,False
2000-01-01 00:59:41,22.5,54.5,6.8,4.1,0.7,6.8,41,121,162,104,267,371,False,False,False,False,False,False
2000-01-01 00:59:43,22.4,54.5,6.8,4.1,0.7,6.8,49,113,162,104,267,371,False,False,False,False,False,False
2000-01-01 00:59:45,22.5,54.5,6.9,4.1,0.7,6.9,25,137,162,104,267,371,False,False,False,False,False,False
2000-01-01 00:59:47,22.5,54.5,7.1,4.2,0.7,7.1,33,128,162,104,267,371,False,False,False,False,False,False
2000-01-01 00:59:49,22.5,54.5,6.8,4.1,0.7,6.8,42,120,162,104,267,371,False,False,False,False,False,False
2000-01-01 00:59:51,22.5,54.5,6.8,4.1,0.7,6.8,50,112,162,104,267,371,False,False,False,False,False,False
2000-01-01 00:59:53,22.4,54.6,6.9,4.1,0.7,6.9,27,135,162,104,267,371,False,False,False,False,False,False
2000-01-01 00:59:55,22.5,54.5,7.1,4.2,0.7,7.1,35,127,162,104,267,371,False,False,False,False,False,False
2000-01-01 00:59:57,22.5,54.5,6.8,4.1,0.7,6.8,43,118,162,104,267,371,False,False,False,False,False,False
2000-01-01 00:59:59,22.5,54.5,6.8,4.1,0.7,6.8,52,110,162,104,267,371,False,False,False,False,False,False
2000-01-01 01:00:01,22.5,54.5,6.9,4.1,0.7,6.9,29,133,162,104,267,371,False,False,False,False,False,False
2000-01-01 01:00:03,22.5,54.5,6.8,4.1,0.7,6.8,37,125,162,104,267,371,False,False,False,False,False,False
2000-01-01 01:00:05,22.4,54.5,7.9,4.6,0.7,7.9,45,116,162,104,267,371,False,False,False,False,False,False
2000-01-01 01:00:07,22.5,54.5,6.8,4.1,0.7,6.8,54,108,162,104,267,371,False,False,False,False,False,False
2000-01-01 01:00:09,22.4,54.5,6.9,4.1,0.7,6.9,30,131,162,104,267,371,False,False,False,False,False,False
2000-01-01 01:00:11,22.5,54.5,6.8,4.1,0.7,6.8,39,123,162,104,267,371,False,False,False,False,False,False
2000-01-01 01:00:13,22.4,54.6,6.8,4.1,0.7,6.8,47,115,162,104,267,371,False,False,False,False,False,False
2000-01-01 01:00:15,22.4,54.6,7.8,4.6,0.7,7.8,23,138,162,104,267,371,False,False,False,False,False,False
2000-01-01 01:00:17,22.4,54.6,6.2,3.7,0.7,6.2,32,130,162,104,267,371,False,False,False,False,False,False
2000-01-01 01:00:19,22.4,54.6,6.8,4.1,0.7,6.8,40,122,162,104,267,371,False,False,False,False,False,False
2000-01-01 01:00:21,22.4,54.5,6.8,4.1,0.7,6.8,48,114,162,104,267,371,False,False,False,False,False,False
2000-01-01 01:00:23,22.4,54.5,6.9,4.1,0.7,6.9,24,138,162,104,267,371,False,False,False,False,False,False
2000-01-01 01:00:25,22.4,54.6,7.6,4.5,0.7,7.6,32,129,162,104,267,371,False,False,False,False,False,False
2000-01-01 01:00:27,22.4,54.6,6.8,4.1,0.7,6.8,41,121,162,104,267,371,False,False,False,False,False,False
2000-01-01 01:00:29,22.4,54.5,6.8,4.1,0.7,6.8,49,113,162,104,267,371,False,False,False,False,False,False
2000-01-01 01:00:31,22.4,54.6,6.9,4.1,0.7,6.9,25,136,162,104,267,371,False,False,False,False,False,False
2000-01-01 01:00:33,22.4,54.6,6.8,4.1,0.7,6.8,34,128,162,104,267,371,False,False,False,False,False,False
2000-01-01 01:00:35,22.4,54.5,7.1,4.2,0.7,7.1,42,120,162,104,267,371,False,False,False,False,False,False
2000-01-01 01:00:37,22.4,54.6,6.8,4.1,0.7,6.8,50,112,162,104,267,371,False,False,False,False,False,False
2000-01-01 01:00:39,22.4,54.6,6.9,4.1,0.7,6.9,27,135,162,104,267,371,False,False,False,False,False,False
2000-01-01 01:00:41,22.4,54.6,6.8,4.1,0.7,6.8,35,127,162,104,267,371,False,False,False,False,False,False
2000-01-01 01:00:43,22.4,54.6,6.8,4.1,0.7,6.8,43,118,162,104,267,371,False,False,False,False,False,False
2000-01-01 01:00:45,22.4,54.6,7.6,4.5,0.7,7.6,52,110,162,104,267,371,False,False,False,False,False,False
2000-01-01 01:00:47,22.4,54.6,7.7,4.5,0.7,7.7,29,133,162,104,267,371,False,False,False,False,False,False
2000-01-01 01:00:49,22.4,54.6,6.8,4.1,0.7,6.8,37,125,162,104,267,371,False,False,False,False,False,False
2000-01-01 01:00:51,22.4,54.7,6.8,4.1,0.7,6.8,45,116,162,104,267,371,False,False,False,False,False,False
2000-01-01 01:00:53,22.4,54.7,6.8,4.1,0.7,6.8,54,108,162,104,267,371,False,False,False,False,False,False
2000-01-01 01:00:55,22.4,54.6,7.2,4.3,0.7,7.2,30,131,162,104,267,371,False,False,False,False,False,False
2000-01-01 01:00:57,22.4,54.7,6.8,4.1,0.7,6.8,39,123,162,104,267,371,False,False,False,False,False,False
2000-01-01 01:00:59,22.4,54.7,6.8,4.1,0.7,6.8,47,115,162,104,267,371,False,False,False,False,False,False
2000-01-01 01:01:01,22.4,54.6,7.5,4.4,0.7,7.5,23,138,162,104,267,371,False,False,False,False,False,False
2000-01-01 01:01:03,22.4,54.6,6.2,3.7,0.7,6.2,32,130,162,104,267,371,False,False,False,False,False,False
2000-01-01 01:01:05,22.4,54.6,7.1,4.2,0.7,7.1,40,122,162,104,267,371,False,False,False,False,False,False
2000-01-01 01:01:07,22.4,54.7,6.8,4.1,0.7,6.8,48,114,162,104,267,371,False,False,False,False,False,False
2000-01-01 01:01:09,22.4,54.6,6.9,4.1,0.7,6.9,24,138,162,104,267,371,False,False,False,False,False,False
2000-01-01 01:01:11,22.4,54.7,6.8,4.1,0.7,6.8,32,129,162,104,267,371,False,False,False,False,False,False
2000-01-01 01:01:13,22.4,54.7,7.1,4.2,0.7,7.1,41,121,162,104,267,371,False,False,False,False,False,False
2000-01-01 01:01:15,22.4,54.6,6.8,4.1,0.7,6.8,49,113,162,104,267,371,False,False,False,False,False,False
2000-01-01 01:01:17,22.4,54.7,6.9,4.1,0.7,6.9,25,137,162,104,267,371,False,False,False,False,False,False
2000-01-01 01:01:19,22.4,54.7,6.8,4.1,0.7,6.8,33,128,162,104,267,371,False,False,False,False,False,False
2000-01-01 01:01:21,22.4,54.7,6.8,4.1,0.7,6.8,42,120,162,104,267,371,False,False,False,False,False,False
2000-01-01 01:01:23,22.4,54.6,7.1,4.2,0.7,7.1,50,112,162,104,267,371,False,False,False,False,False,False
2000-01-01 01:01:25,22.4,54.6,6.9,4.1,0.7,6.9,27,135,162,104,267,371,False,False,False,False,False,False
2000-01-01 01:01:27,22.4,54.6,6.8,4.1,0.7,6.8,35,127,162,104,267,371,False,False,False,False,False,False
2000-01-01 01:01:29,22.4,54.7,6.8,4.1,0.7,6.8,43,118,162,104,267,371,False,False,False,False,False,False
2000-01-01 01:01:31,22.4,54.7,6.8,4.1,0.7,6.8,52,110,162,104,267,371,False,False,False,False,False,False
2000-01-01 01:01:33,22.4,54.6,7.2,4.3,0.7,7.2,29,133,162,104,267,371,False,False,False,False,False,False
2000-01-01 01:01:35,22.4,54.7,6.8,4.1,0.7,6.8,37,125,162,104,267,371,False,False,False,False,False,False
2000-01-01 01:01:37,22.4,54.7,6.8,4.1,0.7,6.8,45,116,162,104,267,371,False,False,False,False,False,False
2000-01-01 01:01:39,22.4,54.6,6.8,4.1,0.7,6.8,54,108,162,104,267,371,False,False,False,False,False,False
2000-01-01 01:01:41,22.4,54.6,6.9,4.1,0.7,6.9,30,131,162,104,267,371,False,False,False,False,False,False
2000-01-01 01:01:43,22.4,54.7,7.1,4.2,0.7,7.1,39,123,162,104,267,371,False,False,False,False,False,False
2000-01-01 01:01:45,22.4,54.6,6.8,4.1,0.7,6.8,47,115,162,104,267,371,False,False,False,False,False,False
2000-01-01 01:01:47,22.4,54.7,7.5,4.4,0.7,7.5,23,138,162,104,267,371,False,False,False,False,False,False
2000-01-01 01:01:49,22.4,54.7,6.2,3.7,0.7,6.2,32,130,162,104,267,371,False,False,False,False,False,False
2000-01-01 01:01:51,22.4,54.7,6.8,4.1,0.7,6.8,40,122,162,104,267,371,False,False,False,False,False,False
2000-01-01 01:01:53,22.4,54.6,7.1,4.2,0.7,7.1,48,114,162,104,267,371,False,False,False,False,False,False
2000-01-01 01:01:55,22.4,54.6,6.9,4.1,0.7,6.9,24,138,162,104,267,371,False,False,False,False,False,False
2000-01-01 01:01:57,22.4,54.7,6.8,4.1,0.7,6.8,32,129,162,104,267,371,False,False,False,False,False,False
2000-01-01 01:01:59,22.4,54.7,6.8,4.1,0.7,6.8,41,121,162,104,267,371,False,False,False,False,False,False
2000-01-01 01:02:01,22.4,54.7,6.8,4.1,0.7,6.8,49,113,162,104,267,371,False,False,False,False,False,False
2000-01-01 01:02:03,22.4,54.7,7.2,4.3,0.7,7.2,26,135,162,104,267,371,False,False,False,False,False,False
2000-01-01 01:02:05,22.4,54.7,6.8,4.1,0.7,6.8,35,127,162,104,267,371,False,False,False,False,False,False
2000-01-01 01:02:07,22.4,54.7,6.8,4.1,0.7,6.8,43,119,162,104,267,371,False,False,False,False,False,False
2000-01-01 01:02:09,22.4,54.7,6.8,4.1,0.7,6.8,51,111,162,104,267,371,False,False,False,False,False,False
2000-01-01 01:02:11,22.4,54.7,6.9,4.1,0.7,6.9,29,133,162,104,267,371,False,False,False,False,False,False
2000-01-01 01:02:13,22.4,54.7,7.1,4.2,0.7,7.1,37,125,162,104,267,371,False,False,False,False,False,False
2000-01-01 01:02:15,22.4,54.6,6.8,4.1,0.7,6.8,45,116,162,104,267,371,False,False,False,False,False,False
2000-01-01 01:02:17,22.4,54.7,6.8,4.1,0.7,6.8,54,108,162,104,267,371,False,False,False,False,False,False
2000-01-01 01:02:19,22.4,54.7,6.9,4.1,0.7,6.9,31,131,162,104,267,371,False,False,False,False,False,False
2000-01-01 01:02:21,22.4,54.7,6.8,4.1,0.7,6.8,39,123,162,104,267,371,False,False,False,False,False,False
2000-01-01 01:02:23,22.4,54.7,11.4,6.4,0.7,11.4,47,114,162,104,267,371,False,False,False,False,False,False
2000-01-01 01:02:25,22.4,54.7,7.5,4.4,0.7,7.5,23,139,162,104,267,371,False,False,False,False,False,False
2000-01-01 01:02:27,22.4,54.7,6.2,3.7,0.7,6.2,31,130,162,104,267,371,False,False,False,False,False,False
2000-01-01 01:02:29,22.4,54.7,6.8,4.1,0.7,6.8,40,122,162,104,267,371,False,False,False,False,False,False
2000-01-01 01:02:31,22.4,54.7,7.1,4.2,0.7,7.1,48,114,162,104,267,371,False,False,False,False,False,False
2000-01-01 01:02:33,22.4,54.7,6.9,4.1,0.7,6.9,24,138,162,104,267,371,False,False,False,False,False,False
2000-01-01 01:02:35,22.4,54.6,7.3,4.3,0.7,7.3,32,129,162,104,267,371,False,False,False,False,False,False
2000-01-01 01:02:37,22.4,54.7,6.8,4.1,0.7,6.8,41,121,162,104,267,371,False,False,False,False,False,False
2000-01-01 01:02:39,22.4,54.6,6.8,4.1,0.7,6.8,49,113,162,104,267,371,False,False,False,False,False,False
2000-01-01 01:02:41,22.4,54.6,7.2,4.3,0.7,7.2,25,136,162,104,267,371,False,False,False,False,False,False
2000-01-01 01:02:43,22.4,54.7,6.8,4.1,0.7,6.8,34,128,162,104,267,371,False,False,False,False,False,False
2000-01-01 01:02:45,22.4,54.7,6.8,4.1,0.7,6.8,42,120,162,104,267,371,False,False,False,False,False,False
2000-01-01 01:02:47,22.4,54.7,6.8,4.1,0.7,6.8,50,112,162,104,267,371,False,False,False,False,False,False
2000-01-01 01:02:49,22.4,54.7,6.9,4.1,0.7,6.9,27,135,162,104,267,371,False,False,False,False,False,False
2000-01-01 01:02:51,22.4,54.6,7.1,4.2,0.7,7.1,35,126,162,104,267,371,False,False,False,False,False,False
2000-01-01 01:02:53,22.4,54.7,6.8,4.1,0.7,6.8,44,118,162,104,267,371,False,False,False,False,False,False
2000-01-01 01:02:55,22.4,54.7,6.8,4.1,0.7,6.8,52,110,162,104,267,371,False,False,False,False,False,False
2000-01-01 01:02:57,22.4,54.7,6.9,4.1,0.7,6.9,29,133,162,104,267,371,False,False,False,False,False,False
2000-01-01 01:02:59,22.4,54.7,6.8,4.1,0.7,6.8,37,125,162,104,267,371,False,False,False,False,False,False
2000-01-01 01:03:01,22.4,54.7,7.1,4.2,0.7,7.1,45,116,162,104,267,371,False,False,False,False,False,False
2000-01-01 01:03:03,22.4,54.7,6.8,4.1,0.7,6.8,54,108,162,104,267,371,False,False,False,False,False,False
2000-01-01 01:03:05,22.4,54.7,6.9,4.1,0.7,6.9,31,131,162,104,267,371,False,False,False,False,False,False
2000-01-01 01:03:07,22.4,54.6,6.8,4.1,0.7,6.8,39,123,162,104,267,371,False,False,False,False,False,False
2000-01-01 01:03:09,22.4,54.7,6.8,4.1,0.7,6.8,47,115,162,104,267,371,False,False,False,False,False,False
2000-01-01 01:03:11,22.4,54.6,7.8,4.6,0.7,7.8,23,139,162,104,267,371,False,False,False,False,False,False
2000-01-01 01:03:13,22.4,54.7,6.2,3.7,0.7,6.2,31,130,162,104,267,371,False,False,False,False,False,False
2000-01-01 01:03:15,22.4,54.6,6.8,4.1,0.7,6.8,40,122,162,104,267,371,False,False,False,False,False,False
2000-01-01 01:03:17,22.4,54.6,6.8,4.1,0.7,6.8,48,114,162,104,267,371,False,False,False,False,False,False
2000-01-01 01:03:19,22.4,54.6,6.9,4.1,0.7,6.9,24,138,162,104,267,371,False,False,False,False,False,False
2000-01-01 01:03:21,22.4,54.6,7.1,4.2,0.7,7.1,32,129,162,104,267,371,False,False,False,False,False,False
2000-01-01 01:03:23,22.4,54.6,6.8,4.1,0.7,6.8,41,121,162,104,267,371,False,False,False,False,False,False
2000-01-01 01:03:25,22.4,54.6,6.8,4.1,0.7,6.8,49,113,162,104,267,371,False,False,False,False,False,False
2000-01-01 01:03:27,22.4,54.6,6.9,4.1,0.7,6.9,25,137,162,104,267,371,False,False,False,False,False,False
2000-01-01 01:03:29,22.4,54.6,6.8,4.1,0.7,6.8,33,128,162,104,267,371,False,False,False,False,False,False
2000-01-01 01:03:31,22.4,54.5,7.1,4.2,0.7,7.1,42,120,162,104,267,371,False,False,False,False,False,False
2000-01-01 01:03:33,22.4,54.6,6.8,4.1,0.7,6.8,50,112,162,104,267,371,False,False,False,False,False,False
2000-01-01 01:03:35,22.4,54.6,6.9,4.1,0.7,6.9,27,135,162,104,267,371,False,False,False,False,False,False
2000-01-01 01:03:37,22.4,54.6,6.8,4.1,0.7,6.8,35,127,162,104,267,371,False,False,False,False,False,False
2000-01-01 01:03:39,22.4,54.6,6.8,4.1,0.7,6.8,43,118,162,104,267,371,False,False,False,False,False,False
2000-01-01 01:03:41,22.4,54.6,7.1,4.2,0.7,7.1,52,110,162,104,267,371,False,False,False,False,False,False
2000-01-01 01:03:43,22.4,54.6,6.9,4.1,0.7,6.9,29,133,162,104,267,371,False,False,False,False,False,False
2000-01-01 01:03:45,22.4,54.5,6.8,4.1,0.7,6.8,37,125,162,104,267,371,False,False,False,False,False,False
2000-01-01 01:03:47,22.4,54.6,6.8,4.1,0.7,6.8,45,116,162,104,267,371,False,False,False,False,False,False
2000-01-01 01:03:49,22.4,54.6,7.1,4.2,0.7,7.1,54,108,162,104,267,371,False,False,False,False,False,False
2000-01-01 01:03:51,22.4,54.5,6.9,4.1,0.7,6.9,30,131,162,104,267,371,False,False,False,False,False,False
2000-01-01 01:03:53,22.4,54.5,6.8,4.1,0.7,6.8,39,123,162,104,267,371,False,False,False,False,False,False
2000-01-01 01:03:55,22.4,54.6,6.8,4.1,0.7,6.8,47,115,162,104,267,371,False,False,False,False,False,False
2000-01-01 01:03:57,22.4,54.6,7.5,4.4,0.7,7.5,23,138,162,104,267,371,False,False,False,False,False,False
2000-01-01 01:03:59,22.4,54.5,6.5,3.9,0.7,6.5,32,130,162,104,267,371,False,False,False,False,False,False
2000-01-01 01:04:01,22.4,54.6,6.8,4.1,0.7,6.8,40,122,162,104,267,371,False,False,False,False,False,False
2000-01-01 01:04:03,22.4,54.6,7.6,4.5,0.7,7.6,48,114,162,104,267,371,False,False,False,False,False,False
2000-01-01 01:04:05,22.4,54.6,6.9,4.1,0.7,6.9,24,138,162,104,267,371,False,False,False,False,False,False
2000-01-01 01:04:07,22.4,54.6,6.8,4.1,0.7,6.8,32,129,162,104,267,371,False,False,False,False,False,False
2000-01-01 01:04:09,22.4,54.6,7.1,4.2,0.7,7.1,41,121,162,104,267,371,False,False,False,False,False,False
2000-01-01 01:04:11,22.4,54.6,6.8,4.1,0.7,6.8,49,113,162,104,267,371,False,False,False,False,False,False
2000-01-01 01:04:13,22.4,54.6,6.9,4.1,0.7,6.9,25,137,162,104,267,371,False,False,False,False,False,False
2000-01-01 01:04:15,22.4,54.6,6.8,4.1,0.7,6.8,33,128,162,104,267,371,False,False,False,False,False,False
2000-01-01 01:04:17,22.4,54.6,6.8,4.1,0.7,6.8,42,120,162,104,267,371,False,False,False,False,False,False
2000-01-01 01:04:19,22.4,54.6,7.1,4.2,0.7,7.1,50,112,162,104,267,371,False,False,False,False,False,False
2000-01-01 01:04:21,22.4,54.6,6.9,4.1,0.7,6.9,27,135,162,104,267,371,False,False,False,False,False,False
2000-01-01 01:04:23,22.4,54.5,6.8,4.1,0.7,6.8,35,127,162,104,267,371,False,False,False,False,False,False
2000-01-01 01:04:25,22.4,54.6,7.3,4.3,0.7,7.3,43,118,162,104,267,371,False,False,False,False,False,False
2000-01-01 01:04:27,22.4,54.6,6.8,4.1,0.7,6.8,52,110,162,104,267,371,False,False,False,False,False,False
2000-01-01 01:04:29,22.4,54.6,7.2,4.3,0.7,7.2,29,133,162,104,267,371,False,False,False,False,False,False
2000-01-01 01:04:31,22.4,54.6,6.8,4.1,0.7,6.8,37,125,162,104,267,371,False,False,False,False,False,False
2000-01-01 01:04:33,22.4,54.6,6.8,4.1,0.7,6.8,45,116,162,104,267,371,False,False,False,False,False,False
2000-01-01 01:04:35,22.4,54.6,6.8,4.1,0.7,6.8,54,108,162,104,267,371,False,False,False,False,False,False
2000-01-01 01:04:37,22.4,54.6,6.9,4.1,0.7,6.9,30,131,162,104,267,371,False,False,False,False,False,False
2000-01-01 01:04:39,22.4,54.6,7.1,4.2,0.7,7.1,39,123,162,104,267,371,False,False,False,False,False,False
2000-01-01 01:04:41,22.4,54.5,6.8,4.1,0.7,6.8,47,115,162,104,267,371,False,False,False,False,False,False
2000-01-01 01:04:43,22.4,54.6,7.5,4.4,0.7,7.5,23,138,162,104,267,371,False,False,False,False,False,False
2000-01-01 01:04:45,22.4,54.6,7.0,4.1,0.7,7.0,32,130,162,104,267,371,False,False,False,False,False,False
2000-01-01 01:04:47,22.4,54.6,6.8,4.1,0.7,6.8,40,122,162,104,267,371,False,False,False,False,False,False
2000-01-01 01:04:49,22.4,54.5,7.1,4.2,0.7,7.1,48,114,162,104,267,371,False,False,False,False,False,False
2000-01-01 01:04:51,22.4,54.6,6.9,4.1,0.7,6.9,24,137,162,104,267,371,False,False,False,False,False,False
2000-01-01 01:04:53,22.4,54.6,6.8,4.1,0.7,6.8,33,129,162,104,267,371,False,False,False,False,False,False
2000-01-01 01:04:55,22.4,54.6,6.8,4.1,0.7,6.8,41,121,162,104,267,371,False,False,False,False,False,False
2000-01-01 01:04:57,22.4,54.6,6.8,4.1,0.7,6.8,49,113,162,104,267,371,False,False,False,False,False,False
2000-01-01 01:04:59,22.4,54.6,7.2,4.3,0.7,7.2,25,137,162,104,267,371,False,False,False,False,False,False
2000-01-01 01:05:01,22.4,54.6,6.8,4.1,0.7,6.8,33,128,162,104,267,371,False,False,False,False,False,False
2000-01-01 01:05:03,22.4,54.6,6.8,4.1,0.7,6.8,42,120,162,104,267,371,False,False,False,False,False,False
2000-01-01 01:05:05,22.4,54.6,6.8,4.1,0.7,6.8,50,112,162,104,267,371,False,False,False,False,False,False
2000-01-01 01:05:07,22.4,54.6,6.9,4.1,0.7,6.9,27,135,162,104,267,371,False,False,False,False,False,False
2000-01-01 01:05:09,22.4,54.6,6.9,4.1,0.7,6.9,35,127,162,104,267,371,False,False,False,False,False,False
2000-01-01 01:05:11,22.4,54.6,6.8,4.1,0.7,6.8,43,118,162,104,267,371,False,False,False,False,False,False
2000-01-01 01:05:13,22.4,54.6,6.8,4.1,0.7,6.8,52,110,162,104,267,371,False,False,False,False,False,False
2000-01-01 01:05:15,22.4,54.6,6.9,4.1,0.7,6.9,29,133,162,104,267,371,False,False,False,False,False,False
2000-01-01 01:05:17,22.4,54.7,7.1,4.2,0.7,7.1,37,125,162,104,267,371,False,False,False,False,False,False
2000-01-01 01:05:19,22.4,54.6,6.8,4.1,0.7,6.8,45,116,162,104,267,371,False,False,False,False,False,False
2000-01-01 01:05:21,22.4,54.7,6.8,4.1,0.7,6.8,54,108,162,104,267,371,False,False,False,False,False,False
2000-01-01 01:05:23,22.4,54.7,6.9,4.1,0.7,6.9,30,131,162,104,267,371,False,False,False,False,False,False
2000-01-01 01:05:25,22.4,54.6,6.8,4.1,0.7,6.8,39,123,162,104,267,371,False,False,False,False,False,False
2000-01-01 01:05:27,22.4,54.6,7.1,4.2,0.7,7.1,47,115,162,104,267,371,False,False,False,False,False,False
2000-01-01 01:05:29,22.4,54.6,7.5,4.4,0.7,7.5,23,138,162,104,267,371,False,False,False,False,False,False
2000-01-01 01:05:31,22.4,54.6,6.2,3.7,0.7,6.2,32,130,162,104,267,371,False,False,False,False,False,False
2000-01-01 01:05:33,22.4,54.6,6.8,4.1,0.7,6.8,40,122,162,104,267,371,False,False,False,False,False,False
2000-01-01 01:05:35,22.4,54.6,6.8,4.1,0.7,6.8,48,114,162,104,267,371,False,False,False,False,False,False
2000-01-01 01:05:37,22.4,54.6,7.2,4.3,0.7,7.2,24,138,162,104,267,371,False,False,False,False,False,False
2000-01-01 01:05:39,22.5,54.7,6.8,4.1,0.7,6.8,32,129,162,104,267,371,False,False,False,False,False,False
2000-01-01 01:05:41,22.4,54.6,6.8,4.1,0.7,6.8,41,121,162,104,267,371,False,False,False,False,False,False
2000-01-01 01:05:43,22.4,54.6,6.8,4.1,0.7,6.8,49,113,162,104,267,371,False,False,False,False,False,False
2000-01-01 01:05:45,22.4,54.6,6.9,4.1,0.7,6.9,25,137,162,104,267,371,False,False,False,False,False,False
2000-01-01 01:05:47,22.4,54.6,7.1,4.2,0.7,7.1,33,128,162,104,267,371,False,False,False,False,False,False
2000-01-01 01:05:49,22.4,54.6,6.8,4.1,0.7,6.8,42,120,162,104,267,371,False,False,False,False,False,False
2000-01-01 01:05:51,22.4,54.5,6.8,4.1,0.7,6.8,50,112,162,104,267,371,False,False,False,False,False,False
2000-01-01 01:05:53,22.4,54.5,6.9,4.1,0.7,6.9,27,135,162,104,267,371,False,False,False,False,False,False
2000-01-01 01:05:55,22.4,54.5,6.8,4.1,0.7,6.8,35,127,162,104,267,371,False,False,False,False,False,False
2000-01-01 01:05:57,22.4,54.5,7.1,4.2,0.7,7.1,43,118,162,104,267,371,False,False,False,False,False,False
2000-01-01 01:05:59,22.4,54.6,6.8,4.1,0.7,6.8,52,110,162,104,267,371,False,False,False,False,False,False
2000-01-01 01:06:01,22.4,54.5,6.9,4.1,0.7,6.9,29,133,162,104,267,371,False,False,False,False,False,False
2000-01-01 01:06:03,22.4,54.5,6.8,4.1,0.7,6.8,37,125,162,104,267,371,False,False,False,False,False,False
2000-01-01 01:06:05,22.4,54.5,6.8,4.1,0.7,6.8,45,116,162,104,267,371,False,False,False,False,False,False
2000-01-01 01:06:07,22.4,54.5,7.1,4.2,0.7,7.1,54,108,162,104,267,371,False,False,False,False,False,False
2000-01-01 01:06:09,22.4,54.5,6.9,4.1,0.7,6.9,30,131,162,104,267,371,False,False,False,False,False,False
2000-01-01 01:06:11,22.4,54.6,6.8,4.1,0.7,6.8,39,123,162,104,267,371,False,False,False,False,False,False
2000-01-01 01:06:13,22.4,54.5,6.8,4.1,0.7,6.8,47,115,162,104,267,371,False,False,False,False,False,False
2000-01-01 01:06:15,22.4,54.5,8.1,4.7,0.7,8.1,23,138,162,104,267,371,False,False,False,False,False,False
2000-01-01 01:06:17,22.4,54.5,6.5,3.9,0.7,6.5,32,130,162,104,267,371,False,False,False,False,False,False
2000-01-01 01:06:19,22.4,54.6,6.8,4.1,0.7,6.8,40,122,162,104,267,371,False,False,False,False,False,False
2000-01-01 01:06:21,22.4,54.5,6.8,4.1,0.7,6.8,48,114,162,104,267,371,False,False,False,False,False,False
2000-01-01 01:06:23,22.4,54.5,6.9,4.1,0.7,6.9,24,138,162,104,267,371,False,False,False,False,False,False
2000-01-01 01:06:25,22.4,54.5,6.8,4.1,0.7,6.8,32,129,162,104,267,371,False,False,False,False,False,False
2000-01-01 01:06:27,22.5,54.5,7.1,4.2,0.7,7.1,41,121,162,104,267,371,False,False,False,False,False,False
2000-01-01 01:06:29,22.4,54.5,6.8,4.1,0.7,6.8,49,113,162,104,267,371,False,False,False,False,False,False
2000-01-01 01:06:31,22.4,54.5,6.9,4.1,0.7,6.9,25,137,162,104,267,371,False,False,False,False,False,False
2000-01-01 01:06:33,22.4,54.6,6.8,4.1,0.7,6.8,33,128,162,104,267,371,False,False,False,False,False,False
2000-01-01 01:06:35,22.4,54.5,7.1,4.2,0.7,7.1,42,120,162,104,267,371,False,False,False,False,False,False
2000-01-01 01:06:37,22.4,54.6,6.8,4.1,0.7,6.8,50,112,162,104,267,371,False,False,False,False,False,False
2000-01-01 01:06:39,22.4,54.5,6.9,4.1,0.7,6.9,27,135,162,104,267,371,False,False,False,False,False,False
2000-01-01 01:06:41,22.4,54.5,6.8,4.1,0.7,6.8,35,127,162,104,267,371,False,False,False,False,False,False
2000-01-01 01:06:43,22.4,54.5,6.8,4.1,0.7,6.8,43,118,162,104,267,371,False,False,False,False,False,False
2000-01-01 01:06:45,22.4,54.5,7.1,4.2,0.7,7.1,52,110,162,104,267,371,False,False,False,False,False,False
2000-01-01 01:06:47,22.4,54.5,6.9,4.1,0.7,6.9,29,133,162,104,267,371,False,False,False,False,False,False
2000-01-01 01:06:49,22.4,54.5,6.8,4.1,0.7,6.8,37,125,162,104,267,371,False,False,False,False,False,False
2000-01-01 01:06:51,22.4,54.5,6.8,4.1,0.7,6.8,45,116,162,104,267,371,False,False,False,False,False,False
2000-01-01 01:06:53,22.4,54.5,6.8,4.1,0.7,6.8,54,108,162,104,267,371,False,False,False,False,False,False
2000-01-01 01:06:55,22.4,54.6,7.2,4.3,0.7,7.2,30,131,162,104,267,371,False,False,False,False,False,False
2000-01-01 01:06:57,22.4,54.6,6.8,4.1,0.7,6.8,39,123,162,104,267,371,False,False,False,False,False,False
2000-01-01 01:06:59,22.4,54.5,6.8,4.1,0.7,6.8,47,115,162,104,267,371,False,False,False,False,False,False
2000-01-01 01:07:01,22.4,54.6,7.5,4.4,0.7,7.5,23,138,162,104,267,371,False,False,False,False,False,False
2000-01-01 01:07:03,22.4,54.6,6.2,3.7,0.7,6.2,32,130,162,104,267,371,False,False,False,False,False,False
2000-01-01 01:07:05,22.4,54.6,7.1,4.2,0.7,7.1,40,122,162,104,267,371,False,False,False,False,False,False
2000-01-01 01:07:07,22.4,54.6,6.8,4.1,0.7,6.8,48,114,162,104,267,371,False,False,False,False,False,False
2000-01-01 01:07:09,22.4,54.6,6.9,4.1,0.7,6.9,24,138,162,104,267,371,False,False,False,False,False,False
2000-01-01 01:07:11,22.4,54.6,6.8,4.1,0.7,6.8,32,129,162,104,267,371,False,False,False,False,False,False
2000-01-01 01:07:13,22.4,54.6,6.8,4.1,0.7,6.8,41,121,162,104,267,371,False,False,False,False,False,False
2000-01-01 01:07:15,22.4,54.6,8.3,4.8,0.7,8.3,49,113,162,104,267,371,False,False,False,False,False,False
2000-01-01 01:07:17,22.4,54.6,6.9,4.1,0.7,6.9,25,137,162,104,267,371,False,False,False,False,False,False
2000-01-01 01:07:19,22.4,54.5,6.8,4.1,0.7,6.8,33,128,162,104,267,371,False,False,False,False,False,False
2000-01-01 01:07:21,22.4,54.6,6.8,4.1,0.7,6.8,42,120,162,104,267,371,False,False,False,False,False,False
2000-01-01 01:07:23,22.4,54.6,6.8,4.1,0.7,6.8,50,112,162,104,267,371,False,False,False,False,False,False
2000-01-01 01:07:25,22.4,54.6,7.2,4.3,0.7,7.2,27,135,162,104,267,371,False,False,False,False,False,False
2000-01-01 01:07:27,22.4,54.6,6.8,4.1,0.7,6.8,35,127,162,104,267,371,False,False,False,False,False,False
2000-01-01 01:07:29,22.4,54.6,6.8,4.1,0.7,6.8,43,118,162,104,267,371,False,False,False,False,False,False
2000-01-01 01:07:31,22.4,54.6,6.8,4.1,0.7,6.8,52,110,162,104,267,371,False,False,False,False,False,False
2000-01-01 01:07:33,22.4,54.6,6.9,4.1,0.7,6.9,29,133,162,104,267,371,False,False,False,False,False,False
2000-01-01 01:07:35,22.4,54.6,7.1,4.2,0.7,7.1,37,125,162,104,267,371,False,False,False,False,False,False
2000-01-01 01:07:37,22.4,54.6,6.8,4.1,0.7,6.8,45,116,162,104,267,371,False,False,False,False,False,False
2000-01-01 01:07:39,22.4,54.6,6.8,4.1,0.7,6.8,54,108,162,104,267,371,False,False,False,False,False,False
2000-01-01 01:07:41,22.4,54.6,6.9,4.1,0.7,6.9,30,131,162,104,267,371,False,False,False,False,False,False
2000-01-01 01:07:43,22.4,54.6,6.8,4.1,0.7,6.8,39,123,162,104,267,371,False,False,False,False,False,False
2000-01-01 01:07:45,22.4,54.6,7.1,4.2,0.7,7.1,47,115,162,104,267,371,False,False,False,False,False,False
2000-01-01 01:07:47,22.4,54.6,7.5,4.4,0.7,7.5,23,138,162,104,267,371,False,False,False,False,False,False
2000-01-01 01:07:49,22.4,54.6,6.2,3.8,0.7,6.2,32,130,162,104,267,371,False,False,False,False,False,False
2000-01-01 01:07:51,22.4,54.6,6.8,4.1,0.7,6.8,40,122,162,104,267,371,False,False,False,False,False,False
2000-01-01 01:07:53,22.4,54.6,7.1,4.2,0.7,7.1,48,114,162,104,267,371,False,False,False,False,False,False
2000-01-01 01:07:55,22.4,54.6,6.9,4.1,0.7,6.9,24,138,162,104,267,371,False,False,False,False,False,False
2000-01-01 01:07:57,22.4,54.6,6.8,4.1,0.7,6.8,32,129,162,104,267,371,False,False,False,False,False,False
2000-01-01 01:07:59,22.4,54.6,6.8,4.1,0.7,6.8,41,121,162,104,267,371,False,False,False,False,False,False
2000-01-01 01:08:01,22.4,54.6,6.8,4.1,0.7,6.8,49,113,162,104,267,371,False,False,False,False,False,False
2000-01-01 01:08:03,22.4,54.6,8.0,4.7,0.7,8.0,25,137,162,104,267,371,False,False,False,False,False,False
2000-01-01 01:08:05,22.4,54.6,7.3,4.3,0.7,7.3,33,128,162,104,267,371,False,False,False,False,False,False
2000-01-01 01:08:07,22.4,54.6,6.8,4.1,0.7,6.8,42,120,162,104,267,371,False,False,False,False,False,False
2000-01-01 01:08:09,22.4,54.6,6.8,4.1,0.7,6.8,50,112,162,104,267,371,False,False,False,False,False,False
2000-01-01 01:08:11,22.4,54.6,6.9,4.1,0.7,6.9,27,135,162,104,267,371,False,False,False,False,False,False
2000-01-01 01:08:13,22.4,54.6,7.1,4.2,0.7,7.1,35,127,162,104,267,371,False,False,False,False,False,False
2000-01-01 01:08:15,22.4,54.6,6.8,4.1,0.7,6.8,43,118,162,104,267,371,False,False,False,False,False,False
2000-01-01 01:08:17,22.4,54.6,6.8,4.1,0.7,6.8,52,110,162,104,267,371,False,False,False,False,False,False
2000-01-01 01:08:19,22.4,54.7,6.9,4.1,0.7,6.9,29,133,162,104,267,371,False,False,False,False,False,False
2000-01-01 01:08:21,22.4,54.6,6.8,4.1,0.7,6.8,37,125,162,104,267,371,False,False,False,False,False,False
2000-01-01 01:08:23,22.4,54.6,7.1,4.2,0.7,7.1,45,116,162,104,267,371,False,False,False,False,False,False
2000-01-01 01:08:25,22.4,54.7,6.8,4.1,0.7,6.8,54,108,162,104,267,371,False,False,False,False,False,False
2000-01-01 01:08:27,22.4,54.6,6.9,4.1,0.7,6.9,30,131,162,104,267,371,False,False,False,False,False,False
2000-01-01 01:08:29,22.4,54.6,6.8,4.1,0.7,6.8,39,123,162,104,267,371,False,False,False,False,False,False
2000-01-01 01:08:31,22.4,54.6,6.8,4.1,0.7,6.8,47,115,162,104,267,371,False,False,False,False,False,False
2000-01-01 01:08:33,22.4,54.6,7.8,4.6,0.7,7.8,23,138,162,104,267,371,False,False,False,False,False,False
2000-01-01 01:08:35,22.4,54.6,6.2,3.7,0.7,6.2,32,130,162,104,267,371,False,False,False,False,False,False
2000-01-01 01:08:37,22.4,54.6,6.8,4.1,0.7,6.8,40,122,162,104,267,371,False,False,False,False,False,False
2000-01-01 01:08:39,22.4,54.6,6.8,4.1,0.7,6.8,48,114,162,104,267,371,False,False,False,False,False,False
2000-01-01 01:08:41,22.4,54.5,6.9,4.1,0.7,6.9,24,138,162,104,267,371,False,False,False,False,False,False
2000-01-01 01:08:43,22.4,54.6,7.9,4.6,0.7,7.9,32,129,162,104,267,371,False,False,False,False,False,False
2000-01-01 01:08:45,22.4,54.6,6.8,4.1,0.7,6.8,41,121,162,104,267,371,False,False,False,False,False,False
2000-01-01 01:08:47,22.4,54.6,6.8,4.1,0.7,6.8,49,113,162,104,267,371,False,False,False,False,False,False
2000-01-01 01:08:49,22.4,54.6,6.9,4.1,0.7,6.9,25,137,162,104,267,371,False,False,False,False,False,False
2000-01-01 01:08:51,22.4,54.6,6.8,4.1,0.7,6.8,33,128,162,104,267,371,False,False,False,False,False,False
2000-01-01 01:08:53,22.4,54.6,7.1,4.2,0.7,7.1,42,120,162,104,267,371,False,False,False,False,False,False
2000-01-01 01:08:55,22.4,54.6,6.8,4.1,0.7,6.8,50,112,162,104,267,371,False,False,False,False,False,False
2000-01-01 01:08:57,22.4,54.6,6.9,4.1,0.7,6.9,27,135,162,104,267,371,False,False,False,False,False,False
2000-01-01 01:08:59,22.4,54.6,6.8,4.1,0.7,6.8,35,127,162,104,267,371,False,False,False,False,False,False
2000-01-01 01:09:01,22.4,54.6,6.8,4.1,0.7,6.8,43,118,162,104,267,371,False,False,False,False,False,False
2000-01-01 01:09:03,22.4,54.6,7.1,4.2,0.7,7.1,52,110,162,104,267,371,False,False,False,False,False,False
2000-01-01 01:09:05,22.4,54.6,6.9,4.1,0.7,6.9,29,133,162,104,267,371,False,False,False,False,False,False
2000-01-01 01:09:07,22.4,54.6,6.8,4.1,0.7,6.8,37,125,162,104,267,371,False,False,False,False,False,False
2000-01-01 01:09:09,22.4,54.6,6.8,4.1,0.7,6.8,45,116,162,104,267,371,False,False,False,False,False,False
2000-01-01 01:09:11,22.4,54.6,7.1,4.2,0.7,7.1,54,108,162,104,267,371,False,False,False,False,False,False
2000-01-01 01:09:13,22.4,54.6,6.9,4.1,0.7,6.9,30,131,162,104,267,371,False,False,False,False,False,False
2000-01-01 01:09:15,22.4,54.5,6.8,4.1,0.7,6.8,39,123,162,104,267,371,False,False,False,False,False,False
2000-01-01 01:09:17,22.4,54.6,6.8,4.1,0.7,6.8,47,115,162,104,267,371,False,False,False,False,False,False
2000-01-01 01:09:19,22.4,54.6,7.5,4.4,0.7,7.5,23,138,162,104,267,371,False,False,False,False,False,False
2000-01-01 01:09:21,22.4,54.6,6.5,3.9,0.7,6.5,32,130,162,104,267,371,False,False,False,False,False,False
2000-01-01 01:09:23,22.4,54.6,6.8,4.1,0.7,6.8,40,122,162,104,267,371,False,False,False,False,False,False
2000-01-01 01:09:25,22.4,54.6,6.8,4.1,0.7,6.8,48,114,162,104,267,371,False,False,False,False,False,False
2000-01-01 01:09:27,22.4,54.6,6.9,4.1,0.7,6.9,24,138,162,104,267,371,False,False,False,False,False,False
2000-01-01 01:09:29,22.4,54.6,6.8,4.1,0.7,6.8,32,129,162,104,267,371,False,False,False,False,False,False
2000-01-01 01:09:31,22.4,54.6,7.1,4.2,0.7,7.1,41,121,162,104,267,371,False,False,False,False,False,False
2000-01-01 01:09:33,22.4,54.6,6.8,4.1,0.7,6.8,49,113,162,104,267,371,False,False,False,False,False,False
2000-01-01 01:09:35,22.4,54.6,6.9,4.1,0.7,6.9,25,137,162,104,267,371,False,False,False,False,False,False
2000-01-01 01:09:37,22.4,54.6,6.8,4.1,0.7,6.8,33,128,162,104,267,371,False,False,False,False,False,False
2000-01-01 01:09:39,22.4,54.5,6.8,4.1,0.7,6.8,42,120,162,104,267,371,False,False,False,False,False,False
2000-01-01 01:09:41,22.4,54.6,7.1,4.2,0.7,7.1,50,112,162,104,267,371,False,False,False,False,False,False
2000-01-01 01:09:43,22.4,54.6,6.9,4.1,0.7,6.9,27,135,162,104,267,371,False,False,False,False,False,False
2000-01-01 01:09:45,22.4,54.6,6.8,4.1,0.7,6.8,35,127,162,104,267,371,False,False,False,False,False,False
2000-01-01 01:09:47,22.4,54.6,6.8,4.1,0.7,6.8,43,118,162,104,267,371,False,False,False,False,False,False
2000-01-01 01:09:49,22.4,54.6,6.8,4.1,0.7,6.8,52,110,162,104,267,371,False,False,False,False,False,False
2000-01-01 01:09:51,22.4,54.6,7.2,4.3,0.7,7.2,29,133,162,104,267,371,False,False,False,False,False,False
2000-01-01 01:09:53,22.4,54.6,6.8,4.1,0.7,6.8,37,125,162,104,267,371,False,False,False,False,False,False
2000-01-01 01:09:55,22.4,54.6,7.3,4.3,0.7,7.3,45,116,162,104,267,371,False,False,False,False,False,False
2000-01-01 01:09:57,22.4,54.6,6.8,4.1,0.7,6.8,54,108,162,104,267,371,False,False,False,False,False,False
2000-01-01 01:09:59,22.4,54.6,6.9,4.1,0.7,6.9,30,131,162,104,267,371,False,False,False,False,False,False
2000-01-01 01:10:01,22.4,54.6,7.1,4.2,0.7,7.1,39,123,162,104,267,371,False,False,False,False,False,False
2000-01-01 01:10:03,22.4,54.6,6.8,4.1,0.7,6.8,47,115,162,104,267,371,False,False,False,False,False,False
2000-01-01 01:10:05,22.4,54.6,7.5,4.4,0.7,7.5,23,138,162,104,267,371,False,False,False,False,False,False
2000-01-01 01:10:07,22.4,54.5,6.2,3.7,0.7,6.2,32,130,162,104,267,371,False,False,False,False,False,False
2000-01-01 01:10:09,22.4,54.6,6.8,4.1,0.7,6.8,40,122,162,104,267,371,False,False,False,False,False,False
2000-01-01 01:10:11,22.4,54.5,7.1,4.2,0.7,7.1,48,114,162,104,267,371,False,False,False,False,False,False
2000-01-01 01:10:13,22.4,54.5,6.9,4.1,0.7,6.9,24,138,162,104,267,371,False,False,False,False,False,False
2000-01-01 01:10:15,22.4,54.5,6.8,4.1,0.7,6.8,32,129,162,104,267,371,False,False,False,False,False,False
2000-01-01 01:10:17,22.4,54.6,6.8,4.1,0.7,6.8,41,121,162,104,267,371,False,False,False,False,False,False
2000-01-01 01:10:19,22.4,54.6,6.8,4.1,0.7,6.8,49,113,162,104,267,371,False,False,False,False,False,False
2000-01-01 01:10:21,22.4,54.5,7.2,4.3,0.7,7.2,25,137,162,104,267,371,False,False,False,False,False,False
2000-01-01 01:10:23,22.4,54.6,6.8,4.1,0.7,6.8,33,128,162,104,267,371,False,False,False,False,False,False
2000-01-01 01:10:25,22.4,54.6,6.8,4.1,0.7,6.8,42,120,162,104,267,371,False,False,False,False,False,False
2000-01-01 01:10:27,22.4,54.6,6.8,4.1,0.7,6.8,50,112,162,104,267,371,False,False,False,False,False,False
2000-01-01 01:10:29,22.4,54.5,7.2,4.3,0.7,7.2,27,135,162,104,267,371,False,False,False,False,False,False
2000-01-01 01:10:31,22.4,54.6,6.8,4.1,0.7,6.8,35,127,162,104,267,371,False,False,False,False,False,False
2000-01-01 01:10:33,22.5,54.5,6.8,4.1,0.7,6.8,43,118,162,104,267,371,False,False,False,False,False,False
2000-01-01 01:10:35,22.4,54.5,6.8,4.1,0.7,6.8,52,110,162,104,267,371,False,False,False,False,False,False
2000-01-01 01:10:37,22.4,54.5,6.9,4.1,0.7,6.9,29,133,162,104,267,371,False,False,False,False,False,False
2000-01-01 01:10:39,22.4,54.5,7.1,4.2,0.7,7.1,37,125,162,104,267,371,False,False,False,False,False,False
2000-01-01 01:10:41,22.4,54.6,6.8,4.1,0.7,6.8,45,116,162,104,267,371,False,False,False,False,False,False
2000-01-01 01:10:43,22.4,54.5,6.8,4.1,0.7,6.8,54,108,162,104,267,371,False,False,False,False,False,False
2000-01-01 01:10:45,22.4,54.5,6.9,4.1,0.7,6.9,30,131,162,104,267,371,False,False,False,False,False,False
2000-01-01 01:10:47,22.4,54.5,6.8,4.1,0.7,6.8,39,123,162,104,267,371,False,False,False,False,False,False
2000-01-01 01:10:49,22.5,54.5,7.1,4.2,0.7,7.1,47,115,162,104,267,371,False,False,False,False,False,False
2000-01-01 01:10:51,22.4,54.5,7.5,4.4,0.7,7.5,23,138,162,104,267,371,False,False,False,False,False,False
2000-01-01 01:10:53,22.5,54.5,6.2,3.7,0.7,6.2,32,130,162,104,267,371,False,False,False,False,False,False
2000-01-01 01:10:55,22.5,54.5,6.8,4.1,0.7,6.8,40,122,162,104,267,371,False,False,False,False,False,False
2000-01-01 01:10:57,22.5,54.5,6.8,4.1,0.7,6.8,48,114,162,104,267,371,False,False,False,False,False,False
2000-01-01 01:10:59,22.4,54.4,7.2,4.3,0.7,7.2,24,138,162,104,267,371,False,False,False,False,False,False
2000-01-01 01:11:01,22.4,54.5,6.8,4.1,0.7,6.8,32,129,162,104,267,371,False,False,False,False,False,False
2000-01-01 01:11:03,22.4,54.5,6.8,4.1,0.7,6.8,41,121,162,104,267,371,False,False,False,False,False,False
2000-01-01 01:11:05,22.4,54.5,6.8,4.1,0.7,6.8,49,113,162,104,267,371,False,False,False,False,False,False
2000-01-01 01:11:07,22.4,54.5,6.9,4.1,0.7,6.9,25,137,162,104,267,371,False,False,False,False,False,False
2000-01-01 01:11:09,22.4,54.5,7.1,4.2,0.7,7.1,33,128,162,104,267,371,False,False,False,False,False,False
2000-01-01 01:11:11,22.4,54.5,6.8,4.1,0.7,6.8,42,120,162,104,267,371,False,False,False,False,False,False
2000-01-01 01:11:13,22.4,54.5,6.8,4.1,0.7,6.8,50,112,162,104,267,371,False,False,False,False,False,False
2000-01-01 01:11:15,22.4,54.5,6.9,4.1,0.7,6.9,27,135,162,104,267,371,False,False,False,False,False,False
2000-01-01 01:11:17,22.4,54.5,6.8,4.1,0.7,6.8,35,127,162,104,267,371,False,False,False,False,False,False
2000-01-01 01:11:19,22.4,54.5,7.1,4.2,0.7,7.1,43,118,162,104,267,371,False,False,False,False,False,False
2000-01-01 01:11:21,22.5,54.5,6.8,4.1,0.7,6.8,52,110,162,104,267,371,False,False,False,False,False,False
2000-01-01 01:11:23,22.4,54.5,6.9,4.1,0.7,6.9,29,133,162,104,267,371,False,False,False,False,False,False
2000-01-01 01:11:25,22.4,54.5,6.8,4.1,0.7,6.8,37,125,162,104,267,371,False,False,False,False,False,False
2000-01-01 01:11:27,22.4,54.5,6.8,4.1,0.7,6.8,45,116,162,104,267,371,False,False,False,False,False,False
2000-01-01 01:11:29,22.4,54.5,7.1,4.2,0.7,7.1,54,108,162,104,267,371,False,False,False,False,False,False
2000-01-01 01:11:31,22.4,54.5,6.9,4.1,0.7,6.9,30,131,162,104,267,371,False,False,False,False,False,False
2000-01-01 01:11:33,22.4,54.5,6.8,4.1,0.7,6.8,39,123,162,104,267,371,False,False,False,False,False,False
2000-01-01 01:11:35,22.4,54.5,6.8,4.1,0.7,6.8,47,115,162,104,267,371,False,False,False,False,False,False
2000-01-01 01:11:37,22.5,54.5,7.5,4.4,0.7,7.5,23,138,162,104,267,371,False,False,False,False,False,False
2000-01-01 01:11:39,22.4,54.5,6.5,3.9,0.7,6.5,32,130,162,104,267,371,False,False,False,False,False,False
2000-01-01 01:11:41,22.5,54.5,6.8,4.1,0.7,6.8,40,122,162,104,267,371,False,False,False,False,False,False
2000-01-01 01:11:43,22.4,54.5,6.8,4.1,0.7,6.8,48,114,162,104,267,371,False,False,False,False,False,False
2000-01-01 01:11:45,22.4,54.5,6.9,4.1,0.7,6.9,24,138,162,104,267,371,False,False,False,False,False,False
2000-01-01 01:11:47,22.4,54.5,7.6,4.5,0.7,7.6,32,129,162,104,267,371,False,False,False,False,False,False
2000-01-01 01:11:49,22.4,54.5,6.8,4.1,0.7,6.8,41,121,162,104,267,371,False,False,False,False,False,False
2000-01-01 01:11:51,22.4,54.5,6.8,4.1,0.7,6.8,49,113,162,104,267,371,False,False,False,False,False,False
2000-01-01 01:11:53,22.4,54.5,6.9,4.1,0.7,6.9,25,137,162,104,267,371,False,False,False,False,False,False
2000-01-01 01:11:55,22.4,54.5,6.8,4.1,0.7,6.8,33,128,162,104,267,371,False,False,False,False,False,False
2000-01-01 01:11:57,22.4,54.5,7.1,4.2,0.7,7.1,42,120,162,104,267,371,False,False,False,False,False,False
2000-01-01 01:11:59,22.4,54.5,6.8,4.1,0.7,6.8,50,112,162,104,267,371,False,False,False,False,False,False
2000-01-01 01:12:01,22.4,54.5,7.7,4.5,0.7,7.7,27,135,162,104,267,371,False,False,False,False,False,False
2000-01-01 01:12:03,22.4,54.5,6.8,4.1,0.7,6.8,35,127,162,104,267,371,False,False,False,False,False,False
2000-01-01 01:12:05,22.4,54.5,6.8,4.1,0.7,6.8,43,118,162,104,267,371,False,False,False,False,False,False
2000-01-01 01:12:07,22.4,54.5,7.1,4.2,0.7,7.1,52,110,162,104,267,371,False,False,False,False,False,False
2000-01-01 01:12:09,22.4,54.5,6.9,4.1,0.7,6.9,29,133,162,104,267,371,False,False,False,False,False,False
2000-01-01 01:12:11,22.4,54.5,6.8,4.1,0.7,6.8,37,125,162,104,267,371,False,False,False,False,False,False
2000-01-01 01:12:13,22.4,54.5,6.8,4.1,0.7,6.8,45,117,162,104,267,371,False,False,False,False,False,False
2000-01-01 01:12:15,22.4,54.5,6.8,4.1,0.7,6.8,53,108,162,104,267,371,False,False,False,False,False,False
2000-01-01 01:12:17,22.4,54.6,7.2,4.3,0.7,7.2,30,132,162,104,267,371,False,False,False,False,False,False
2000-01-01 01:12:19,22.4,54.5,6.8,4.1,0.7,6.8,38,123,162,104,267,371,False,False,False,False,False,False
2000-01-01 01:12:21,22.4,54.5,6.8,4.1,0.7,6.8,47,115,162,104,267,371,False,False,False,False,False,False
2000-01-01 01:12:23,22.4,54.5,6.8,4.1,0.7,6.8,23,139,162,104,267,371,False,False,False,False,False,False
2000-01-01 01:12:25,22.4,54.5,6.9,4.1,0.7,6.9,31,130,162,104,267,371,False,False,False,False,False,False
2000-01-01 01:12:27,22.4,54.5,7.1,4.2,0.7,7.1,40,122,162,104,267,371,False,False,False,False,False,False
2000-01-01 01:12:29,22.4,54.5,6.8,4.1,0.7,6.8,48,114,162,104,267,371,False,False,False,False,False,False
2000-01-01 01:12:31,22.4,54.5,6.9,4.1,0.7,6.9,24,138,162,104,267,371,False,False,False,False,False,False
2000-01-01 01:12:33,22.4,54.6,6.8,4.1,0.7,6.8,32,129,162,104,267,371,False,False,False,False,False,False
2000-01-01 01:12:35,22.4,54.6,6.8,4.1,0.7,6.8,41,121,162,104,267,371,False,False,False,False,False,False
2000-01-01 01:12:37,22.4,54.5,7.1,4.2,0.7,7.1,49,113,162,104,267,371,False,False,False,False,False,False
2000-01-01 01:12:39,22.4,54.5,6.9,4.1,0.7,6.9,25,137,162,104,267,371,False,False,False,False,False,False
2000-01-01 01:12:41,22.4,54.5,7.6,4.5,0.7,7.6,33,129,162,104,267,371,False,False,False,False,False,False
2000-01-01 01:12:43,22.4,54.5,6.8,4.1,0.7,6.8,41,120,162,104,267,371,False,False,False,False,False,False
2000-01-01 01:12:45,22.4,54.5,6.8,4.1,0.7,6.8,50,112,162,104,267,371,False,False,False,False,False,False
2000-01-01 01:12:47,22.4,54.5,11.2,6.3,0.7,11.2,27,135,162,104,267,371,False,False,False,False,False,False
2000-01-01 01:12:49,22.4,54.5,6.8,4.1,0.7,6.8,35,127,162,104,267,371,False,False,False,False,False,False
2000-01-01 01:12:51,22.4,54.6,6.8,4.1,0.7,6.8,43,119,162,104,267,371,False,False,False,False,False,False
2000-01-01 01:12:53,22.4,54.5,6.8,4.1,0.7,6.8,51,110,162,104,267,371,False,False,False,False,False,False
2000-01-01 01:12:55,22.4,54.5,6.9,4.1,0.7,6.9,29,133,162,104,267,371,False,False,False,False,False,False
2000-01-01 01:12:57,22.4,54.5,7.1,4.2,0.7,7.1,37,125,162,104,267,371,False,False,False,False,False,False
2000-01-01 01:12:59,22.4,54.6,6.8,4.1,0.7,6.8,45,117,162,104,267,371,False,False,False,False,False,False
2000-01-01 01:13:01,22.4,54.5,6.8,4.1,0.7,6.8,53,108,162,104,267,371,False,False,False,False,False,False
2000-01-01 01:13:03,22.5,54.6,6.9,4.1,0.7,6.9,30,132,162,104,267,371,False,False,False,False,False,False
2000-01-01 01:13:05,22.4,54.6,7.1,4.2,0.7,7.1,38,123,162,104,267,371,False,False,False,False,False,False
2000-01-01 01:13:07,22.4,54.5,6.8,4.1,0.7,6.8,47,115,162,104,267,371,False,False,False,False,False,False
2000-01-01 01:13:09,22.4,54.5,6.8,4.1,0.7,6.8,23,139,162,104,267,371,False,False,False,False,False,False
2000-01-01 01:13:11,22.5,54.6,6.9,4.1,0.7,6.9,31,130,162,104,267,371,False,False,False,False,False,False
2000-01-01 01:13:13,22.4,54.5,6.8,4.1,0.7,6.8,40,122,162,104,267,371,False,False,False,False,False,False
2000-01-01 01:13:15,22.5,54.5,7.1,4.2,0.7,7.1,48,114,162,104,267,371,False,False,False,False,False,False
2000-01-01 01:13:17,22.4,54.5,6.9,4.1,0.7,6.9,24,138,162,104,267,371,False,False,False,False,False,False
2000-01-01 01:13:19,22.4,54.5,6.8,4.1,0.7,6.8,32,129,162,104,267,371,False,False,False,False,False,False
2000-01-01 01:13:21,22.5,54.5,6.8,4.1,0.7,6.8,41,121,162,104,267,371,False,False,False,False,False,False
2000-01-01 01:13:23,22.5,54.5,6.8,4.1,0.7,6.8,49,113,162,104,267,371,False,False,False,False,False,False
2000-01-01 01:13:25,22.5,54.5,7.2,4.3,0.7,7.2,25,137,162,104,267,371,False,False,False,False,False,False
2000-01-01 01:13:27,22.5,54.5,6.8,4.1,0.7,6.8,33,129,162,104,267,371,False,False,False,False,False,False
2000-01-01 01:13:29,22.5,54.4,6.8,4.1,0.7,6.8,41,120,162,104,267,371,False,False,False,False,False,False
2000-01-01 01:13:31,22.5,54.4,6.8,4.1,0.7,6.8,50,112,162,104,267,371,False,False,False,False,False,False
2000-01-01 01:13:33,22.5,54.5,6.9,4.1,0.7,6.9,27,135,162,104,267,371,False,False,False,False,False,False
2000-01-01 01:13:35,22.5,54.5,7.6,4.5,0.7,7.6,35,127,162,104,267,371,False,False,False,False,False,False
2000-01-01 01:13:37,22.5,54.5,6.8,4.1,0.7,6.8,43,119,162,104,267,371,False,False,False,False,False,False
2000-01-01 01:13:39,22.5,54.5,6.8,4.1,0.7,6.8,51,110,162,104,267,371,False,False,False,False,False,False
2000-01-01 01:13:41,22.5,54.4,6.9,4.1,0.7,6.9,29,133,162,104,267,371,False,False,False,False,False,False
2000-01-01 01:13:43,22.4,54.4,6.8,4.1,0.7,6.8,37,125,162,104,267,371,False,False,False,False,False,False
2000-01-01 01:13:45,22.4,54.4,7.1,4.2,0.7,7.1,45,117,162,104,267,371,False,False,False,False,False,False
2000-01-01 01:13:47,22.5,54.4,6.8,4.1,0.7,6.8,53,108,162,104,267,371,False,False,False,False,False,False
2000-01-01 01:13:49,22.5,54.4,6.9,4.1,0.7,6.9,30,132,162,104,267,371,False,False,False,False,False,False
2000-01-01 01:13:51,22.4,54.4,6.8,4.1,0.7,6.8,38,123,162,104,267,371,False,False,False,False,False,False
2000-01-01 01:13:53,22.5,54.4,6.8,4.1,0.7,6.8,47,115,162,104,267,371,False,False,False,False,False,False
2000-01-01 01:13:55,22.5,54.5,7.1,4.2,0.7,7.1,23,139,162,104,267,371,False,False,False,False,False,False
2000-01-01 01:13:57,22.4,54.4,6.9,4.1,0.7,6.9,31,130,162,104,267,371,False,False,False,False,False,False
2000-01-01 01:13:59,22.4,54.4,6.8,4.1,0.7,6.8,40,122,162,104,267,371,False,False,False,False,False,False
2000-01-01 01:14:01,22.5,54.4,6.8,4.1,0.7,6.8,48,114,162,104,267,371,False,False,False,False,False,False
2000-01-01 01:14:03,22.5,54.4,6.9,4.1,0.7,6.9,24,138,162,104,267,371,False,False,False,False,False,False
2000-01-01 01:14:05,22.5,54.4,7.1,4.2,0.7,7.1,32,129,162,104,267,371,False,False,False,False,False,False
2000-01-01 01:14:07,22.5,54.5,6.8,4.1,0.7,6.8,41,121,162,104,267,371,False,False,False,False,False,False
2000-01-01 01:14:09,22.5,54.4,6.8,4.1,0.7,6.8,49,113,162,104,267,371,False,False,False,False,False,False
2000-01-01 01:14:11,22.5,54.5,6.9,4.1,0.7,6.9,25,137,162,104,267,371,False,False,False,False,False,False
2000-01-01 01:14:13,22.4,54.4,6.8,4.1,0.7,6.8,33,129,162,104,267,371,False,False,False,False,False,False
2000-01-01 01:14:15,22.5,54.4,7.1,4.2,0.7,7.1,41,120,162,104,267,371,False,False,False,False,False,False
2000-01-01 01:14:17,22.5,54.4,6.8,4.1,0.7,6.8,50,112,162,104,267,371,False,False,False,False,False,False
2000-01-01 01:14:19,22.5,54.4,6.9,4.1,0.7,6.9,27,135,162,104,267,371,False,False,False,False,False,False
2000-01-01 01:14:21,22.5,54.4,6.8,4.1,0.7,6.8,35,127,162,104,267,371,False,False,False,False,False,False
2000-01-01 01:14:23,22.5,54.4,7.1,4.2,0.7,7.1,43,119,162,104,267,371,False,False,False,False,False,False
2000-01-01 01:14:25,22.5,54.4,6.8,4.1,0.7,6.8,51,110,162,104,267,371,False,False,False,False,False,False
2000-01-01 01:14:27,22.5,54.4,6.9,4.1,0.7,6.9,29,133,162,104,267,371,False,False,False,False,False,False
2000-01-01 01:14:29,22.5,54.4,6.8,4.1,0.7,6.8,37,125,162,104,267,371,False,False,False,False,False,False
2000-01-01 01:14:31,22.4,54.4,6.8,4.1,0.7,6.8,45,117,162,104,267,371,False,False,False,False,False,False
2000-01-01 01:14:33,22.5,54.4,7.1,4.2,0.7,7.1,53,108,162,104,267,371,False,False,False,False,False,False
2000-01-01 01:14:35,22.5,54.4,6.9,4.1,0.7,6.9,30,132,162,104,267,371,False,False,False,False,False,False
2000-01-01 01:14:37,22.5,54.3,6.8,4.1,0.7,6.8,38,123,162,104,267,371,False,False,False,False,False,False
2000-01-01 01:14:39,22.5,54.4,6.8,4.1,0.7,6.8,47,115,162,104,267,371,False,False,False,False,False,False
2000-01-01 01:14:41,22.5,54.4,6.8,4.1,0.7,6.8,23,139,162,104,267,371,False,False,False,False,False,False
2000-01-01 01:14:43,22.5,54.4,7.2,4.3,0.7,7.2,31,130,162,104,267,371,False,False,False,False,False,False
2000-01-01 01:14:45,22.5,54.4,6.8,4.1,0.7,6.8,40,122,162,104,267,371,False,False,False,False,False,False
2000-01-01 01:14:47,22.5,54.4,6.8,4.1,0.7,6.8,48,114,162,104,267,371,False,False,False,False,False,False
2000-01-01 01:14:49,22.5,54.4,6.9,4.1,0.7,6.9,24,138,162,104,267,371,False,False,False,False,False,False
2000-01-01 01:14:51,22.5,54.4,6.8,4.1,0.7,6.8,32,129,162,104,267,371,False,False,False,False,False,False
2000-01-01 01:14:53,22.5,54.4,7.1,4.2,0.7,7.1,41,121,162,104,267,371,False,False,False,False,False,False
2000-01-01 01:14:55,22.5,54.4,6.8,4.1,0.7,6.8,49,113,162,104,267,371,False,False,False,False,False,False
2000-01-01 01:14:57,22.5,54.4,6.9,4.1,0.7,6.9,25,137,162,104,267,371,False,False,False,False,False,False
2000-01-01 01:14:59,22.5,54.4,6.8,4.1,0.7,6.8,33,129,162,104,267,371,False,False,False,False,False,False
2000-01-01 01:15:01,22.5,54.3,6.8,4.1,0.7,6.8,41,120,162,104,267,371,False,False,False,False,False,False
2000-01-01 01:15:03,22.5,54.4,7.1,4.2,0.7,7.1,50,112,162,104,267,371,False,False,False,False,False,False
2000-01-01 01:15:05,22.5,54.4,6.9,4.1,0.7,6.9,27,135,162,104,267,371,False,False,False,False,False,False
2000-01-01 01:15:07,22.5,54.3,6.8,4.1,0.7,6.8,35,127,162,104,267,371,False,False,False,False,False,False
2000-01-01 01:15:09,22.5,54.4,6.8,4.1,0.7,6.8,43,118,162,104,267,371,False,False,False,False,False,False
2000-01-01 01:15:11,22.5,54.4,6.8,4.1,0.7,6.8,52,110,162,104,267,371,False,False,False,False,False,False
2000-01-01 01:15:13,22.5,54.4,7.2,4.3,0.7,7.2,29,133,162,104,267,371,False,False,False,False,False,False
2000-01-01 01:15:15,22.5,54.4,6.8,4.1,0.7,6.8,37,125,162,104,267,371,False,False,False,False,False,False
2000-01-01 01:15:17,22.5,54.3,6.8,4.1,0.7,6.8,45,117,162,104,267,371,False,False,False,False,False,False
2000-01-01 01:15:19,22.5,54.4,6.8,4.1,0.7,6.8,53,108,162,104,267,371,False,False,False,False,False,False
2000-01-01 01:15:21,22.5,54.4,6.9,4.1,0.7,6.9,30,132,162,104,267,371,False,False,False,False,False,False
2000-01-01 01:15:23,22.5,54.3,7.1,4.2,0.7,7.1,38,123,162,104,267,371,False,False,False,False,False,False
2000-01-01 01:15:25,22.5,54.3,6.8,4.1,0.7,6.8,47,115,162,104,267,371,False,False,False,False,False,False
2000-01-01 01:15:27,22.5,54.3,7.3,4.3,0.7,7.3,23,139,162,104,267,371,False,False,False,False,False,False
2000-01-01 01:15:29,22.5,54.4,6.9,4.1,0.7,6.9,31,130,162,104,267,371,False,False,False,False,False,False
2000-01-01 01:15:31,22.5,54.3,6.8,4.1,0.7,6.8,40,122,162,104,267,371,False,False,False,False,False,False
2000-01-01 01:15:33,22.5,54.3,7.1,4.2,0.7,7.1,48,114,162,104,267,371,False,False,False,False,False,False
2000-01-01 01:15:35,22.5,54.3,6.9,4.1,0.7,6.9,24,138,162,104,267,371,False,False,False,False,False,False
2000-01-01 01:15:37,22.5,54.3,6.8,4.1,0.7,6.8,32,129,162,104,267,371,False,False,False,False,False,False
2000-01-01 01:15:39,22.5,54.3,6.8,4.1,0.7,6.8,41,121,162,104,267,371,False,False,False,False,False,False
2000-01-01 01:15:41,22.5,54.3,7.1,4.2,0.7,7.1,49,113,162,104,267,371,False,False,False,False,False,False
2000-01-01 01:15:43,22.5,54.3,6.9,4.1,0.7,6.9,25,137,162,104,267,371,False,False,False,False,False,False
2000-01-01 01:15:45,22.5,54.3,6.8,4.1,0.7,6.8,33,129,162,104,267,371,False,False,False,False,False,False
2000-01-01 01:15:47,22.5,54.3,6.8,4.1,0.7,6.8,41,120,162,104,267,371,False,False,False,False,False,False
2000-01-01 01:15:49,22.5,54.3,6.8,4.1,0.7,6.8,50,112,162,104,267,371,False,False,False,False,False,False
2000-01-01 01:15:51,22.5,54.3,7.2,4.3,0.7,7.2,27,135,162,104,267,371,False,False,False,False,False,False
2000-01-01 01:15:53,22.5,54.3,6.8,4.1,0.7,6.8,35,127,162,104,267,371,False,False,False,False,False,False
2000-01-01 01:15:55,22.5,54.2,6.8,4.1,0.7,6.8,43,119,162,104,267,371,False,False,False,False,False,False
2000-01-01 01:15:57,22.5,54.3,6.8,4.1,0.7,6.8,51,110,162,104,267,371,False,False,False,False,False,False
2000-01-01 01:15:59,22.5,54.3,7.7,4.5,0.7,7.7,29,133,162,104,267,371,False,False,False,False,False,False
2000-01-01 01:16:01,22.5,54.3,7.1,4.2,0.7,7.1,37,125,162,104,267,371,False,False,False,False,False,False
2000-01-01 01:16:03,22.5,54.3,6.8,4.1,0.7,6.8,45,117,162,104,267,371,False,False,False,False,False,False
2000-01-01 01:16:05,22.5,54.3,6.8,4.1,0.7,6.8,53,108,162,104,267,371,False,False,False,False,False,False
2000-01-01 01:16:07,22.5,54.3,6.9,4.1,0.7,6.9,30,132,162,104,267,371,False,False,False,False,False,False
2000-01-01 01:16:09,22.5,54.2,6.8,4.1,0.7,6.8,38,123,162,104,267,371,False,False,False,False,False,False
2000-01-01 01:16:11,22.5,54.3,7.1,4.2,0.7,7.1,47,115,162,104,267,371,False,False,False,False,False,False
2000-01-01 01:16:13,22.5,54.4,6.8,4.1,0.7,6.8,23,139,162,104,267,371,False,False,False,False,False,False
2000-01-01 01:16:15,22.5,54.3,6.9,4.1,0.7,6.9,31,130,162,104,267,371,False,False,False,False,False,False
2000-01-01 01:16:17,22.5,54.3,6.8,4.1,0.7,6.8,40,122,162,104,267,371,False,False,False,False,False,False
2000-01-01 01:16:19,22.5,54.3,6.8,4.1,0.7,6.8,48,114,162,104,267,371,False,False,False,False,False,False
2000-01-01 01:16:21,22.5,54.3,7.2,4.3,0.7,7.2,24,138,162,104,267,371,False,False,False,False,False,False
2000-01-01 01:16:23,22.5,54.3,6.8,4.1,0.7,6.8,32,129,162,104,267,371,False,False,False,False,False,False
2000-01-01 01:16:25,22.5,54.3,6.8,4.1,0.7,6.8,41,121,162,104,267,371,False,False,False,False,False,False
2000-01-01 01:16:27,22.5,54.3,6.8,4.1,0.7,6.8,49,113,162,104,267,371,False,False,False,False,False,False
2000-01-01 01:16:29,22.5,54.3,6.9,4.1,0.7,6.9,25,137,162,104,267,371,False,False,False,False,False,False
2000-01-01 01:16:31,22.5,54.2,7.1,4.2,0.7,7.1,33,129,162,104,267,371,False,False,False,False,False,False
2000-01-01 01:16:33,22.5,54.2,6.8,4.1,0.7,6.8,41,120,162,104,267,371,False,False,False,False,False,False
2000-01-01 01:16:35,22.5,54.3,6.8,4.1,0.7,6.8,50,112,162,104,267,371,False,False,False,False,False,False
2000-01-01 01:16:37,22.5,54.3,6.9,4.1,0.7,6.9,27,135,162,104,267,371,False,False,False,False,False,False
2000-01-01 01:16:39,22.5,54.3,7.6,4.5,0.7,7.6,35,127,162,104,267,371,False,False,False,False,False,False
2000-01-01 01:16:41,22.5,54.2,7.1,4.2,0.7,7.1,43,119,162,104,267,371,False,False,False,False,False,False
2000-01-01 01:16:43,22.5,54.3,6.8,4.1,0.7,6.8,51,110,162,104,267,371,False,False,False,False,False,False
2000-01-01 01:16:45,22.5,54.3,6.9,4.1,0.7,6.9,29,133,162,104,267,371,False,False,False,False,False,False
2000-01-01 01:16:47,22.5,54.3,6.8,4.1,0.7,6.8,37,125,162,104,267,371,False,False,False,False,False,False
2000-01-01 01:16:49,22.5,54.3,6.8,4.1,0.7,6.8,45,117,162,104,267,371,False,False,False,False,False,False
2000-01-01 01:16:51,22.5,54.3,7.1,4.2,0.7,7.1,53,108,162,104,267,371,False,False,False,False,False,False
2000-01-01 01:16:53,22.5,54.3,6.9,4.1,0.7,6.9,30,132,162,104,267,371,False,False,False,False,False,False
2000-01-01 01:16:55,22.5,54.3,6.8,4.1,0.7,6.8,38,123,162,104,267,371,False,False,False,False,False,False
2000-01-01 01:16:57,22.5,54.3,6.8,4.1,0.7,6.8,47,115,162,104,267,371,False,False,False,False,False,False
2000-01-01 01:16:59,22.5,54.3,7.1,4.2,0.7,7.1,23,139,162,104,267,371,False,False,False,False,False,False
2000-01-01 01:17:01,22.5,54.3,6.9,4.1,0.7,6.9,31,130,162,104,267,371,False,False,False,False,False,False
2000-01-01 01:17:03,22.5,54.3,6.8,4.1,0.7,6.8,40,122,162,104,267,371,False,False,False,False,False,False
2000-01-01 01:17:05,22.5,54.3,6.8,4.1,0.7,6.8,48,114,162,104,267,371,False,False,False,False,False,False
2000-01-01 01:17:07,22.5,54.3,6.9,4.1,0.7,6.9,24,138,162,104,267,371,False,False,False,False,False,False
2000-01-01 01:17:09,22.5,54.3,7.1,4.2,0.7,7.1,32,130,162,104,267,371,False,False,False,False,False,False
2000-01-01 01:17:11,22.5,54.3,6.8,4.1,0.7,6.8,40,121,162,104,267,371,False,False,False,False,False,False
2000-01-01 01:17:13,22.5,54.3,6.8,4.1,0.7,6.8,49,113,162,104,267,371,False,False,False,False,False,False
2000-01-01 01:17:15,22.5,54.3,7.4,4.4,0.7,7.4,25,136,162,104,267,371,False,False,False,False,False,False
2000-01-01 01:17:17,22.5,54.3,6.8,4.1,0.7,6.8,34,128,162,104,267,371,False,False,False,False,False,False
2000-01-01 01:17:19,22.5,54.3,7.1,4.2,0.7,7.1,42,120,162,104,267,371,False,False,False,False,False,False
2000-01-01 01:17:21,22.5,54.3,6.8,4.1,0.7,6.8,50,112,162,104,267,371,False,False,False,False,False,False
2000-01-01 01:17:23,22.5,54.3,6.9,4.1,0.7,6.9,27,135,162,104,267,371,False,False,False,False,False,False
2000-01-01 01:17:25,22.5,54.3,6.8,4.1,0.7,6.8,35,127,162,104,267,371,False,False,False,False,False,False
2000-01-01 01:17:27,22.5,54.2,6.8,4.1,0.7,6.8,43,119,162,104,267,371,False,False,False,False,False,False
2000-01-01 01:17:29,22.5,54.3,7.1,4.2,0.7,7.1,51,110,162,104,267,371,False,False,False,False,False,False
2000-01-01 01:17:31,22.5,54.3,6.9,4.1,0.7,6.9,29,133,162,104,267,371,False,False,False,False,False,False
2000-01-01 01:17:33,22.5,54.2,6.8,4.1,0.7,6.8,37,125,162,104,267,371,False,False,False,False,False,False
2000-01-01 01:17:35,22.5,54.3,6.8,4.1,0.7,6.8,45,117,162,104,267,371,False,False,False,False,False,False
2000-01-01 01:17:37,22.5,54.3,6.8,4.1,0.7,6.8,53,108,162,104,267,371,False,False,False,False,False,False
2000-01-01 01:17:39,22.5,54.2,7.2,4.3,0.7,7.2,30,132,162,104,267,371,False,False,False,False,False,False
2000-01-01 01:17:41,22.5,54.3,6.8,4.1,0.7,6.8,38,124,162,104,267,371,False,False,False,False,False,False
2000-01-01 01:17:43,22.5,54.2,6.8,4.1,0.7,6.8,46,116,162,104,267,371,False,False,False,False,False,False
2000-01-01 01:17:45,22.5,54.3,6.8,4.1,0.7,6.8,24,138,162,104,267,371,False,False,False,False,False,False
2000-01-01 01:17:47,22.5,54.3,6.9,4.1,0.7,6.9,32,130,162,104,267,371,False,False,False,False,False,False
2000-01-01 01:17:49,22.5,54.3,7.1,4.2,0.7,7.1,40,122,162,104,267,371,False,False,False,False,False,False
2000-01-01 01:17:51,22.5,54.3,6.8,4.1,0.7,6.8,48,113,162,104,267,371,False,False,False,False,False,False
2000-01-01 01:17:53,22.5,54.3,6.9,4.1,0.7,6.9,24,138,162,104,267,371,False,False,False,False,False,False
2000-01-01 01:17:55,22.5,54.3,6.8,4.1,0.7,6.8,32,129,162,104,267,371,False,False,False,False,False,False
2000-01-01 01:17:57,22.5,54.3,6.8,4.1,0.7,6.8,41,121,162,104,267,371,False,False,False,False,False,False
2000-01-01 01:17:59,22.5,54.3,7.0,4.1,0.7,7.0,49,113,162,104,267,371,False,False,False,False,False,False
2000-01-01 01:18:01,22.5,54.2,6.9,4.1,0.7,6.9,25,137,162,104,267,371,False,False,False,False,False,False
2000-01-01 01:18:03,22.5,54.3,6.8,4.1,0.7,6.8,33,129,162,104,267,371,False,False,False,False,False,False
2000-01-01 01:18:05,22.5,54.3,6.8,4.1,0.7,6.8,41,120,162,104,267,371,False,False,False,False,False,False
2000-01-01 01:18:07,22.5,54.3,6.8,4.1,0.7,6.8,50,112,162,104,267,371,False,False,False,False,False,False
2000-01-01 01:18:09,22.5,54.3,7.2,4.3,0.7,7.2,25,136,162,104,267,371,False,False,False,False,False,False
2000-01-01 01:18:11,22.5,54.3,6.8,4.1,0.7,6.8,34,128,162,104,267,371,False,False,False,False,False,False
2000-01-01 01:18:13,22.5,54.3,6.8,4.1,0.7,6.8,42,120,162,104,267,371,False,False,False,False,False,False
2000-01-01 01:18:15,22.5,54.3,6.8,4.1,0.7,6.8,50,112,162,104,267,371,False,False,False,False,False,False
2000-01-01 01:18:17,22.5,54.3,7.2,4.3,0.7,7.2,27,135,162,104,267,371,False,False,False,False,False,False
2000-01-01 01:18:19,22.5,54.3,6.8,4.1,0.7,6.8,35,127,162,104,267,371,False,False,False,False,False,False
2000-01-01 01:18:21,22.5,54.3,6.8,4.1,0.7,6.8,43,118,162,104,267,371,False,False,False,False,False,False
2000-01-01 01:18:23,22.5,54.3,6.8,4.1,0.7,6.8,51,110,162,104,267,371,False,False,False,False,False,False
2000-01-01 01:18:25,22.5,54.2,6.9,4.1,0.7,6.9,29,133,162,104,267,371,False,False,False,False,False,False
2000-01-01 01:18:27,22.5,54.3,7.1,4.2,0.7,7.1,37,125,162,104,267,371,False,False,False,False,False,False
2000-01-01 01:18:29,22.5,54.3,6.8,4.1,0.7,6.8,45,117,162,104,267,371,False,False,False,False,False,False
2000-01-01 01:18:31,22.5,54.3,6.8,4.1,0.7,6.8,53,108,162,104,267,371,False,False,False,False,False,False
2000-01-01 01:18:33,22.5,54.3,6.9,4.1,0.7,6.9,29,133,162,104,267,371,False,False,False,False,False,False
2000-01-01 01:18:35,22.5,54.3,6.8,4.1,0.7,6.8,37,125,162,104,267,371,False,False,False,False,False,False
2000-01-01 01:18:37,22.5,54.3,7.1,4.2,0.7,7.1,45,117,162,104,267,371,False,False,False,False,False,False
2000-01-01 01:18:39,22.5,54.3,6.8,4.1,0.7,6.8,53,108,162,104,267,371,False,False,False,False,False,False
2000-01-01 01:18:41,22.5,54.3,6.9,4.1,0.7,6.9,30,132,162,104,267,371,False,False,False,False,False,False
2000-01-01 01:18:43,22.5,54.3,6.8,4.1,0.7,6.8,38,124,162,104,267,371,False,False,False,False,False,False
2000-01-01 01:18:45,22.5,54.3,6.8,4.1,0.7,6.8,46,116,162,104,267,371,False,False,False,False,False,False
2000-01-01 01:18:47,22.5,54.3,7.1,4.2,0.7,7.1,24,138,162,104,267,371,False,False,False,False,False,False
2000-01-01 01:18:49,22.5,54.3,6.9,4.1,0.7,6.9,32,130,162,104,267,371,False,False,False,False,False,False
2000-01-01 01:18:51,22.5,54.3,6.8,4.1,0.7,6.8,40,122,162,104,267,371,False,False,False,False,False,False
2000-01-01 01:18:53,22.5,54.3,6.8,4.1,0.7,6.8,48,113,162,104,267,371,False,False,False,False,False,False
2000-01-01 01:18:55,22.5,54.3,6.9,4.1,0.7,6.9,24,138,162,104,267,371,False,False,False,False,False,False
2000-01-01 01:18:57,22.5,54.2,7.6,4.5,0.7,7.6,32,129,162,104,267,371,False,False,False,False,False,False
2000-01-01 01:18:59,22.5,54.2,6.8,4.1,0.7,6.8,41,121,162,104,267,371,False,False,False,False,False,False
2000-01-01 01:19:01,22.5,54.2,6.8,4.1,0.7,6.8,49,113,162,104,267,371,False,False,False,False,False,False
2000-01-01 01:19:03,22.5,54.2,6.9,4.1,0.7,6.9,25,137,162,104,267,371,False,False,False,False,False,False
2000-01-01 01:19:05,22.5,54.3,6.8,4.1,0.7,6.8,33,129,162,104,267,371,False,False,False,False,False,False
2000-01-01 01:19:07,22.5,54.3,7.6,4.5,0.7,7.6,41,120,162,104,267,371,False,False,False,False,False,False
2000-01-01 01:19:09,22.5,54.3,6.8,4.1,0.7,6.8,50,112,162,104,267,371,False,False,False,False,False,False
2000-01-01 01:19:11,22.5,54.3,6.9,4.1,0.7,6.9,27,135,162,104,267,371,False,False,False,False,False,False
2000-01-01 01:19:13,22.5,54.3,6.8,4.1,0.7,6.8,35,127,162,104,267,371,False,False,False,False,False,False
2000-01-01 01:19:15,22.5,54.2,6.8,4.1,0.7,6.8,43,119,162,104,267,371,False,False,False,False,False,False
2000-01-01 01:19:17,22.5,54.3,7.1,4.2,0.7,7.1,51,110,162,104,267,371,False,False,False,False,False,False
2000-01-01 01:19:19,22.5,54.2,6.9,4.1,0.7,6.9,27,134,162,104,267,371,False,False,False,False,False,False
2000-01-01 01:19:21,22.5,54.2,6.8,4.1,0.7,6.8,36,126,162,104,267,371,False,False,False,False,False,False
2000-01-01 01:19:23,22.5,54.2,6.8,4.1,0.7,6.8,44,118,162,104,267,371,False,False,False,False,False,False
2000-01-01 01:19:25,22.5,54.1,6.8,4.1,0.7,6.8,52,110,162,104,267,371,False,False,False,False,False,False
2000-01-01 01:19:27,22.5,54.2,7.2,4.3,0.7,7.2,29,133,162,104,267,371,False,False,False,False,False,False
2000-01-01 01:19:29,22.5,54.2,6.8,4.1,0.7,6.8,37,125,162,104,267,371,False,False,False,False,False,False
2000-01-01 01:19:31,22.5,54.2,6.8,4.1,0.7,6.8,45,117,162,104,267,371,False,False,False,False,False,False
2000-01-01 01:19:33,22.5,54.2,6.8,4.1,0.7,6.8,53,108,162,104,267,371,False,False,False,False,False,False
2000-01-01 01:19:35,22.5,54.2,7.2,4.3,0.7,7.2,30,132,162,104,267,371,False,False,False,False,False,False
2000-01-01 01:19:37,22.5,54.2,6.8,4.1,0.7,6.8,38,124,162,104,267,371,False,False,False,False,False,False
2000-01-01 01:19:39,22.5,54.2,6.8,4.1,0.7,6.8,46,116,162,104,267,371,False,False,False,False,False,False
2000-01-01 01:19:41,22.5,54.2,6.8,4.1,0.7,6.8,24,138,162,104,267,371,False,False,False,False,False,False
2000-01-01 01:19:43,22.5,54.2,6.9,4.1,0.7,6.9,32,130,162,104,267,371,False,False,False,False,False,False
2000-01-01 01:19:45,22.5,54.2,7.1,4.2,0.7,7.1,40,122,162,104,267,371,False,False,False,False,False,False
2000-01-01 01:19:47,22.5,54.2,6.8,4.1,0.7,6.8,48,113,162,104,267,371,False,False,False,False,False,False
2000-01-01 01:19:49,22.5,54.2,6.9,4.1,0.7,6.9,24,138,162,104,267,371,False,False,False,False,False,False
2000-01-01 01:19:51,22.5,54.3,6.8,4.1,0.7,6.8,32,129,162,104,267,371,False,False,False,False,False,False
2000-01-01 01:19:53,22.5,54.2,6.8,4.1,0.7,6.8,41,121,162,104,267,371,False,False,False,False,False,False
2000-01-01 01:19:55,22.5,54.2,7.1,4.2,0.7,7.1,49,113,162,104,267,371,False,False,False,False,False,False
2000-01-01 01:19:57,22.5,54.2,7.7,4.5,0.7,7.7,25,137,162,104,267,371,False,False,False,False,False,False
2000-01-01 01:19:59,22.5,54.2,6.8,4.1,0.7,6.8,33,129,162,104,267,371,False,False,False,False,False,False
2000-01-01 01:20:01,22.5,54.2,6.8,4.1,0.7,6.8,41,120,162,104,267,371,False,False,False,False,False,False
2000-01-01 01:20:03,22.5,54.2,6.8,4.1,0.7,6.8,50,112,162,104,267,371,False,False,False,False,False,False
2000-01-01 01:20:05,22.5,54.2,7.2,4.3,0.7,7.2,27,135,162,104,267,371,False,False,False,False,False,False
2000-01-01 01:20:07,22.5,54.2,6.8,4.1,0.7,6.8,35,127,162,104,267,371,False,False,False,False,False,False
2000-01-01 01:20:09,22.5,54.2,6.8,4.1,0.7,6.8,43,119,162,104,267,371,False,False,False,False,False,False
2000-01-01 01:20:11,22.5,54.2,6.8,4.1,0.7,6.8,51,110,162,104,267,371,False,False,False,False,False,False
2000-01-01 01:20:13,22.5,54.3,6.9,4.1,0.7,6.9,27,134,162,104,267,371,False,False,False,False,False,False
2000-01-01 01:20:15,22.5,54.2,7.1,4.2,0.7,7.1,36,126,162,104,267,371,False,False,False,False,False,False
2000-01-01 01:20:17,22.5,54.2,6.8,4.1,0.7,6.8,44,118,162,104,267,371,False,False,False,False,False,False
2000-01-01 01:20:19,22.5,54.2,6.8,4.1,0.7,6.8,52,110,162,104,267,371,False,False,False,False,False,False
2000-01-01 01:20:21,22.5,54.2,6.9,4.1,0.7,6.9,29,133,162,104,267,371,False,False,False,False,False,False
2000-01-01 01:20:23,22.5,54.3,6.8,4.1,0.7,6.8,37,125,162,104,267,371,False,False,False,False,False,False
2000-01-01 01:20:25,22.5,54.3,7.1,4.2,0.7,7.1,45,117,162,104,267,371,False,False,False,False,False,False
2000-01-01 01:20:27,22.5,54.3,6.8,4.1,0.7,6.8,53,108,162,104,267,371,False,False,False,False,False,False
2000-01-01 01:20:29,22.5,54.2,6.9,4.1,0.7,6.9,30,132,162,104,267,371,False,False,False,False,False,False
2000-01-01 01:20:31,22.5,54.3,6.8,4.1,0.7,6.8,38,124,162,104,267,371,False,False,False,False,False,False
2000-01-01 01:20:33,22.5,54.2,6.8,4.1,0.7,6.8,46,116,162,104,267,371,False,False,False,False,False,False
2000-01-01 01:20:35,22.5,54.3,7.1,4.2,0.7,7.1,24,138,162,104,267,371,False,False,False,False,False,False
2000-01-01 01:20:37,22.5,54.2,7.7,4.5,0.7,7.7,32,130,162,104,267,371,False,False,False,False,False,False
2000-01-01 01:20:39,22.5,54.2,6.8,4.1,0.7,6.8,40,122,162,104,267,371,False,False,False,False,False,False
2000-01-01 01:20:41,22.5,54.2,6.8,4.1,0.7,6.8,48,113,162,104,267,371,False,False,False,False,False,False
2000-01-01 01:20:43,22.5,54.2,6.9,4.1,0.7,6.9,24,138,162,104,267,371,False,False,False,False,False,False
2000-01-01 01:20:45,22.5,54.2,7.1,4.2,0.7,7.1,32,129,162,104,267,371,False,False,False,False,False,False
2000-01-01 01:20:47,22.5,54.2,6.8,4.1,0.7,6.8,41,121,162,104,267,371,False,False,False,False,False,False
2000-01-01 01:20:49,22.5,54.3,6.8,4.1,0.7,6.8,49,113,162,104,267,371,False,False,False,False,False,False
2000-01-01 01:20:51,22.5,54.3,6.9,4.1,0.7,6.9,25,137,162,104,267,371,False,False,False,False,False,False
2000-01-01 01:20:53,22.5,54.3,7.1,4.2,0.7,7.1,33,129,162,104,267,371,False,False,False,False,False,False
2000-01-01 01:20:55,22.5,54.2,7.3,4.3,0.7,7.3,41,120,162,104,267,371,False,False,False,False,False,False
2000-01-01 01:20:57,22.5,54.2,6.8,4.1,0.7,6.8,50,112,162,104,267,371,False,False,False,False,False,False
2000-01-01 01:20:59,22.5,54.2,6.9,4.1,0.7,6.9,25,136,162,104,267,371,False,False,False,False,False,False
2000-01-01 01:21:01,22.5,54.3,6.8,4.1,0.7,6.8,34,128,162,104,267,371,False,False,False,False,False,False
2000-01-01 01:21:03,22.5,54.3,7.1,4.2,0.7,7.1,42,120,162,104,267,371,False,False,False,False,False,False
2000-01-01 01:21:05,22.5,54.3,6.8,4.1,0.7,6.8,50,112,162,104,267,371,False,False,False,False,False,False
2000-01-01 01:21:07,22.5,54.2,6.9,4.1,0.7,6.9,27,135,162,104,267,371,False,False,False,False,False,False
2000-01-01 01:21:09,22.5,54.3,6.8,4.1,0.7,6.8,35,127,162,104,267,371,False,False,False,False,False,False
2000-01-01 01:21:11,22.5,54.2,6.8,4.1,0.7,6.8,43,119,162,104,267,371,False,False,False,False,False,False
2000-01-01 01:21:13,22.5,54.2,7.1,4.2,0.7,7.1,51,110,162,104,267,371,False,False,False,False,False,False
2000-01-01 01:21:15,22.5,54.2,6.9,4.1,0.7,6.9,29,133,162,104,267,371,False,False,False,False,False,False
2000-01-01 01:21:17,22.5,54.2,6.8,4.1,0.7,6.8,37,125,162,104,267,371,False,False,False,False,False,False
2000-01-01 01:21:19,22.5,54.2,6.8,4.1,0.7,6.8,45,117,162,104,267,371,False,False,False,False,False,False
2000-01-01 01:21:21,22.5,54.2,6.8,4.1,0.7,6.8,53,108,162,104,267,371,False,False,False,False,False,False
2000-01-01 01:21:23,22.5,54.2,7.2,4.3,0.7,7.2,29,133,162,104,267,371,False,False,False,False,False,False
2000-01-01 01:21:25,22.5,54.2,6.8,4.1,0.7,6.8,37,125,162,104,267,371,False,False,False,False,False,False
2000-01-01 01:21:27,22.5,54.3,6.8,4.1,0.7,6.8,45,117,162,104,267,371,False,False,False,False,False,False
2000-01-01 01:21:29,22.5,54.2,6.8,4.1,0.7,6.8,53,108,162,104,267,371,False,False,False,False,False,False
2000-01-01 01:21:31,22.5,54.2,6.9,4.1,0.7,6.9,30,132,162,104,267,371,False,False,False,False,False,False
2000-01-01 01:21:33,22.5,54.2,7.1,4.2,0.7,7.1,38,124,162,104,267,371,False,False,False,False,False,False
2000-01-01 01:21:35,22.5,54.2,6.8,4.1,0.7,6.8,46,116,162,104,267,371,False,False,False,False,False,False
2000-01-01 01:21:37,22.5,54.2,6.8,4.1,0.7,6.8,24,138,162,104,267,371,False,False,False,False,False,False
2000-01-01 01:21:39,22.5,54.2,6.9,4.1,0.7,6.9,32,130,162,104,267,371,False,False,False,False,False,False
2000-01-01 01:21:41,22.5,54.2,6.8,4.1,0.7,6.8,40,122,162,104,267,371,False,False,False,False,False,False
2000-01-01 01:21:43,22.5,54.2,7.1,4.2,0.7,7.1,48,113,162,104,267,371,False,False,False,False,False,False
2000-01-01 01:21:45,22.5,54.2,6.9,4.1,0.7,6.9,24,138,162,104,267,371,False,False,False,False,False,False
2000-01-01 01:21:47,22.5,54.2,6.8,4.1,0.7,6.8,32,129,162,104,267,371,False,False,False,False,False,False
2000-01-01 01:21:49,22.5,54.2,6.8,4.1,0.7,6.8,41,121,162,104,267,371,False,False,False,False,False,False
2000-01-01 01:21:51,22.5,54.2,6.8,4.1,0.7,6.8,49,113,162,104,267,371,False,False,False,False,False,False
2000-01-01 01:21:53,22.5,54.2,7.2,4.3,0.7,7.2,25,137,162,104,267,371,False,False,False,False,False,False
2000-01-01 01:21:55,22.5,54.3,6.8,4.1,0.7,6.8,33,129,162,104,267,371,False,False,False,False,False,False
2000-01-01 01:21:57,22.5,54.2,6.8,4.1,0.7,6.8,41,120,162,104,267,371,False,False,False,False,False,False
2000-01-01 01:21:59,22.5,54.2,6.8,4.1,0.7,6.8,50,112,162,104,267,371,False,False,False,False,False,False
2000-01-01 01:22:01,22.5,54.2,6.9,4.1,0.7,6.9,25,136,162,104,267,371,False,False,False,False,False,False
2000-01-01 01:22:03,22.5,54.2,7.1,4.2,0.7,7.1,34,128,162,104,267,371,False,False,False,False,False,False
2000-01-01 01:22:05,22.5,54.3,6.8,4.1,0.7,6.8,42,120,162,104,267,371,False,False,False,False,False,False
2000-01-01 01:22:07,22.5,54.2,6.8,4.1,0.7,6.8,50,112,162,104,267,371,False,False,False,False,False,False
2000-01-01 01:22:09,22.5,54.2,6.9,4.1,0.7,6.9,27,135,162,104,267,371,False,False,False,False,False,False
2000-01-01 01:22:11,22.5,54.2,7.1,4.2,0.7,7.1,35,127,162,104,267,371,False,False,False,False,False,False
2000-01-01 01:22:13,22.5,54.2,6.8,4.1,0.7,6.8,43,119,162,104,267,371,False,False,False,False,False,False
2000-01-01 01:22:15,22.5,54.2,6.8,4.1,0.7,6.8,51,110,162,104,267,371,False,False,False,False,False,False
2000-01-01 01:22:17,22.5,54.2,6.9,4.1,0.7,6.9,29,133,162,104,267,371,False,False,False,False,False,False
2000-01-01 01:22:19,22.5,54.2,6.8,4.1,0.7,6.8,37,125,162,104,267,371,False,False,False,False,False,False
2000-01-01 01:22:21,22.5,54.2,7.1,4.2,0.7,7.1,45,117,162,104,267,371,False,False,False,False,False,False
2000-01-01 01:22:23,22.5,54.2,6.8,4.1,0.7,6.8,53,108,162,104,267,371,False,False,False,False,False,False
2000-01-01 01:22:25,22.5,54.2,6.9,4.1,0.7,6.9,29,133,162,104,267,371,False,False,False,False,False,False
2000-01-01 01:22:27,22.5,54.2,6.8,4.1,0.7,6.8,37,125,162,104,267,371,False,False,False,False,False,False
2000-01-01 01:22:29,22.5,54.2,6.8,4.1,0.7,6.8,45,117,162,104,267,371,False,False,False,False,False,False
2000-01-01 01:22:31,22.5,54.2,7.1,4.2,0.7,7.1,53,108,162,104,267,371,False,False,False,False,False,False
2000-01-01 01:22:33,22.5,54.2,6.9,4.1,0.7,6.9,30,132,162,104,267,371,False,False,False,False,False,False
2000-01-01 01:22:35,22.5,54.2,6.8,4.1,0.7,6.8,38,124,162,104,267,371,False,False,False,False,False,False
2000-01-01 01:22:37,22.5,54.2,6.8,4.1,0.7,6.8,46,116,162,104,267,371,False,False,False,False,False,False
2000-01-01 01:22:39,22.5,54.2,6.8,4.1,0.7,6.8,23,139,162,104,267,371,False,False,False,False,False,False
2000-01-01 01:22:41,22.5,54.2,7.2,4.3,0.7,7.2,31,131,162,104,267,371,False,False,False,False,False,False
2000-01-01 01:22:43,22.5,54.2,6.8,4.1,0.7,6.8,39,123,162,104,267,371,False,False,False,False,False,False
2000-01-01 01:22:45,22.5,54.3,6.8,4.1,0.7,6.8,47,114,162,104,267,371,False,False,False,False,False,False
2000-01-01 01:22:47,22.5,54.2,8.1,4.7,0.7,8.1,23,139,162,104,267,371,False,False,False,False,False,False
2000-01-01 01:22:49,22.5,54.2,6.2,3.7,0.7,6.2,31,130,162,104,267,371,False,False,False,False,False,False
2000-01-01 01:22:51,22.5,54.3,7.1,4.2,0.7,7.1,40,122,162,104,267,371,False,False,False,False,False,False
2000-01-01 01:22:53,22.5,54.2,6.8,4.1,0.7,6.8,48,114,162,104,267,371,False,False,False,False,False,False
2000-01-01 01:22:55,22.5,54.3,6.9,4.1,0.7,6.9,24,138,162,104,267,371,False,False,False,False,False,False
2000-01-01 01:22:57,22.5,54.3,6.8,4.1,0.7,6.8,32,129,162,104,267,371,False,False,False,False,False,False
2000-01-01 01:22:59,22.5,54.2,6.8,4.1,0.7,6.8,40,121,162,104,267,371,False,False,False,False,False,False
2000-01-01 01:23:01,22.5,54.2,7.1,4.2,0.7,7.1,49,113,162,104,267,371,False,False,False,False,False,False
2000-01-01 01:23:03,22.5,54.3,6.9,4.1,0.7,6.9,25,137,162,104,267,371,False,False,False,False,False,False
2000-01-01 01:23:05,22.5,54.2,6.8,4.1,0.7,6.8,33,129,162,104,267,371,False,False,False,False,False,False
2000-01-01 01:23:07,22.5,54.2,6.8,4.1,0.7,6.8,41,120,162,104,267,371,False,False,False,False,False,False
2000-01-01 01:23:09,22.5,54.3,6.8,4.1,0.7,6.8,50,112,162,104,267,371,False,False,False,False,False,False
2000-01-01 01:23:11,22.5,54.2,7.6,4.5,0.7,7.6,25,136,162,104,267,371,False,False,False,False,False,False
2000-01-01 01:23:13,22.5,54.2,6.8,4.1,0.7,6.8,34,128,162,104,267,371,False,False,False,False,False,False
2000-01-01 01:23:15,22.5,54.3,6.8,4.1,0.7,6.8,42,120,162,104,267,371,False,False,False,False,False,False
2000-01-01 01:23:17,22.5,54.3,6.8,4.1,0.7,6.8,50,112,162,104,267,371,False,False,False,False,False,False
2000-01-01 01:23:19,22.5,54.1,6.9,4.1,0.7,6.9,27,135,162,104,267,371,False,False,False,False,False,False
2000-01-01 01:23:21,22.5,54.2,7.1,4.2,0.7,7.1,35,127,162,104,267,371,False,False,False,False,False,False
2000-01-01 01:23:23,22.5,54.2,6.8,4.1,0.7,6.8,43,119,162,104,267,371,False,False,False,False,False,False
2000-01-01 01:23:25,22.5,54.2,6.8,4.1,0.7,6.8,51,110,162,104,267,371,False,False,False,False,False,False
2000-01-01 01:23:27,22.5,54.2,6.9,4.1,0.7,6.9,29,133,162,104,267,371,False,False,False,False,False,False
2000-01-01 01:23:29,22.5,54.2,7.1,4.2,0.7,7.1,37,125,162,104,267,371,False,False,False,False,False,False
2000-01-01 01:23:31,22.5,54.2,6.8,4.1,0.7,6.8,45,117,162,104,267,371,False,False,False,False,False,False
2000-01-01 01:23:33,22.5,54.3,6.8,4.1,0.7,6.8,53,108,162,104,267,371,False,False,False,False,False,False
2000-01-01 01:23:35,22.5,54.2,6.9,4.1,0.7,6.9,30,132,162,104,267,371,False,False,False,False,False,False
2000-01-01 01:23:37,22.5,54.2,6.8,4.1,0.7,6.8,38,124,162,104,267,371,False,False,False,False,False,False
2000-01-01 01:23:39,22.5,54.2,7.1,4.2,0.7,7.1,46,116,162,104,267,371,False,False,False,False,False,False
2000-01-01 01:23:41,22.5,54.3,6.8,4.1,0.7,6.8,24,138,162,104,267,371,False,False,False,False,False,False
2000-01-01 01:23:43,22.5,54.3,6.9,4.1,0.7,6.9,32,130,162,104,267,371,False,False,False,False,False,False
2000-01-01 01:23:45,22.5,54.3,6.8,4.1,0.7,6.8,40,122,162,104,267,371,False,False,False,False,False,False
2000-01-01 01:23:47,22.5,54.3,6.8,4.1,0.7,6.8,48,113,162,104,267,371,False,False,False,False,False,False
2000-01-01 01:23:49,22.5,54.3,7.2,4.3,0.7,7.2,24,138,162,104,267,371,False,False,False,False,False,False
2000-01-01 01:23:51,22.5,54.3,6.8,4.1,0.7,6.8,32,129,162,104,267,371,False,False,False,False,False,False
2000-01-01 01:23:53,22.5,54.3,6.8,4.1,0.7,6.8,41,121,162,104,267,371,False,False,False,False,False,False
2000-01-01 01:23:55,22.5,54.3,7.6,4.5,0.7,7.6,49,113,162,104,267,371,False,False,False,False,False,False
2000-01-01 01:23:57,22.5,54.3,6.9,4.1,0.7,6.9,25,137,162,104,267,371,False,False,False,False,False,False
2000-01-01 01:23:59,22.5,54.3,7.1,4.2,0.7,7.1,33,129,162,104,267,371,False,False,False,False,False,False
2000-01-01 01:24:01,22.5,54.3,6.8,4.1,0.7,6.8,41,120,162,104,267,371,False,False,False,False,False,False
2000-01-01 01:24:03,22.5,54.3,6.8,4.1,0.7,6.8,50,112,162,104,267,371,False,False,False,False,False,False
2000-01-01 01:24:05,22.5,54.3,6.9,4.1,0.7,6.9,25,136,162,104,267,371,False,False,False,False,False,False
2000-01-01 01:24:07,22.5,54.3,6.8,4.1,0.7,6.8,34,128,162,104,267,371,False,False,False,False,False,False
2000-01-01 01:24:09,22.5,54.3,7.1,4.2,0.7,7.1,42,120,162,104,267,371,False,False,False,False,False,False
2000-01-01 01:24:11,22.5,54.3,6.8,4.1,0.7,6.8,50,112,162,104,267,371,False,False,False,False,False,False
2000-01-01 01:24:13,22.5,54.3,6.9,4.1,0.7,6.9,27,135,162,104,267,371,False,False,False,False,False,False
2000-01-01 01:24:15,22.5,54.3,6.8,4.1,0.7,6.8,35,127,162,104,267,371,False,False,False,False,False,False
2000-01-01 01:24:17,22.5,54.3,6.8,4.1,0.7,6.8,43,118,162,104,267,371,False,False,False,False,False,False
2000-01-01 01:24:19,22.5,54.2,7.1,4.2,0.7,7.1,51,110,162,104,267,371,False,False,False,False,False,False
2000-01-01 01:24:21,22.5,54.3,6.9,4.1,0.7,6.9,29,133,162,104,267,371,False,False,False,False,False,False
2000-01-01 01:24:23,22.5,54.2,6.8,4.1,0.7,6.8,37,125,162,104,267,371,False,False,False,False,False,False
2000-01-01 01:24:25,22.5,54.3,6.8,4.1,0.7,6.8,45,117,162,104,267,371,False,False,False,False,False,False
2000-01-01 01:24:27,22.5,54.3,6.8,4.1,0.7,6.8,53,108,162,104,267,371,False,False,False,False,False,False
2000-01-01 01:24:29,22.5,54.4,7.2,4.3,0.7,7.2,29,133,162,104,267,371,False,False,False,False,False,False
2000-01-01 01:24:31,22.5,54.3,6.8,4.1,0.7,6.8,37,125,162,104,267,371,False,False,False,False,False,False
2000-01-01 01:24:33,22.5,54.3,6.8,4.1,0.7,6.8,45,117,162,104,267,371,False,False,False,False,False,False
2000-01-01 01:24:35,22.5,54.3,7.6,4.5,0.7,7.6,53,108,162,104,267,371,False,False,False,False,False,False
2000-01-01 01:24:37,22.5,54.3,7.4,4.4,0.7,7.4,30,132,162,104,267,371,False,False,False,False,False,False
2000-01-01 01:24:39,22.5,54.3,8.5,4.9,0.7,8.5,38,124,162,104,267,371,False,False,False,False,False,False
2000-01-01 01:24:41,22.5,54.3,6.8,4.1,0.7,6.8,46,116,162,104,267,371,False,False,False,False,False,False
2000-01-01 01:24:43,22.5,54.3,6.8,4.1,0.7,6.8,24,138,162,104,267,371,False,False,False,False,False,False
2000-01-01 01:24:45,22.5,54.3,6.9,4.1,0.7,6.9,32,130,162,104,267,371,False,False,False,False,False,False
2000-01-01 01:24:47,22.5,54.2,6.8,4.1,0.7,6.8,40,122,162,104,267,371,False,False,False,False,False,False
2000-01-01 01:24:49,22.5,54.3,6.9,4.1,0.7,6.9,48,113,162,104,267,371,False,False,False,False,False,False
2000-01-01 01:24:51,22.5,54.3,6.9,4.1,0.7,6.9,24,138,162,104,267,371,False,False,False,False,False,False
2000-01-01 01:24:53,22.5,54.3,6.8,4.1,0.7,6.8,32,129,162,104,267,371,False,False,False,False,False,False
2000-01-01 01:24:55,22.5,54.3,6.8,4.1,0.7,6.8,41,121,162,104,267,371,False,False,False,False,False,False
2000-01-01 01:24:57,22.5,54.3,7.1,4.2,0.7,7.1,49,113,162,104,267,371,False,False,False,False,False,False
2000-01-01 01:24:59,22.5,54.3,6.9,4.1,0.7,6.9,25,137,162,104,267,371,False,False,False,False,False,False
2000-01-01 01:25:01,22.5,54.3,6.8,4.1,0.7,6.8,33,129,162,104,267,371,False,False,False,False,False,False
2000-01-01 01:25:03,22.5,54.3,6.8,4.1,0.7,6.8,41,120,162,104,267,371,False,False,False,False,False,False
2000-01-01 01:25:05,22.5,54.3,6.8,4.1,0.7,6.8,50,112,162,104,267,371,False,False,False,False,False,False
2000-01-01 01:25:07,22.5,54.3,7.2,4.3,0.7,7.2,25,136,162,104,267,371,False,False,False,False,False,False
2000-01-01 01:25:09,22.5,54.3,6.8,4.1,0.7,6.8,34,128,162,104,267,371,False,False,False,False,False,False
2000-01-01 01:25:11,22.5,54.3,6.8,4.1,0.7,6.8,42,120,162,104,267,371,False,False,False,False,False,False
2000-01-01 01:25:13,22.5,54.2,6.8,4.1,0.7,6.8,50,112,162,104,267,371,False,False,False,False,False,False
2000-01-01 01:25:15,22.5,54.3,6.9,4.1,0.7,6.9,27,135,162,104,267,371,False,False,False,False,False,False
2000-01-01 01:25:17,22.5,54.2,7.1,4.2,0.7,7.1,35,127,162,104,267,371,False,False,False,False,False,False
2000-01-01 01:25:19,22.5,54.3,6.8,4.1,0.7,6.8,43,119,162,104,267,371,False,False,False,False,False,False
2000-01-01 01:25:21,22.5,54.3,6.8,4.1,0.7,6.8,51,110,162,104,267,371,False,False,False,False,False,False
2000-01-01 01:25:23,22.5,54.3,6.9,4.1,0.7,6.9,29,133,162,104,267,371,False,False,False,False,False,False
2000-01-01 01:25:25,22.5,54.2,6.8,4.1,0.7,6.8,37,125,162,104,267,371,False,False,False,False,False,False
2000-01-01 01:25:27,22.5,54.2,7.1,4.2,0.7,7.1,45,117,162,104,267,371,False,False,False,False,False,False
2000-01-01 01:25:29,22.5,54.3,6.8,4.1,0.7,6.8,53,108,162,104,267,371,False,False,False,False,False,False
2000-01-01 01:25:31,22.5,54.2,6.9,4.1,0.7,6.9,29,133,162,104,267,371,False,False,False,False,False,False
2000-01-01 01:25:33,22.5,54.2,6.8,4.1,0.7,6.8,37,125,162,104,267,371,False,False,False,False,False,False
2000-01-01 01:25:35,22.5,54.2,6.8,4.1,0.7,6.8,45,117,162,104,267,371,False,False,False,False,False,False
2000-01-01 01:25:37,22.5,54.2,7.1,4.2,0.7,7.1,53,108,162,104,267,371,False,False,False,False,False,False
2000-01-01 01:25:39,22.5,54.2,6.9,4.1,0.7,6.9,30,132,162,104,267,371,False,False,False,False,False,False
2000-01-01 01:25:41,22.5,54.3,6.8,4.1,0.7,6.8,38,124,162,104,267,371,False,False,False,False,False,False
2000-01-01 01:25:43,22.5,54.2,6.8,4.1,0.7,6.8,46,116,162,104,267,371,False,False,False,False,False,False
2000-01-01 01:25:45,22.5,54.2,6.8,4.1,0.7,6.8,24,138,162,104,267,371,False,False,False,False,False,False
2000-01-01 01:25:47,22.5,54.3,7.2,4.3,0.7,7.2,32,130,162,104,267,371,False,False,False,False,False,False
2000-01-01 01:25:49,22.5,54.3,6.8,4.1,0.7,6.8,40,122,162,104,267,371,False,False,False,False,False,False
2000-01-01 01:25:51,22.5,54.2,6.8,4.1,0.7,6.8,48,113,162,104,267,371,False,False,False,False,False,False
2000-01-01 01:25:53,22.5,54.2,6.9,4.1,0.7,6.9,24,138,162,104,267,371,False,False,False,False,False,False
2000-01-01 01:25:55,22.5,54.2,6.8,4.1,0.7,6.8,32,129,162,104,267,371,False,False,False,False,False,False
2000-01-01 01:25:57,22.5,54.3,7.1,4.2,0.7,7.1,41,121,162,104,267,371,False,False,False,False,False,False
2000-01-01 01:25:59,22.5,54.2,6.8,4.1,0.7,6.8,49,113,162,104,267,371,False,False,False,False,False,False
2000-01-01 01:26:01,22.5,54.2,6.9,4.1,0.7,6.9,25,137,162,104,267,371,False,False,False,False,False,False
2000-01-01 01:26:03,22.5,54.2,6.8,4.1,0.7,6.8,33,129,162,104,267,371,False,False,False,False,False,False
2000-01-01 01:26:05,22.5,54.3,6.8,4.1,0.7,6.8,41,120,162,104,267,371,False,False,False,False,False,False
2000-01-01 01:26:07,22.5,54.3,7.1,4.2,0.7,7.1,50,112,162,104,267,371,False,False,False,False,False,False
2000-01-01 01:26:09,22.5,54.2,6.9,4.1,0.7,6.9,25,136,162,104,267,371,False,False,False,False,False,False
2000-01-01 01:26:11,22.5,54.2,6.8,4.1,0.7,6.8,34,128,162,104,267,371,False,False,False,False,False,False
2000-01-01 01:26:13,22.5,54.2,6.8,4.1,0.7,6.8,42,120,162,104,267,371,False,False,False,False,False,False
2000-01-01 01:26:15,22.5,54.2,7.1,4.2,0.7,7.1,50,112,162,104,267,371,False,False,False,False,False,False
2000-01-01 01:26:17,22.5,54.2,6.9,4.1,0.7,6.9,27,135,162,104,267,371,False,False,False,False,False,False
2000-01-01 01:26:19,22.5,54.2,6.8,4.1,0.7,6.8,35,127,162,104,267,371,False,False,False,False,False,False
2000-01-01 01:26:21,22.5,54.2,6.8,4.1,0.7,6.8,43,119,162,104,267,371,False,False,False,False,False,False
2000-01-01 01:26:23,22.5,54.2,6.8,4.1,0.7,6.8,51,110,162,104,267,371,False,False,False,False,False,False
2000-01-01 01:26:25,22.5,54.2,7.2,4.3,0.7,7.2,29,133,162,104,267,371,False,False,False,False,False,False
2000-01-01 01:26:27,22.5,54.2,7.3,4.3,0.7,7.3,37,125,162,104,267,371,False,False,False,False,False,False
2000-01-01 01:26:29,22.5,54.2,6.8,4.1,0.7,6.8,45,117,162,104,267,371,False,False,False,False,False,False
2000-01-01 01:26:31,22.5,54.2,6.8,4.1,0.7,6.8,53,108,162,104,267,371,False,False,False,False,False,False
2000-01-01 01:26:33,22.5,54.2,6.9,4.1,0.7,6.9,29,133,162,104,267,371,False,False,False,False,False,False
2000-01-01 01:26:35,22.5,54.2,7.1,4.2,0.7,7.1,37,125,162,104,267,371,False,False,False,False,False,False
2000-01-01 01:26:37,22.5,54.2,6.8,4.1,0.7,6.8,45,117,162,104,267,371,False,False,False,False,False,False
2000-01-01 01:26:39,22.5,54.2,6.8,4.1,0.7,6.8,53,108,162,104,267,371,False,False,False,False,False,False
2000-01-01 01:26:41,22.5,54.3,6.9,4.1,0.7,6.9,30,132,162,104,267,371,False,False,False,False,False,False
2000-01-01 01:26:43,22.5,54.3,6.8,4.1,0.7,6.8,38,124,162,104,267,371,False,False,False,False,False,False
2000-01-01 01:26:45,22.5,54.2,7.1,4.2,0.7,7.1,46,116,162,104,267,371,False,False,False,False,False,False
2000-01-01 01:26:47,22.5,54.2,6.8,4.1,0.7,6.8,24,138,162,104,267,371,False,False,False,False,False,False
2000-01-01 01:26:49,22.5,54.2,6.9,4.1,0.7,6.9,32,130,162,104,267,371,False,False,False,False,False,False
2000-01-01 01:26:51,22.5,54.2,6.8,4.1,0.7,6.8,40,122,162,104,267,371,False,False,False,False,False,False
2000-01-01 01:26:53,22.5,54.2,6.8,4.1,0.7,6.8,48,113,162,104,267,371,False,False,False,False,False,False
2000-01-01 01:26:55,22.5,54.2,7.2,4.3,0.7,7.2,24,138,162,104,267,371,False,False,False,False,False,False
2000-01-01 01:26:57,22.5,54.2,6.8,4.1,0.7,6.8,32,129,162,104,267,371,False,False,False,False,False,False
2000-01-01 01:26:59,22.5,54.2,6.8,4.1,0.7,6.8,41,121,162,104,267,371,False,False,False,False,False,False
2000-01-01 01:27:01,22.5,54.2,6.8,4.1,0.7,6.8,49,113,162,104,267,371,False,False,False,False,False,False
2000-01-01 01:27:03,22.5,54.2,6.9,4.1,0.7,6.9,25,137,162,104,267,371,False,False,False,False,False,False
2000-01-01 01:27:05,22.5,54.2,7.1,4.2,0.7,7.1,33,129,162,104,267,371,False,False,False,False,False,False
2000-01-01 01:27:07,22.5,54.1,6.8,4.1,0.7,6.8,41,120,162,104,267,371,False,False,False,False,False,False
2000-01-01 01:27:09,22.5,54.2,6.8,4.1,0.7,6.8,50,112,162,104,267,371,False,False,False,False,False,False
2000-01-01 01:27:11,22.5,54.2,6.9,4.1,0.7,6.9,25,136,162,104,267,371,False,False,False,False,False,False
2000-01-01 01:27:13,22.5,54.2,6.8,4.1,0.7,6.8,34,128,162,104,267,371,False,False,False,False,False,False
2000-01-01 01:27:15,22.5,54.1,7.1,4.2,0.7,7.1,42,120,162,104,267,371,False,False,False,False,False,False
2000-01-01 01:27:17,22.5,54.2,6.8,4.1,0.7,6.8,50,112,162,104,267,371,False,False,False,False,False,False
2000-01-01 01:27:19,22.5,54.2,6.9,4.1,0.7,6.9,27,135,162,104,267,371,False,False,False,False,False,False
2000-01-01 01:27:21,22.5,54.2,6.8,4.1,0.7,6.8,35,127,162,104,267,371,False,False,False,False,False,False
2000-01-01 01:27:23,22.5,54.2,6.8,4.1,0.7,6.8,43,119,162,104,267,371,False,False,False,False,False,False
2000-01-01 01:27:25,22.5,54.2,7.1,4.2,0.7,7.1,51,110,162,104,267,371,False,False,False,False,False,False
2000-01-01 01:27:27,22.5,54.2,6.9,4.1,0.7,6.9,29,133,162,104,267,371,False,False,False,False,False,False
2000-01-01 01:27:29,22.5,54.2,6.8,4.1,0.7,6.8,37,125,162,104,267,371,False,False,False,False,False,False
2000-01-01 01:27:31,22.5,54.2,6.8,4.1,0.7,6.8,45,117,162,104,267,371,False,False,False,False,False,False
2000-01-01 01:27:33,22.5,54.2,7.1,4.2,0.7,7.1,53,108,162,104,267,371,False,False,False,False,False,False
2000-01-01 01:27:35,22.5,54.2,6.9,4.1,0.7,6.9,29,133,162,104,267,371,False,False,False,False,False,False
2000-01-01 01:27:37,22.5,54.2,6.8,4.1,0.7,6.8,37,125,162,104,267,371,False,False,False,False,False,False
2000-01-01 01:27:39,22.5,54.3,6.8,4.1,0.7,6.8,45,117,162,104,267,371,False,False,False,False,False,False
2000-01-01 01:27:41,22.5,54.2,6.8,4.1,0.7,6.8,53,108,162,104,267,371,False,False,False,False,False,False
2000-01-01 01:27:43,22.5,54.2,7.2,4.3,0.7,7.2,30,132,162,104,267,371,False,False,False,False,False,False
2000-01-01 01:27:45,22.5,54.3,6.8,4.1,0.7,6.8,38,124,162,104,267,371,False,False,False,False,False,False
2000-01-01 01:27:47,22.5,54.2,6.8,4.1,0.7,6.8,46,116,162,104,267,371,False,False,False,False,False,False
2000-01-01 01:27:49,22.5,54.2,6.8,4.1,0.7,6.8,24,138,162,104,267,371,False,False,False,False,False,False
2000-01-01 01:27:51,22.5,54.2,6.9,4.1,0.7,6.9,32,130,162,104,267,371,False,False,False,False,False,False
2000-01-01 01:27:53,22.5,54.2,7.1,4.2,0.7,7.1,40,122,162,104,267,371,False,False,False,False,False,False
2000-01-01 01:27:55,22.5,54.2,7.6,4.4,0.7,7.6,48,113,162,104,267,371,False,False,False,False,False,False
2000-01-01 01:27:57,22.5,54.2,6.9,4.1,0.7,6.9,24,138,162,104,267,371,False,False,False,False,False,False
2000-01-01 01:27:59,22.5,54.1,6.8,4.1,0.7,6.8,32,129,162,104,267,371,False,False,False,False,False,False
2000-01-01 01:28:01,22.5,54.2,6.8,4.1,0.7,6.8,41,121,162,104,267,371,False,False,False,False,False,False
2000-01-01 01:28:03,22.5,54.2,7.1,4.2,0.7,7.1,49,113,162,104,267,371,False,False,False,False,False,False
2000-01-01 01:28:05,22.5,54.2,6.9,4.1,0.7,6.9,25,137,162,104,267,371,False,False,False,False,False,False
2000-01-01 01:28:07,22.5,54.2,6.8,4.1,0.7,6.8,33,129,162,104,267,371,False,False,False,False,False,False
2000-01-01 01:28:09,22.5,54.1,6.8,4.1,0.7,6.8,41,120,162,104,267,371,False,False,False,False,False,False
2000-01-01 01:28:11,22.5,54.2,6.8,4.1,0.7,6.8,50,112,162,104,267,371,False,False,False,False,False,False
2000-01-01 01:28:13,22.5,54.2,7.2,4.3,0.7,7.2,25,136,162,104,267,371,False,False,False,False,False,False
2000-01-01 01:28:15,22.5,54.2,6.8,4.1,0.7,6.8,34,128,162,104,267,371,False,False,False,False,False,False
2000-01-01 01:28:17,22.5,54.2,7.3,4.3,0.7,7.3,42,120,162,104,267,371,False,False,False,False,False,False
2000-01-01 01:28:19,22.5,54.1,6.8,4.1,0.7,6.8,50,112,162,104,267,371,False,False,False,False,False,False
2000-01-01 01:28:21,22.5,54.1,6.9,4.1,0.7,6.9,27,135,162,104,267,371,False,False,False,False,False,False
2000-01-01 01:28:23,22.5,54.2,7.0,4.2,0.7,7.0,35,127,162,104,267,371,False,False,False,False,False,False
2000-01-01 01:28:25,22.5,54.1,6.8,4.1,0.7,6.8,43,119,162,104,267,371,False,False,False,False,False,False
2000-01-01 01:28:27,22.5,54.1,6.8,4.1,0.7,6.8,51,110,162,104,267,371,False,False,False,False,False,False
2000-01-01 01:28:29,22.5,54.2,6.9,4.1,0.7,6.9,29,133,162,104,267,371,False,False,False,False,False,False
2000-01-01 01:28:31,22.5,54.2,6.8,4.1,0.7,6.8,37,125,162,104,267,371,False,False,False,False,False,False
2000-01-01 01:28:33,22.5,54.2,8.6,5.0,0.7,8.6,45,117,162,104,267,371,False,False,False,False,False,False
2000-01-01 01:28:35,22.6,54.2,6.8,4.1,0.7,6.8,53,108,162,104,267,371,False,False,False,False,False,False
2000-01-01 01:28:37,22.5,54.1,6.9,4.1,0.7,6.9,29,133,162,104,267,371,False,False,False,False,False,False
2000-01-01 01:28:39,22.5,54.1,6.8,4.1,0.7,6.8,37,125,162,104,267,371,False,False,False,False,False,False
2000-01-01 01:28:41,22.5,54.1,6.8,4.1,0.7,6.8,45,117,162,104,267,371,False,False,False,False,False,False
2000-01-01 01:28:43,22.5,54.2,7.1,4.2,0.7,7.1,53,108,162,104,267,371,False,False,False,False,False,False
2000-01-01 01:28:45,22.5,54.1,6.9,4.1,0.7,6.9,30,132,162,104,267,371,False,False,False,False,False,False
2000-01-01 01:28:47,22.5,54.2,6.8,4.1,0.7,6.8,38,124,162,104,267,371,False,False,False,False,False,False
2000-01-01 01:28:49,22.5,54.1,6.8,4.1,0.7,6.8,46,116,162,104,267,371,False,False,False,False,False,False
2000-01-01 01:28:51,22.5,54.2,7.1,4.2,0.7,7.1,24,138,162,104,267,371,False,False,False,False,False,False
2000-01-01 01:28:53,22.5,54.1,6.9,4.1,0.7,6.9,32,130,162,104,267,371,False,False,False,False,False,False
2000-01-01 01:28:55,22.5,54.1,6.8,4.1,0.7,6.8,40,122,162,104,267,371,False,False,False,False,False,False
2000-01-01 01:28:57,22.5,54.1,6.8,4.1,0.7,6.8,48,113,162,104,267,371,False,False,False,False,False,False
2000-01-01 01:28:59,22.5,54.2,6.9,4.1,0.7,6.9,24,138,162,104,267,371,False,False,False,False,False,False
2000-01-01 01:29:01,22.5,54.1,7.1,4.2,0.7,7.1,32,129,162,104,267,371,False,False,False,False,False,False
2000-01-01 01:29:03,22.5,54.1,6.8,4.1,0.7,6.8,41,121,162,104,267,371,False,False,False,False,False,False
2000-01-01 01:29:05,22.5,54.2,6.8,4.1,0.7,6.8,49,113,162,104,267,371,False,False,False,False,False,False
2000-01-01 01:29:07,22.5,54.2,6.9,4.1,0.7,6.9,25,137,162,104,267,371,False,False,False,False,False,False
2000-01-01 01:29:09,22.5,54.1,6.8,4.1,0.7,6.8,33,129,162,104,267,371,False,False,False,False,False,False
2000-01-01 01:29:11,22.5,54.1,7.1,4.2,0.7,7.1,41,120,162,104,267,371,False,False,False,False,False,False
2000-01-01 01:29:13,22.5,54.2,6.8,4.1,0.7,6.8,50,112,162,104,267,371,False,False,False,False,False,False
2000-01-01 01:29:15,22.5,54.1,6.9,4.1,0.7,6.9,25,136,162,104,267,371,False,False,False,False,False,False
2000-01-01 01:29:17,22.5,54.1,6.8,4.1,0.7,6.8,34,128,162,104,267,371,False,False,False,False,False,False
2000-01-01 01:29:19,22.5,54.1,6.8,4.1,0.7,6.8,42,120,162,104,267,371,False,False,False,False,False,False
2000-01-01 01:29:21,22.5,54.1,7.1,4.2,0.7,7.1,50,112,162,104,267,371,False,False,False,False,False,False
2000-01-01 01:29:23,22.5,54.1,6.9,4.1,0.7,6.9,27,135,162,104,267,371,False,False,False,False,False,False
2000-01-01 01:29:25,22.6,54.1,6.8,4.1,0.7,6.8,35,127,162,104,267,371,False,False,False,False,False,False
2000-01-01 01:29:27,22.5,54.1,6.8,4.1,0.7,6.8,43,119,162,104,267,371,False,False,False,False,False,False
2000-01-01 01:29:29,22.5,54.1,0.0,0.0,0.0,0.0,51,110,162,104,267,371,False,False,False,False,False,False
2000-01-01 01:29:31,22.5,54.1,7.3,4.3,0.7,7.3,29,133,162,104,267,371,False,False,False,False,False,False
2000-01-01 01:29:33,22.5,54.1,6.8,4.1,0.7,6.8,37,125,162,104,267,371,False,False,False,False,False,False
2000-01-01 01:29:35,22.5,54.1,6.8,4.1,0.7,6.8,45,117,162,104,267,371,False,False,False,False,False,False
2000-01-01 01:29:37,22.5,54.1,6.8,4.1,0.7,6.8,53,108,162,104,267,371,False,False,False,False,False,False
2000-01-01 01:29:39,22.5,54.1,6.9,4.1,0.7,6.9,29,133,162,104,267,371,False,False,False,False,False,False
2000-01-01 01:29:41,22.5,54.2,7.1,4.2,0.7,7.1,37,125,162,104,267,371,False,False,False,False,False,False
2000-01-01 01:29:43,22.5,54.1,6.8,4.1,0.7,6.8,45,117,162,104,267,371,False,False,False,False,False,False
2000-01-01 01:29:45,22.5,54.1,6.8,4.1,0.7,6.8,53,108,162,104,267,371,False,False,False,False,False,False
2000-01-01 01:29:47,22.6,54.2,6.9,4.1,0.7,6.9,30,132,162,104,267,371,False,False,False,False,False,False
2000-01-01 01:29:49,22.6,54.1,6.8,4.1,0.7,6.8,38,124,162,104,267,371,False,False,False,False,False,False
2000-01-01 01:29:51,22.6,54.1,7.1,4.2,0.7,7.1,46,116,162,104,267,371,False,False,False,False,False,False
2000-01-01 01:29:53,22.5,54.1,6.8,4.1,0.7,6.8,24,138,162,104,267,371,False,False,False,False,False,False
2000-01-01 01:29:55,22.6,54.2,6.9,4.1,0.7,6.9,32,130,162,104,267,371,False,False,False,False,False,False
2000-01-01 01:29:57,22.5,54.1,6.8,4.1,0.7,6.8,40,122,162,104,267,371,False,False,False,False,False,False
2000-01-01 01:29:59,22.6,54.1,6.8,4.1,0.7,6.8,48,113,162,104,267,371,False,False,False,False,False,False
2000-01-01 01:30:01,22.6,54.1,7.2,4.3,0.7,7.2,24,138,162,104,267,371,False,False,False,False,False,False
2000-01-01 01:30:03,22.6,54.1,6.8,4.1,0.7,6.8,32,129,162,104,267,371,False,False,False,False,False,False
2000-01-01 01:30:05,22.6,54.1,6.8,4.1,0.7,6.8,41,121,162,104,267,371,False,False,False,False,False,False
2000-01-01 01:30:07,22.6,54.1,6.8,4.1,0.7,6.8,49,113,162,104,267,371,False,False,False,False,False,False
2000-01-01 01:30:09,22.6,54.1,7.7,4.5,0.7,7.7,25,137,162,104,267,371,False,False,False,False,False,False
2000-01-01 01:30:11,22.6,54.1,6.8,4.1,0.7,6.8,33,129,162,104,267,371,False,False,False,False,False,False
2000-01-01 01:30:13,22.6,54.1,6.8,4.1,0.7,6.8,41,120,162,104,267,371,False,False,False,False,False,False
2000-01-01 01:30:15,22.6,54.1,6.8,4.1,0.7,6.8,50,112,162,104,267,371,False,False,False,False,False,False
2000-01-01 01:30:17,22.6,54.1,6.9,4.1,0.7,6.9,27,135,162,104,267,371,False,False,False,False,False,False
2000-01-01 01:30:19,22.6,54.1,7.1,4.2,0.7,7.1,35,127,162,104,267,371,False,False,False,False,False,False
2000-01-01 01:30:21,22.6,54.0,6.8,4.1,0.7,6.8,43,119,162,104,267,371,False,False,False,False,False,False
2000-01-01 01:30:23,22.6,54.0,6.8,4.1,0.7,6.8,51,110,162,104,267,371,False,False,False,False,False,False
2000-01-01 01:30:25,22.6,54.0,6.9,4.1,0.7,6.9,29,133,162,104,267,371,False,False,False,False,False,False
2000-01-01 01:30:27,22.6,54.0,6.8,4.1,0.7,6.8,37,125,162,104,267,371,False,False,False,False,False,False
2000-01-01 01:30:29,22.6,54.0,7.1,4.2,0.7,7.1,45,117,162,104,267,371,False,False,False,False,False,False
2000-01-01 01:30:31,22.6,54.0,6.8,4.1,0.7,6.8,53,108,162,104,267,371,False,False,False,False,False,False
2000-01-01 01:30:33,22.6,54.1,6.9,4.1,0.7,6.9,30,132,162,104,267,371,False,False,False,False,False,False
2000-01-01 01:30:35,22.6,54.1,6.8,4.1,0.7,6.8,38,124,162,104,267,371,False,False,False,False,False,False
2000-01-01 01:30:37,22.6,54.0,6.8,4.1,0.7,6.8,46,115,162,104,267,371,False,False,False,False,False,False
2000-01-01 01:30:39,22.6,54.1,7.1,4.2,0.7,7.1,23,139,162,104,267,371,False,False,False,False,False,False
2000-01-01 01:30:41,22.6,54.0,6.9,4.1,0.7,6.9,31,130,162,104,267,371,False,False,False,False,False,False
2000-01-01 01:30:43,22.6,54.0,6.8,4.1,0.7,6.8,40,122,162,104,267,371,False,False,False,False,False,False
2000-01-01 01:30:45,22.6,54.0,6.8,4.1,0.7,6.8,48,114,162,104,267,371,False,False,False,False,False,False
2000-01-01 01:30:47,22.6,54.0,6.9,4.1,0.7,6.9,24,138,162,104,267,371,False,False,False,False,False,False
2000-01-01 01:30:49,22.6,54.0,7.1,4.2,0.7,7.1,32,129,162,104,267,371,False,False,False,False,False,False
2000-01-01 01:30:51,22.6,54.0,6.8,4.1,0.7,6.8,41,121,162,104,267,371,False,False,False,False,False,False
2000-01-01 01:30:53,22.6,54.0,6.8,4.1,0.7,6.8,49,113,162,104,267,371,False,False,False,False,False,False
2000-01-01 01:30:55,22.6,54.1,6.9,4.1,0.7,6.9,25,137,162,104,267,371,False,False,False,False,False,False
2000-01-01 01:30:57,22.6,54.0,6.8,4.1,0.7,6.8,33,129,162,104,267,371,False,False,False,False,False,False
2000-01-01 01:30:59,22.6,54.0,7.1,4.2,0.7,7.1,41,120,162,104,267,371,False,False,False,False,False,False
2000-01-01 01:31:01,22.6,54.0,6.8,4.1,0.7,6.8,50,112,162,104,267,371,False,False,False,False,False,False
2000-01-01 01:31:03,22.6,54.0,6.9,4.1,0.7,6.9,27,135,162,104,267,371,False,False,False,False,False,False
2000-01-01 01:31:05,22.6,54.0,6.8,4.1,0.7,6.8,35,127,162,104,267,371,False,False,False,False,False,False
2000-01-01 01:31:07,22.6,54.0,6.8,4.1,0.7,6.8,43,119,162,104,267,371,False,False,False,False,False,False
2000-01-01 01:31:09,22.6,54.1,7.1,4.2,0.7,7.1,51,110,162,104,267,371,False,False,False,False,False,False
2000-01-01 01:31:11,22.6,54.0,6.9,4.1,0.7,6.9,29,133,162,104,267,371,False,False,False,False,False,False
2000-01-01 01:31:13,22.6,54.0,6.8,4.1,0.7,6.8,37,125,162,104,267,371,False,False,False,False,False,False
2000-01-01 01:31:15,22.6,54.0,6.8,4.1,0.7,6.8,45,117,162,104,267,371,False,False,False,False,False,False
2000-01-01 01:31:17,22.6,54.0,6.8,4.1,0.7,6.8,53,108,162,104,267,371,False,False,False,False,False,False
2000-01-01 01:31:19,22.6,53.9,7.2,4.3,0.7,7.2,30,132,162,104,267,371,False,False,False,False,False,False
2000-01-01 01:31:21,22.6,53.9,6.8,4.1,0.7,6.8,38,123,162,104,267,371,False,False,False,False,False,False
2000-01-01 01:31:23,22.6,54.0,6.8,4.1,0.7,6.8,47,115,162,104,267,371,False,False,False,False,False,False
2000-01-01 01:31:25,22.6,54.0,6.8,4.1,0.7,6.8,23,139,162,104,267,371,False,False,False,False,False,False
2000-01-01 01:31:27,22.6,53.9,7.2,4.3,0.7,7.2,31,130,162,104,267,371,False,False,False,False,False,False
2000-01-01 01:31:29,22.6,54.0,6.8,4.1,0.7,6.8,40,122,162,104,267,371,False,False,False,False,False,False
2000-01-01 01:31:31,22.6,54.0,6.8,4.1,0.7,6.8,48,114,162,104,267,371,False,False,False,False,False,False
2000-01-01 01:31:33,22.6,54.0,6.9,4.1,0.7,6.9,24,138,162,104,267,371,False,False,False,False,False,False
2000-01-01 01:31:35,22.6,53.9,6.8,4.1,0.7,6.8,32,129,162,104,267,371,False,False,False,False,False,False
2000-01-01 01:31:37,22.6,54.0,7.1,4.2,0.7,7.1,41,121,162,104,267,371,False,False,False,False,False,False
2000-01-01 01:31:39,22.6,53.9,6.8,4.1,0.7,6.8,49,113,162,104,267,371,False,False,False,False,False,False
2000-01-01 01:31:41,22.6,53.9,6.9,4.1,0.7,6.9,25,137,162,104,267,371,False,False,False,False,False,False
2000-01-01 01:31:43,22.6,53.9,6.8,4.1,0.7,6.8,33,129,162,104,267,371,False,False,False,False,False,False
2000-01-01 01:31:45,22.6,54.0,6.8,4.1,0.7,6.8,41,120,162,104,267,371,False,False,False,False,False,False
2000-01-01 01:31:47,22.6,54.0,7.1,4.2,0.7,7.1,50,112,162,104,267,371,False,False,False,False,False,False
2000-01-01 01:31:49,22.6,53.9,6.9,4.1,0.7,6.9,27,135,162,104,267,371,False,False,False,False,False,False
2000-01-01 01:31:51,22.6,53.9,6.8,4.1,0.7,6.8,35,127,162,104,267,371,False,False,False,False,False,False
2000-01-01 01:31:53,22.6,54.0,7.6,4.5,0.7,7.6,43,119,162,104,267,371,False,False,False,False,False,False
2000-01-01 01:31:55,22.6,53.9,6.8,4.1,0.7,6.8,51,110,162,104,267,371,False,False,False,False,False,False
2000-01-01 01:31:57,22.6,54.0,7.8,4.5,0.7,7.8,29,133,162,104,267,371,False,False,False,False,False,False
2000-01-01 01:31:59,22.6,54.0,6.8,4.1,0.7,6.8,37,125,162,104,267,371,False,False,False,False,False,False
2000-01-01 01:32:01,22.6,54.0,6.8,4.1,0.7,6.8,45,117,162,104,267,371,False,False,False,False,False,False
2000-01-01 01:32:03,22.6,53.9,6.8,4.1,0.7,6.8,53,108,162,104,267,371,False,False,False,False,False,False
2000-01-01 01:32:05,22.6,54.0,6.9,4.1,0.7,6.9,30,132,162,104,267,371,False,False,False,False,False,False
2000-01-01 01:32:07,22.6,53.9,7.1,4.2,0.7,7.1,38,123,162,104,267,371,False,False,False,False,False,False
2000-01-01 01:32:09,22.6,54.0,6.8,4.1,0.7,6.8,47,115,162,104,267,371,False,False,False,False,False,False
2000-01-01 01:32:11,22.6,54.0,6.8,4.1,0.7,6.8,23,139,162,104,267,371,False,False,False,False,False,False
2000-01-01 01:32:13,22.6,54.0,6.9,4.1,0.7,6.9,31,130,162,104,267,371,False,False,False,False,False,False
2000-01-01 01:32:15,22.6,54.0,6.8,4.1,0.7,6.8,40,122,162,104,267,371,False,False,False,False,False,False
2000-01-01 01:32:17,22.6,54.0,7.1,4.2,0.7,7.1,48,114,162,104,267,371,False,False,False,False,False,False
2000-01-01 01:32:19,22.6,54.0,6.9,4.1,0.7,6.9,24,138,162,104,267,371,False,False,False,False,False,False
2000-01-01 01:32:21,22.6,54.0,6.8,4.1,0.7,6.8,32,129,162,104,267,371,False,False,False,False,False,False
2000-01-01 01:32:23,22.6,54.0,6.8,4.1,0.7,6.8,41,121,162,104,267,371,False,False,False,False,False,False
2000-01-01 01:32:25,22.6,54.0,6.8,4.1,0.7,6.8,49,113,162,104,267,371,False,False,False,False,False,False
2000-01-01 01:32:27,22.6,54.0,7.2,4.3,0.7,7.2,25,137,162,104,267,371,False,False,False,False,False,False
2000-01-01 01:32:29,22.6,54.0,6.8,4.1,0.7,6.8,33,129,162,104,267,371,False,False,False,False,False,False
2000-01-01 01:32:31,22.6,54.0,7.6,4.5,0.7,7.6,41,120,162,104,267,371,False,False,False,False,False,False
2000-01-01 01:32:33,22.6,54.0,6.8,4.1,0.7,6.8,50,112,162,104,267,371,False,False,False,False,False,False
2000-01-01 01:32:35,22.6,54.0,6.9,4.1,0.7,6.9,27,135,162,104,267,371,False,False,False,False,False,False
2000-01-01 01:32:37,22.6,54.0,7.1,4.2,0.7,7.1,35,127,162,104,267,371,False,False,False,False,False,False
2000-01-01 01:32:39,22.6,54.0,6.8,4.1,0.7,6.8,43,119,162,104,267,371,False,False,False,False,False,False
2000-01-01 01:32:41,22.6,54.0,6.8,4.1,0.7,6.8,51,110,162,104,267,371,False,False,False,False,False,False
2000-01-01 01:32:43,22.6,54.0,6.9,4.1,0.7,6.9,29,133,162,104,267,371,False,False,False,False,False,False
2000-01-01 01:32:45,22.6,54.0,7.1,4.2,0.7,7.1,37,125,162,104,267,371,False,False,False,False,False,False
2000-01-01 01:32:47,22.6,54.0,6.8,4.1,0.7,6.8,45,117,162,104,267,371,False,False,False,False,False,False
2000-01-01 01:32:49,22.6,54.0,6.8,4.1,0.7,6.8,53,108,162,104,267,371,False,False,False,False,False,False
2000-01-01 01:32:51,22.6,54.0,6.9,4.1,0.7,6.9,30,132,162,104,267,371,False,False,False,False,False,False
2000-01-01 01:32:53,22.6,54.0,6.8,4.1,0.7,6.8,38,123,162,104,267,371,False,False,False,False,False,False
2000-01-01 01:32:55,22.6,54.0,7.1,4.2,0.7,7.1,47,115,162,104,267,371,False,False,False,False,False,False
2000-01-01 01:32:57,22.6,54.0,6.8,4.1,0.7,6.8,23,139,162,104,267,371,False,False,False,False,False,False
2000-01-01 01:32:59,22.6,54.0,6.9,4.1,0.7,6.9,31,130,162,104,267,371,False,False,False,False,False,False
2000-01-01 01:33:01,22.6,54.0,6.8,4.1,0.7,6.8,40,122,162,104,267,371,False,False,False,False,False,False
2000-01-01 01:33:03,22.5,54.0,6.8,4.1,0.7,6.8,48,114,162,104,267,371,False,False,False,False,False,False
2000-01-01 01:33:05,22.6,54.0,7.2,4.3,0.7,7.2,24,138,162,104,267,371,False,False,False,False,False,False
2000-01-01 01:33:07,22.6,54.0,6.8,4.1,0.7,6.8,32,129,162,104,267,371,False,False,False,False,False,False
2000-01-01 01:33:09,22.5,54.0,6.8,4.1,0.7,6.8,41,121,162,104,267,371,False,False,False,False,False,False
2000-01-01 01:33:11,22.6,54.0,6.8,4.1,0.7,6.8,49,113,162,104,267,371,False,False,False,False,False,False
2000-01-01 01:33:13,22.5,54.0,6.9,4.1,0.7,6.9,25,137,162,104,267,371,False,False,False,False,False,False
2000-01-01 01:33:15,22.6,54.0,7.1,4.2,0.7,7.1,33,129,162,104,267,371,False,False,False,False,False,False
2000-01-01 01:33:17,22.6,54.0,6.8,4.1,0.7,6.8,41,120,162,104,267,371,False,False,False,False,False,False
2000-01-01 01:33:19,22.6,54.1,6.8,4.1,0.7,6.8,50,112,162,104,267,371,False,False,False,False,False,False
2000-01-01 01:33:21,22.6,54.0,6.9,4.1,0.7,6.9,27,135,162,104,267,371,False,False,False,False,False,False
2000-01-01 01:33:23,22.6,54.0,6.8,4.1,0.7,6.8,35,127,162,104,267,371,False,False,False,False,False,False
2000-01-01 01:33:25,22.6,54.0,7.1,4.2,0.7,7.1,43,119,162,104,267,371,False,False,False,False,False,False
2000-01-01 01:33:27,22.6,54.0,6.8,4.1,0.7,6.8,51,110,162,104,267,371,False,False,False,False,False,False
2000-01-01 01:33:29,22.6,54.1,6.9,4.1,0.7,6.9,29,133,162,104,267,371,False,False,False,False,False,False
2000-01-01 01:33:31,22.6,54.0,6.8,4.1,0.7,6.8,37,125,162,104,267,371,False,False,False,False,False,False
2000-01-01 01:33:33,22.6,54.0,6.8,4.1,0.7,6.8,45,117,162,104,267,371,False,False,False,False,False,False
2000-01-01 01:33:35,22.6,54.1,11.0,6.2,0.7,11.0,53,108,162,104,267,371,False,False,False,False,False,False
2000-01-01 01:33:37,22.6,54.0,6.9,4.1,0.7,6.9,30,132,162,104,267,371,False,False,False,False,False,False
2000-01-01 01:33:39,22.6,54.0,6.8,4.1,0.7,6.8,38,123,162,104,267,371,False,False,False,False,False,False
2000-01-01 01:33:41,22.6,54.0,6.8,4.1,0.7,6.8,47,115,162,104,267,371,False,False,False,False,False,False
2000-01-01 01:33:43,22.6,54.1,6.8,4.1,0.7,6.8,23,139,162,104,267,371,False,False,False,False,False,False
2000-01-01 01:33:45,22.5,53.9,7.2,4.3,0.7,7.2,31,130,162,104,267,371,False,False,False,False,False,False
2000-01-01 01:33:47,22.6,54.0,6.8,4.1,0.7,6.8,40,122,162,104,267,371,False,False,False,False,False,False
2000-01-01 01:33:49,22.6,54.0,7.3,4.3,0.7,7.3,48,114,162,104,267,371,False,False,False,False,False,False
2000-01-01 01:33:51,22.6,54.0,6.9,4.1,0.7,6.9,24,138,162,104,267,371,False,False,False,False,False,False
2000-01-01 01:33:53,22.6,54.0,6.8,4.1,0.7,6.8,32,129,162,104,267,371,False,False,False,False,False,False
2000-01-01 01:33:55,22.6,54.0,7.1,4.2,0.7,7.1,41,121,162,104,267,371,False,False,False,False,False,False
2000-01-01 01:33:57,22.6,54.0,6.8,4.1,0.7,6.8,49,113,162,104,267,371,False,False,False,False,False,False
2000-01-01 01:33:59,22.6,54.0,6.9,4.1,0.7,6.9,25,137,162,104,267,371,False,False,False,False,False,False
2000-01-01 01:34:01,22.6,54.0,6.8,4.1,0.7,6.8,33,129,162,104,267,371,False,False,False,False,False,False
2000-01-01 01:34:03,22.6,54.0,7.1,4.2,0.7,7.1,41,120,162,104,267,371,False,False,False,False,False,False
2000-01-01 01:34:05,22.6,54.0,6.8,4.1,0.7,6.8,50,112,162,104,267,371,False,False,False,False,False,False
2000-01-01 01:34:07,22.6,54.0,6.9,4.1,0.7,6.9,27,135,162,104,267,371,False,False,False,False,False,False
2000-01-01 01:34:09,22.6,54.0,6.8,4.1,0.7,6.8,35,127,162,104,267,371,False,False,False,False,False,False
2000-01-01 01:34:11,22.6,53.9,6.8,4.1,0.7,6.8,43,119,162,104,267,371,False,False,False,False,False,False
2000-01-01 01:34:13,22.6,54.0,7.1,4.2,0.7,7.1,51,110,162,104,267,371,False,False,False,False,False,False
2000-01-01 01:34:15,22.5,53.9,6.9,4.1,0.7,6.9,29,133,162,104,267,371,False,False,False,False,False,False
2000-01-01 01:34:17,22.5,53.9,6.8,4.1,0.7,6.8,37,125,162,104,267,371,False,False,False,False,False,False
2000-01-01 01:34:19,22.5,54.0,6.8,4.1,0.7,6.8,45,117,162,104,267,371,False,False,False,False,False,False
2000-01-01 01:34:21,22.6,54.0,6.8,4.1,0.7,6.8,53,108,162,104,267,371,False,False,False,False,False,False
2000-01-01 01:34:23,22.5,53.9,7.2,4.3,0.7,7.2,30,132,162,104,267,371,False,False,False,False,False,False
2000-01-01 01:34:25,22.6,53.9,6.8,4.1,0.7,6.8,38,123,162,104,267,371,False,False,False,False,False,False
2000-01-01 01:34:27,22.5,53.9,6.8,4.1,0.7,6.8,47,115,162,104,267,371,False,False,False,False,False,False
2000-01-01 01:34:29,22.5,54.0,6.8,4.1,0.7,6.8,23,139,162,104,267,371,False,False,False,False,False,False
2000-01-01 01:34:31,22.6,54.0,6.9,4.1,0.7,6.9,31,130,162,104,267,371,False,False,False,False,False,False
2000-01-01 01:34:33,22.6,54.0,7.1,4.2,0.7,7.1,40,122,162,104,267,371,False,False,False,False,False,False
2000-01-01 01:34:35,22.5,54.0,6.8,4.1,0.7,6.8,48,114,162,104,267,371,False,False,False,False,False,False
2000-01-01 01:34:37,22.6,54.0,6.9,4.1,0.7,6.9,24,138,162,104,267,371,False,False,False,False,False,False
2000-01-01 01:34:39,22.5,53.9,6.8,4.1,0.7,6.8,32,129,162,104,267,371,False,False,False,False,False,False
2000-01-01 01:34:41,22.5,54.0,6.8,4.1,0.7,6.8,41,121,162,104,267,371,False,False,False,False,False,False
2000-01-01 01:34:43,22.6,54.0,7.1,4.2,0.7,7.1,49,113,162,104,267,371,False,False,False,False,False,False
2000-01-01 01:34:45,22.6,54.0,6.9,4.1,0.7,6.9,25,137,162,104,267,371,False,False,False,False,False,False
2000-01-01 01:34:47,22.6,54.0,6.8,4.1,0.7,6.8,33,129,162,104,267,371,False,False,False,False,False,False
2000-01-01 01:34:49,22.6,54.0,6.8,4.1,0.7,6.8,41,120,162,104,267,371,False,False,False,False,False,False
2000-01-01 01:34:51,22.6,53.9,6.8,4.1,0.7,6.8,50,112,162,104,267,371,False,False,False,False,False,False
2000-01-01 01:34:53,22.6,53.9,7.3,4.3,0.7,7.3,27,135,162,104,267,371,False,False,False,False,False,False
2000-01-01 01:34:55,22.6,53.9,6.8,4.1,0.7,6.8,35,127,162,104,267,371,False,False,False,False,False,False
2000-01-01 01:34:57,22.6,54.0,6.8,4.1,0.7,6.8,43,119,162,104,267,371,False,False,False,False,False,False
2000-01-01 01:34:59,22.5,54.0,6.8,4.1,0.7,6.8,51,110,162,104,267,371,False,False,False,False,False,False
2000-01-01 01:35:01,22.6,54.0,6.9,4.1,0.7,6.9,29,133,162,104,267,371,False,False,False,False,False,False
2000-01-01 01:35:03,22.6,54.0,7.1,4.2,0.7,7.1,37,125,162,104,267,371,False,False,False,False,False,False
2000-01-01 01:35:05,22.6,54.0,6.8,4.1,0.7,6.8,45,117,162,104,267,371,False,False,False,False,False,False
2000-01-01 01:35:07,22.6,54.0,6.8,4.1,0.7,6.8,53,108,162,104,267,371,False,False,False,False,False,False
2000-01-01 01:35:09,22.5,54.0,6.9,4.1,0.7,6.9,30,132,162,104,267,371,False,False,False,False,False,False
2000-01-01 01:35:11,22.6,54.0,6.8,4.1,0.7,6.8,38,123,162,104,267,371,False,False,False,False,False,False
2000-01-01 01:35:13,22.6,54.0,7.1,4.2,0.7,7.1,47,115,162,104,267,371,False,False,False,False,False,False
2000-01-01 01:35:15,22.5,54.0,6.8,4.1,0.7,6.8,23,139,162,104,267,371,False,False,False,False,False,False
2000-01-01 01:35:17,22.6,54.0,6.9,4.1,0.7,6.9,31,130,162,104,267,371,False,False,False,False,False,False
2000-01-01 01:35:19,22.5,53.9,6.8,4.1,0.7,6.8,40,122,162,104,267,371,False,False,False,False,False,False
2000-01-01 01:35:21,22.6,54.0,7.1,4.2,0.7,7.1,48,114,162,104,267,371,False,False,False,False,False,False
2000-01-01 01:35:23,22.5,54.0,6.9,4.1,0.7,6.9,24,138,162,104,267,371,False,False,False,False,False,False
2000-01-01 01:35:25,22.6,54.0,6.8,4.1,0.7,6.8,32,129,162,104,267,371,False,False,False,False,False,False
2000-01-01 01:35:27,22.5,54.0,6.8,4.1,0.7,6.8,41,121,162,104,267,371,False,False,False,False,False,False
2000-01-01 01:35:29,22.6,54.0,6.8,4.1,0.7,6.8,49,113,162,104,267,371,False,False,False,False,False,False
2000-01-01 01:35:31,22.5,54.0,7.2,4.3,0.7,7.2,25,137,162,104,267,371,False,False,False,False,False,False
2000-01-01 01:35:33,22.6,54.0,6.8,4.1,0.7,6.8,33,129,162,104,267,371,False,False,False,False,False,False
2000-01-01 01:35:35,22.6,54.0,6.8,4.1,0.7,6.8,41,120,162,104,267,371,False,False,False,False,False,False
2000-01-01 01:35:37,22.6,54.0,6.8,4.1,0.7,6.8,50,112,162,104,267,371,False,False,False,False,False,False
2000-01-01 01:35:39,22.6,54.0,7.4,4.4,0.7,7.4,27,135,162,104,267,371,False,False,False,False,False,False
2000-01-01 01:35:41,22.6,54.0,7.1,4.2,0.7,7.1,35,127,162,104,267,371,False,False,False,False,False,False
2000-01-01 01:35:43,22.6,54.0,6.8,4.1,0.7,6.8,43,119,162,104,267,371,False,False,False,False,False,False
2000-01-01 01:35:45,22.6,54.1,6.8,4.1,0.7,6.8,51,110,162,104,267,371,False,False,False,False,False,False
2000-01-01 01:35:47,22.6,54.0,6.9,4.1,0.7,6.9,29,133,162,104,267,371,False,False,False,False,False,False
2000-01-01 01:35:49,22.6,54.1,6.8,4.1,0.7,6.8,37,125,162,104,267,371,False,False,False,False,False,False
2000-01-01 01:35:51,22.6,54.0,7.9,4.6,0.7,7.9,45,117,162,104,267,371,False,False,False,False,False,False
2000-01-01 01:35:53,22.5,53.9,6.8,4.1,0.7,6.8,53,108,162,104,267,371,False,False,False,False,False,False
2000-01-01 01:35:55,22.6,54.0,6.9,4.1,0.7,6.9,30,132,162,104,267,371,False,False,False,False,False,False
2000-01-01 01:35:57,22.6,54.0,6.8,4.1,0.7,6.8,38,123,162,104,267,371,False,False,False,False,False,False
2000-01-01 01:35:59,22.6,54.0,6.8,4.1,0.7,6.8,47,115,162,104,267,371,False,False,False,False,False,False
2000-01-01 01:36:01,22.6,54.0,7.1,4.2,0.7,7.1,23,139,162,104,267,371,False,False,False,False,False,False
2000-01-01 01:36:03,22.6,54.0,6.9,4.1,0.7,6.9,31,130,162,104,267,371,False,False,False,False,False,False
2000-01-01 01:36:05,22.6,54.0,6.8,4.1,0.7,6.8,40,122,162,104,267,371,False,False,False,False,False,False
2000-01-01 01:36:07,22.6,54.0,6.8,4.1,0.7,6.8,48,114,162,104,267,371,False,False,False,False,False,False
2000-01-01 01:36:09,22.6,53.9,6.9,4.1,0.7,6.9,24,138,162,104,267,371,False,False,False,False,False,False
2000-01-01 01:36:11,22.6,54.0,7.1,4.2,0.7,7.1,32,129,162,104,267,371,False,False,False,False,False,False
2000-01-01 01:36:13,22.6,53.9,6.8,4.1,0.7,6.8,41,121,162,104,267,371,False,False,False,False,False,False
2000-01-01 01:36:15,22.6,54.0,6.8,4.1,0.7,6.8,49,113,162,104,267,371,False,False,False,False,False,False
2000-01-01 01:36:17,22.6,54.0,6.9,4.1,0.7,6.9,25,137,162,104,267,371,False,False,False,False,False,False
2000-01-01 01:36:19,22.6,54.0,6.8,4.1,0.7,6.8,33,128,162,104,267,371,False,False,False,False,False,False
2000-01-01 01:36:21,22.6,54.0,7.1,4.2,0.7,7.1,42,120,162,104,267,371,False,False,False,False,False,False
2000-01-01 01:36:23,22.6,53.9,6.8,4.1,0.7,6.8,50,112,162,104,267,371,False,False,False,False,False,False
2000-01-01 01:36:25,22.6,53.9,6.9,4.1,0.7,6.9,27,135,162,104,267,371,False,False,False,False,False,False
2000-01-01 01:36:27,22.6,53.9,6.8,4.1,0.7,6.8,35,127,162,104,267,371,False,False,False,False,False,False
2000-01-01 01:36:29,22.6,53.9,7.6,4.5,0.7,7.6,43,118,162,104,267,371,False,False,False,False,False,False
2000-01-01 01:36:31,22.6,53.9,7.1,4.2,0.7,7.1,52,110,162,104,267,371,False,False,False,False,False,False
2000-01-01 01:36:33,22.6,53.9,6.9,4.1,0.7,6.9,30,132,162,104,267,371,False,False,False,False,False,False
2000-01-01 01:36:35,22.6,54.0,6.9,4.1,0.7,6.9,38,124,162,104,267,371,False,False,False,False,False,False
2000-01-01 01:36:37,22.6,53.9,6.8,4.1,0.7,6.8,46,115,162,104,267,371,False,False,False,False,False,False
2000-01-01 01:36:39,22.6,53.9,7.1,4.2,0.7,7.1,23,138,162,104,267,371,False,False,False,False,False,False
2000-01-01 01:36:41,22.6,53.9,6.9,4.1,0.7,6.9,32,130,162,104,267,371,False,False,False,False,False,False
2000-01-01 01:36:43,22.6,54.0,6.8,4.1,0.7,6.8,40,122,162,104,267,371,False,False,False,False,False,False
2000-01-01 01:36:45,22.6,53.9,6.8,4.1,0.7,6.8,48,113,162,104,267,371,False,False,False,False,False,False
2000-01-01 01:36:47,22.6,53.9,6.9,4.1,0.7,6.9,24,138,162,104,267,371,False,False,False,False,False,False
2000-01-01 01:36:49,22.6,53.9,7.1,4.2,0.7,7.1,32,129,162,104,267,371,False,False,False,False,False,False
2000-01-01 01:36:51,22.6,53.9,6.8,4.1,0.7,6.8,41,121,162,104,267,371,False,False,False,False,False,False
2000-01-01 01:36:53,22.6,53.9,6.8,4.1,0.7,6.8,49,113,162,104,267,371,False,False,False,False,False,False
2000-01-01 01:36:55,22.6,53.9,6.9,4.1,0.7,6.9,26,135,162,104,267,371,False,False,False,False,False,False
2000-01-01 01:36:57,22.6,53.9,6.8,4.1,0.7,6.8,35,127,162,104,267,371,False,False,False,False,False,False
2000-01-01 01:36:59,22.6,53.9,7.1,4.2,0.7,7.1,43,119,162,104,267,371,False,False,False,False,False,False
2000-01-01 01:37:01,22.6,53.9,6.8,4.1,0.7,6.8,51,111,162,104,267,371,False,False,False,False,False,False
2000-01-01 01:37:03,22.6,53.9,6.9,4.1,0.7,6.9,30,132,162,104,267,371,False,False,False,False,False,False
2000-01-01 01:37:05,22.6,53.9,6.9,4.1,0.7,6.9,38,124,162,104,267,371,False,False,False,False,False,False
2000-01-01 01:37:07,22.6,54.0,6.8,4.1,0.7,6.8,46,115,162,104,267,371,False,False,False,False,False,False
2000-01-01 01:37:09,22.6,53.9,7.1,4.2,0.7,7.1,23,138,162,104,267,371,False,False,False,False,False,False
2000-01-01 01:37:11,22.6,53.8,6.9,4.1,0.7,6.9,32,130,162,104,267,371,False,False,False,False,False,False
2000-01-01 01:37:13,22.6,53.9,6.8,4.1,0.7,6.8,40,122,162,104,267,371,False,False,False,False,False,False
2000-01-01 01:37:15,22.6,53.9,6.8,4.1,0.7,6.8,48,113,162,104,267,371,False,False,False,False,False,False
2000-01-01 01:37:17,22.6,53.9,6.9,4.1,0.7,6.9,24,138,162,104,267,371,False,False,False,False,False,False
2000-01-01 01:37:19,22.6,53.9,7.1,4.2,0.7,7.1,32,129,162,104,267,371,False,False,False,False,False,False
2000-01-01 01:37:21,22.6,53.9,6.8,4.1,0.7,6.8,41,121,162,104,267,371,False,False,False,False,False,False
2000-01-01 01:37:23,22.6,53.9,6.8,4.1,0.7,6.8,49,113,162,104,267,371,False,False,False,False,False,False
2000-01-01 01:37:25,22.6,53.9,6.9,4.1,0.7,6.9,25,137,162,104,267,371,False,False,False,False,False,False
2000-01-01 01:37:27,22.6,53.9,6.8,4.1,0.7,6.8,33,128,162,104,267,371,False,False,False,False,False,False
2000-01-01 01:37:29,22.6,53.9,8.2,4.8,0.7,8.2,42,120,162,104,267,371,False,False,False,False,False,False
2000-01-01 01:37:31,22.6,53.9,6.8,4.1,0.7,6.8,50,112,162,104,267,371,False,False,False,False,False,False
2000-01-01 01:37:33,22.6,53.8,6.9,4.1,0.7,6.9,27,135,162,104,267,371,False,False,False,False,False,False
2000-01-01 01:37:35,22.6,53.9,6.8,4.1,0.7,6.8,35,127,162,104,267,371,False,False,False,False,False,False
2000-01-01 01:37:37,22.6,53.9,6.8,4.1,0.7,6.8,43,118,162,104,267,371,False,False,False,False,False,False
2000-01-01 01:37:39,22.6,53.9,7.1,4.2,0.7,7.1,52,110,162,104,267,371,False,False,False,False,False,False
2000-01-01 01:37:41,22.6,53.9,6.9,4.1,0.7,6.9,29,133,162,104,267,371,False,False,False,False,False,False
2000-01-01 01:37:43,22.6,53.9,6.8,4.1,0.7,6.8,37,125,162,104,267,371,False,False,False,False,False,False
2000-01-01 01:37:45,22.5,53.9,6.8,4.1,0.7,6.8,45,116,162,104,267,371,False,False,False,False,False,False
2000-01-01 01:37:47,22.6,53.9,6.8,4.1,0.7,6.8,54,108,162,104,267,371,False,False,False,False,False,False
2000-01-01 01:37:49,22.6,53.9,7.2,4.3,0.7,7.2,30,131,162,104,267,371,False,False,False,False,False,False
2000-01-01 01:37:51,22.6,54.0,6.8,4.1,0.7,6.8,39,123,162,104,267,371,False,False,False,False,False,False
2000-01-01 01:37:53,22.6,54.0,6.8,4.1,0.7,6.8,47,115,162,104,267,371,False,False,False,False,False,False
2000-01-01 01:37:55,22.6,53.9,7.6,4.4,0.7,7.6,23,138,162,104,267,371,False,False,False,False,False,False
2000-01-01 01:37:57,22.5,53.9,6.5,3.9,0.7,6.5,32,130,162,104,267,371,False,False,False,False,False,False
2000-01-01 01:37:59,22.5,53.9,6.8,4.1,0.7,6.8,40,122,162,104,267,371,False,False,False,False,False,False
2000-01-01 01:38:01,22.6,53.9,6.8,4.1,0.7,6.8,48,114,162,104,267,371,False,False,False,False,False,False
2000-01-01 01:38:03,22.6,54.0,6.9,4.1,0.7,6.9,24,138,162,104,267,371,False,False,False,False,False,False
2000-01-01 01:38:05,22.6,53.9,6.8,4.1,0.7,6.8,32,129,162,104,267,371,False,False,False,False,False,False
2000-01-01 01:38:07,22.5,54.0,7.1,4.2,0.7,7.1,41,121,162,104,267,371,False,False,False,False,False,False
2000-01-01 01:38:09,22.6,54.0,6.8,4.1,0.7,6.8,49,113,162,104,267,371,False,False,False,False,False,False
2000-01-01 01:38:11,22.5,54.0,6.9,4.1,0.7,6.9,25,137,162,104,267,371,False,False,False,False,False,False
2000-01-01 01:38:13,22.5,53.9,6.8,4.1,0.7,6.8,33,128,162,104,267,371,False,False,False,False,False,False
2000-01-01 01:38:15,22.6,54.0,6.8,4.1,0.7,6.8,42,120,162,104,267,371,False,False,False,False,False,False
2000-01-01 01:38:17,22.6,54.0,7.1,4.2,0.7,7.1,50,112,162,104,267,371,False,False,False,False,False,False
2000-01-01 01:38:19,22.6,54.0,6.9,4.1,0.7,6.9,27,135,162,104,267,371,False,False,False,False,False,False
2000-01-01 01:38:21,22.5,54.0,6.8,4.1,0.7,6.8,35,127,162,104,267,371,False,False,False,False,False,False
2000-01-01 01:38:23,22.5,54.0,6.8,4.1,0.7,6.8,43,118,162,104,267,371,False,False,False,False,False,False
2000-01-01 01:38:25,22.5,54.0,6.8,4.1,0.7,6.8,52,110,162,104,267,371,False,False,False,False,False,False
2000-01-01 01:38:27,22.5,54.0,7.2,4.3,0.7,7.2,29,133,162,104,267,371,False,False,False,False,False,False
2000-01-01 01:38:29,22.5,54.0,6.8,4.1,0.7,6.8,37,125,162,104,267,371,False,False,False,False,False,False
2000-01-01 01:38:31,22.6,54.0,6.8,4.1,0.7,6.8,45,116,162,104,267,371,False,False,False,False,False,False
2000-01-01 01:38:33,22.5,54.0,6.8,4.1,0.7,6.8,54,108,162,104,267,371,False,False,False,False,False,False
2000-01-01 01:38:35,22.5,54.0,6.9,4.1,0.7,6.9,30,131,162,104,267,371,False,False,False,False,False,False
2000-01-01 01:38:37,22.6,54.0,7.1,4.2,0.7,7.1,39,123,162,104,267,371,False,False,False,False,False,False
2000-01-01 01:38:39,22.6,54.0,6.8,4.1,0.7,6.8,47,115,162,104,267,371,False,False,False,False,False,False
2000-01-01 01:38:41,22.5,54.0,7.6,4.4,0.7,7.6,23,138,162,104,267,371,False,False,False,False,False,False
2000-01-01 01:38:43,22.5,54.0,6.2,3.7,0.7,6.2,32,130,162,104,267,371,False,False,False,False,False,False
2000-01-01 01:38:45,22.5,54.0,6.8,4.1,0.7,6.8,40,122,162,104,267,371,False,False,False,False,False,False
2000-01-01 01:38:47,22.6,54.0,7.0,4.1,0.7,7.0,48,114,162,104,267,371,False,False,False,False,False,False
2000-01-01 01:38:49,22.5,53.9,6.9,4.1,0.7,6.9,24,138,162,104,267,371,False,False,False,False,False,False
2000-01-01 01:38:51,22.5,53.9,6.8,4.1,0.7,6.8,32,129,162,104,267,371,False,False,False,False,False,False
2000-01-01 01:38:53,22.6,54.0,6.8,4.1,0.7,6.8,41,121,162,104,267,371,False,False,False,False,False,False
2000-01-01 01:38:55,22.6,54.0,6.8,4.1,0.7,6.8,49,113,162,104,267,371,False,False,False,False,False,False
2000-01-01 01:38:57,22.6,54.0,7.2,4.3,0.7,7.2,25,137,162,104,267,371,False,False,False,False,False,False
2000-01-01 01:38:59,22.6,54.0,6.8,4.1,0.7,6.8,33,128,162,104,267,371,False,False,False,False,False,False
2000-01-01 01:39:01,22.5,54.0,6.8,4.1,0.7,6.8,42,120,162,104,267,371,False,False,False,False,False,False
2000-01-01 01:39:03,22.6,54.0,6.8,4.1,0.7,6.8,50,112,162,104,267,371,False,False,False,False,False,False
2000-01-01 01:39:05,22.6,54.0,6.9,4.1,0.7,6.9,27,135,162,104,267,371,False,False,False,False,False,False
2000-01-01 01:39:07,22.5,54.0,7.1,4.2,0.7,7.1,35,127,162,104,267,371,False,False,False,False,False,False
2000-01-01 01:39:09,22.6,54.0,6.8,4.1,0.7,6.8,43,118,162,104,267,371,False,False,False,False,False,False
2000-01-01 01:39:11,22.5,54.0,6.8,4.1,0.7,6.8,52,110,162,104,267,371,False,False,False,False,False,False
2000-01-01 01:39:13,22.6,54.0,6.9,4.1,0.7,6.9,29,133,162,104,267,371,False,False,False,False,False,False
2000-01-01 01:39:15,22.5,54.0,7.1,4.2,0.7,7.1,37,125,162,104,267,371,False,False,False,False,False,False
2000-01-01 01:39:17,22.5,53.9,6.8,4.1,0.7,6.8,45,116,162,104,267,371,False,False,False,False,False,False
2000-01-01 01:39:19,22.5,54.0,7.3,4.3,0.7,7.3,54,108,162,104,267,371,False,False,False,False,False,False
2000-01-01 01:39:21,22.6,54.0,6.9,4.1,0.7,6.9,30,131,162,104,267,371,False,False,False,False,False,False
2000-01-01 01:39:23,22.5,54.0,6.8,4.1,0.7,6.8,39,123,162,104,267,371,False,False,False,False,False,False
2000-01-01 01:39:25,22.6,54.0,7.1,4.2,0.7,7.1,47,115,162,104,267,371,False,False,False,False,False,False
2000-01-01 01:39:27,22.5,53.9,7.5,4.4,0.7,7.5,23,138,162,104,267,371,False,False,False,False,False,False
2000-01-01 01:39:29,22.5,54.0,6.2,3.7,0.7,6.2,32,130,162,104,267,371,False,False,False,False,False,False
2000-01-01 01:39:31,22.5,54.0,6.8,4.1,0.7,6.8,40,122,162,104,267,371,False,False,False,False,False,False
2000-01-01 01:39:33,22.5,54.0,6.8,4.1,0.7,6.8,48,114,162,104,267,371,False,False,False,False,False,False
2000-01-01 01:39:35,22.5,54.0,7.2,4.3,0.7,7.2,24,138,162,104,267,371,False,False,False,False,False,False
2000-01-01 01:39:37,22.5,54.0,6.8,4.1,0.7,6.8,32,129,162,104,267,371,False,False,False,False,False,False
2000-01-01 01:39:39,22.5,54.0,6.8,4.1,0.7,6.8,41,121,162,104,267,371,False,False,False,False,False,False
2000-01-01 01:39:41,22.5,53.9,6.8,4.1,0.7,6.8,49,113,162,104,267,371,False,False,False,False,False,False
2000-01-01 01:39:43,22.5,54.0,6.9,4.1,0.7,6.9,25,137,162,104,267,371,False,False,False,False,False,False
2000-01-01 01:39:45,22.6,54.0,7.1,4.2,0.7,7.1,33,128,162,104,267,371,False,False,False,False,False,False
2000-01-01 01:39:47,22.6,54.0,6.8,4.1,0.7,6.8,42,120,162,104,267,371,False,False,False,False,False,False
2000-01-01 01:39:49,22.6,54.0,7.6,4.5,0.7,7.6,50,112,162,104,267,371,False,False,False,False,False,False
2000-01-01 01:39:51,22.5,54.0,6.9,4.1,0.7,6.9,27,135,162,104,267,371,False,False,False,False,False,False
2000-01-01 01:39:53,22.5,54.0,6.8,4.1,0.7,6.8,35,127,162,104,267,371,False,False,False,False,False,False
2000-01-01 01:39:55,22.5,54.0,7.1,4.2,0.7,7.1,43,118,162,104,267,371,False,False,False,False,False,False
2000-01-01 01:39:57,22.6,54.0,6.8,4.1,0.7,6.8,52,110,162,104,267,371,False,False,False,False,False,False
2000-01-01 01:39:59,22.5,54.0,6.9,4.1,0.7,6.9,29,133,162,104,267,371,False,False,False,False,False,False
2000-01-01 01:40:01,22.6,54.0,6.8,4.1,0.7,6.8,37,125,162,104,267,371,False,False,False,False,False,False
2000-01-01 01:40:03,22.5,54.0,6.8,4.1,0.7,6.8,45,116,162,104,267,371,False,False,False,False,False,False
2000-01-01 01:40:05,22.5,54.0,7.1,4.2,0.7,7.1,54,108,162,104,267,371,False,False,False,False,False,False
2000-01-01 01:40:07,22.6,54.0,6.9,4.1,0.7,6.9,30,131,162,104,267,371,False,False,False,False,False,False
2000-01-01 01:40:09,22.5,54.0,6.8,4.1,0.7,6.8,39,123,162,104,267,371,False,False,False,False,False,False
2000-01-01 01:40:11,22.6,54.0,6.8,4.1,0.7,6.8,47,115,162,104,267,371,False,False,False,False,False,False
2000-01-01 01:40:13,22.5,54.0,7.6,4.4,0.7,7.6,23,138,162,104,267,371,False,False,False,False,False,False
2000-01-01 01:40:15,22.5,54.0,6.5,3.9,0.7,6.5,32,130,162,104,267,371,False,False,False,False,False,False
2000-01-01 01:40:17,22.5,54.0,6.8,4.1,0.7,6.8,40,122,162,104,267,371,False,False,False,False,False,False
2000-01-01 01:40:19,22.5,54.0,6.8,4.1,0.7,6.8,48,114,162,104,267,371,False,False,False,False,False,False
2000-01-01 01:40:21,22.5,54.0,6.9,4.1,0.7,6.9,24,138,162,104,267,371,False,False,False,False,False,False
2000-01-01 01:40:23,22.5,54.0,6.8,4.1,0.7,6.8,32,129,162,104,267,371,False,False,False,False,False,False
2000-01-01 01:40:25,22.5,54.0,7.1,4.2,0.7,7.1,41,121,162,104,267,371,False,False,False,False,False,False
2000-01-01 01:40:27,22.5,54.0,7.6,4.5,0.7,7.6,49,113,162,104,267,371,False,False,False,False,False,False
2000-01-01 01:40:29,22.5,54.0,6.9,4.1,0.7,6.9,25,137,162,104,267,371,False,False,False,False,False,False
2000-01-01 01:40:31,22.5,54.0,6.8,4.1,0.7,6.8,33,128,162,104,267,371,False,False,False,False,False,False
2000-01-01 01:40:33,22.5,54.0,7.1,4.2,0.7,7.1,42,120,162,104,267,371,False,False,False,False,False,False
2000-01-01 01:40:35,22.5,54.0,6.8,4.1,0.7,6.8,50,112,162,104,267,371,False,False,False,False,False,False
2000-01-01 01:40:37,22.5,54.0,6.9,4.1,0.7,6.9,27,135,162,104,267,371,False,False,False,False,False,False
2000-01-01 01:40:39,22.5,54.0,6.8,4.1,0.7,6.8,35,127,162,104,267,371,False,False,False,False,False,False
2000-01-01 01:40:41,22.5,54.0,6.8,4.1,0.7,6.8,43,118,162,104,267,371,False,False,False,False,False,False
2000-01-01 01:40:43,22.5,54.0,7.1,4.2,0.7,7.1,52,110,162,104,267,371,False,False,False,False,False,False
2000-01-01 01:40:45,22.5,54.0,6.9,4.1,0.7,6.9,29,133,162,104,267,371,False,False,False,False,False,False
2000-01-01 01:40:47,22.5,53.9,6.8,4.1,0.7,6.8,37,125,162,104,267,371,False,False,False,False,False,False
2000-01-01 01:40:49,22.5,54.0,6.8,4.1,0.7,6.8,45,116,162,104,267,371,False,False,False,False,False,False
2000-01-01 01:40:51,22.5,54.0,6.8,4.1,0.7,6.8,54,108,162,104,267,371,False,False,False,False,False,False
2000-01-01 01:40:53,22.6,54.0,7.2,4.3,0.7,7.2,30,131,162,104,267,371,False,False,False,False,False,False
2000-01-01 01:40:55,22.5,54.0,6.8,4.1,0.7,6.8,39,123,162,104,267,371,False,False,False,False,False,False
2000-01-01 01:40:57,22.5,54.0,6.8,4.1,0.7,6.8,47,115,162,104,267,371,False,False,False,False,False,False
2000-01-01 01:40:59,22.5,54.0,7.6,4.4,0.7,7.6,23,138,162,104,267,371,False,False,False,False,False,False
2000-01-01 01:41:01,22.5,54.0,6.2,3.7,0.7,6.2,32,130,162,104,267,371,False,False,False,False,False,False
2000-01-01 01:41:03,22.5,54.0,7.1,4.2,0.7,7.1,40,122,162,104,267,371,False,False,False,False,False,False
2000-01-01 01:41:05,22.6,54.0,6.8,4.1,0.7,6.8,48,114,162,104,267,371,False,False,False,False,False,False
2000-01-01 01:41:07,22.6,54.0,6.9,4.1,0.7,6.9,24,138,162,104,267,371,False,False,False,False,False,False
2000-01-01 01:41:09,22.5,54.0,7.3,4.3,0.7,7.3,32,129,162,104,267,371,False,False,False,False,False,False
2000-01-01 01:41:11,22.5,54.0,6.8,4.1,0.7,6.8,41,121,162,104,267,371,False,False,False,False,False,False
2000-01-01 01:41:13,22.5,53.9,7.1,4.2,0.7,7.1,49,113,162,104,267,371,False,False,False,False,False,False
2000-01-01 01:41:15,22.5,54.0,6.9,4.1,0.7,6.9,25,137,162,104,267,371,False,False,False,False,False,False
2000-01-01 01:41:17,22.5,54.0,6.8,4.1,0.7,6.8,33,128,162,104,267,371,False,False,False,False,False,False
2000-01-01 01:41:19,22.5,54.0,6.8,4.1,0.7,6.8,42,120,162,104,267,371,False,False,False,False,False,False
2000-01-01 01:41:21,22.5,54.0,6.8,4.1,0.7,6.8,50,112,162,104,267,371,False,False,False,False,False,False
2000-01-01 01:41:23,22.6,54.0,8.8,5.1,0.7,8.8,27,135,162,104,267,371,False,False,False,False,False,False
2000-01-01 01:41:25,22.6,54.0,6.8,4.1,0.7,6.8,35,127,162,104,267,371,False,False,False,False,False,False
2000-01-01 01:41:27,22.5,54.0,6.8,4.1,0.7,6.8,43,118,162,104,267,371,False,False,False,False,False,False
2000-01-01 01:41:29,22.5,54.0,6.8,4.1,0.7,6.8,52,110,162,104,267,371,False,False,False,False,False,False
2000-01-01 01:41:31,22.5,54.0,6.9,4.1,0.7,6.9,29,133,162,104,267,371,False,False,False,False,False,False
2000-01-01 01:41:33,22.6,54.0,7.1,4.2,0.7,7.1,37,125,162,104,267,371,False,False,False,False,False,False
2000-01-01 01:41:35,22.5,54.0,6.8,4.1,0.7,6.8,45,116,162,104,267,371,False,False,False,False,False,False
2000-01-01 01:41:37,22.6,54.0,6.8,4.1,0.7,6.8,54,108,162,104,267,371,False,False,False,False,False,False
2000-01-01 01:41:39,22.5,54.0,6.9,4.1,0.7,6.9,30,131,162,104,267,371,False,False,False,False,False,False
2000-01-01 01:41:41,22.5,54.0,6.8,4.1,0.7,6.8,39,123,162,104,267,371,False,False,False,False,False,False
2000-01-01 01:41:43,22.5,54.0,7.1,4.2,0.7,7.1,47,115,162,104,267,371,False,False,False,False,False,False
2000-01-01 01:41:45,22.6,54.0,7.5,4.4,0.7,7.5,23,138,162,104,267,371,False,False,False,False,False,False
2000-01-01 01:41:47,22.6,54.0,6.2,3.7,0.7,6.2,32,130,162,104,267,371,False,False,False,False,False,False
2000-01-01 01:41:49,22.5,54.0,6.8,4.1,0.7,6.8,40,122,162,104,267,371,False,False,False,False,False,False
2000-01-01 01:41:51,22.5,53.9,7.1,4.2,0.7,7.1,48,114,162,104,267,371,False,False,False,False,False,False
2000-01-01 01:41:53,22.6,54.0,6.9,4.1,0.7,6.9,24,138,162,104,267,371,False,False,False,False,False,False
2000-01-01 01:41:55,22.5,54.0,6.8,4.1,0.7,6.8,32,129,162,104,267,371,False,False,False,False,False,False
2000-01-01 01:41:57,22.5,54.0,6.8,4.1,0.7,6.8,41,121,162,104,267,371,False,False,False,False,False,False
2000-01-01 01:41:59,22.6,53.9,6.8,4.1,0.7,6.8,49,113,162,104,267,371,False,False,False,False,False,False
2000-01-01 01:42:01,22.5,53.9,7.2,4.3,0.7,7.2,25,137,162,104,267,371,False,False,False,False,False,False
2000-01-01 01:42:03,22.6,54.0,6.8,4.1,0.7,6.8,33,128,162,104,267,371,False,False,False,False,False,False
2000-01-01 01:42:05,22.6,54.0,6.8,4.1,0.7,6.8,42,120,162,104,267,371,False,False,False,False,False,False
2000-01-01 01:42:07,22.6,54.0,6.8,4.1,0.7,6.8,50,112,162,104,267,371,False,False,False,False,False,False
2000-01-01 01:42:09,22.6,54.0,6.9,4.1,0.7,6.9,27,135,162,104,267,371,False,False,False,False,False,False
2000-01-01 01:42:11,22.5,54.0,7.1,4.2,0.7,7.1,35,127,162,104,267,371,False,False,False,False,False,False
2000-01-01 01:42:13,22.6,54.0,6.8,4.1,0.7,6.8,43,118,162,104,267,371,False,False,False,False,False,False
2000-01-01 01:42:15,22.5,54.0,6.8,4.1,0.7,6.8,52,110,162,104,267,371,False,False,False,False,False,False
2000-01-01 01:42:17,22.5,53.9,6.9,4.1,0.7,6.9,29,133,162,104,267,371,False,False,False,False,False,False
2000-01-01 01:42:19,22.6,54.0,6.8,4.1,0.7,6.8,37,125,162,104,267,371,False,False,False,False,False,False
2000-01-01 01:42:21,22.6,54.0,7.1,4.2,0.7,7.1,45,116,162,104,267,371,False,False,False,False,False,False
2000-01-01 01:42:23,22.6,54.0,6.8,4.1,0.7,6.8,54,108,162,104,267,371,False,False,False,False,False,False
2000-01-01 01:42:25,22.6,53.9,6.9,4.1,0.7,6.9,30,131,162,104,267,371,False,False,False,False,False,False
2000-01-01 01:42:27,22.5,54.0,6.8,4.1,0.7,6.8,39,123,162,104,267,371,False,False,False,False,False,False
2000-01-01 01:42:29,22.6,54.0,6.8,4.1,0.7,6.8,47,115,162,104,267,371,False,False,False,False,False,False
2000-01-01 01:42:31,22.6,54.0,7.8,4.6,0.7,7.8,23,138,162,104,267,371,False,False,False,False,False,False
2000-01-01 01:42:33,22.5,54.0,6.2,3.8,0.7,6.2,32,130,162,104,267,371,False,False,False,False,False,False
2000-01-01 01:42:35,22.6,54.0,6.8,4.1,0.7,6.8,40,122,162,104,267,371,False,False,False,False,False,False
2000-01-01 01:42:37,22.6,54.0,6.8,4.1,0.7,6.8,48,114,162,104,267,371,False,False,False,False,False,False
2000-01-01 01:42:39,22.6,54.0,6.9,4.1,0.7,6.9,24,138,162,104,267,371,False,False,False,False,False,False
2000-01-01 01:42:41,22.5,53.9,7.1,4.2,0.7,7.1,32,129,162,104,267,371,False,False,False,False,False,False
2000-01-01 01:42:43,22.6,53.9,6.8,4.1,0.7,6.8,41,121,162,104,267,371,False,False,False,False,False,False
2000-01-01 01:42:45,22.6,53.9,6.8,4.1,0.7,6.8,49,113,162,104,267,371,False,False,False,False,False,False
2000-01-01 01:42:47,22.6,54.0,6.9,4.1,0.7,6.9,25,137,162,104,267,371,False,False,False,False,False,False
2000-01-01 01:42:49,22.5,53.9,6.8,4.1,0.7,6.8,33,128,162,104,267,371,False,False,False,False,False,False
2000-01-01 01:42:51,22.6,53.9,7.1,4.2,0.7,7.1,42,120,162,104,267,371,False,False,False,False,False,False
2000-01-01 01:42:53,22.5,53.9,6.8,4.1,0.7,6.8,50,112,162,104,267,371,False,False,False,False,False,False
2000-01-01 01:42:55,22.6,53.9,6.9,4.1,0.7,6.9,27,135,162,104,267,371,False,False,False,False,False,False
2000-01-01 01:42:57,22.6,53.9,6.8,4.1,0.7,6.8,35,127,162,104,267,371,False,False,False,False,False,False
2000-01-01 01:42:59,22.6,54.0,7.3,4.3,0.7,7.3,43,118,162,104,267,371,False,False,False,False,False,False
2000-01-01 01:43:01,22.6,54.0,7.1,4.2,0.7,7.1,52,110,162,104,267,371,False,False,False,False,False,False
2000-01-01 01:43:03,22.6,54.0,6.9,4.1,0.7,6.9,29,133,162,104,267,371,False,False,False,False,False,False
2000-01-01 01:43:05,22.6,53.9,6.8,4.1,0.7,6.8,37,125,162,104,267,371,False,False,False,False,False,False
2000-01-01 01:43:07,22.5,53.9,6.8,4.1,0.7,6.8,45,116,162,104,267,371,False,False,False,False,False,False
2000-01-01 01:43:09,22.5,54.0,7.1,4.2,0.7,7.1,54,108,162,104,267,371,False,False,False,False,False,False
2000-01-01 01:43:11,22.5,53.9,6.9,4.1,0.7,6.9,30,131,162,104,267,371,False,False,False,False,False,False
2000-01-01 01:43:13,22.5,53.9,6.8,4.1,0.7,6.8,39,123,162,104,267,371,False,False,False,False,False,False
2000-01-01 01:43:15,22.5,53.9,6.8,4.1,0.7,6.8,47,115,162,104,267,371,False,False,False,False,False,False
2000-01-01 01:43:17,22.5,53.9,7.6,4.4,0.7,7.6,23,138,162,104,267,371,False,False,False,False,False,False
2000-01-01 01:43:19,22.6,54.0,6.5,3.9,0.7,6.5,32,130,162,104,267,371,False,False,False,False,False,False
2000-01-01 01:43:21,22.5,53.9,6.8,4.1,0.7,6.8,40,122,162,104,267,371,False,False,False,False,False,False
2000-01-01 01:43:23,22.6,53.9,6.8,4.1,0.7,6.8,48,114,162,104,267,371,False,False,False,False,False,False
2000-01-01 01:43:25,22.5,53.9,6.9,4.1,0.7,6.9,24,138,162,104,267,371,False,False,False,False,False,False
2000-01-01 01:43:27,22.5,53.9,6.8,4.1,0.7,6.8,32,129,162,104,267,371,False,False,False,False,False,False
2000-01-01 01:43:29,22.5,53.9,7.1,4.2,0.7,7.1,41,121,162,104,267,371,False,False,False,False,False,False
2000-01-01 01:43:31,22.5,53.9,6.8,4.1,0.7,6.8,49,113,162,104,267,371,False,False,False,False,False,False
2000-01-01 01:43:33,22.5,53.9,6.9,4.1,0.7,6.9,25,137,162,104,267,371,False,False,False,False,False,False
2000-01-01 01:43:35,22.5,54.0,6.8,4.1,0.7,6.8,33,128,162,104,267,371,False,False,False,False,False,False
2000-01-01 01:43:37,22.5,53.9,6.8,4.1,0.7,6.8,42,120,162,104,267,371,False,False,False,False,False,False
2000-01-01 01:43:39,22.6,54.0,7.1,4.2,0.7,7.1,50,112,162,104,267,371,False,False,False,False,False,False
2000-01-01 01:43:41,22.5,53.9,6.9,4.1,0.7,6.9,27,135,162,104,267,371,False,False,False,False,False,False
2000-01-01 01:43:43,22.5,53.9,6.8,4.1,0.7,6.8,35,127,162,104,267,371,False,False,False,False,False,False
2000-01-01 01:43:45,22.5,54.0,6.8,4.1,0.7,6.8,43,118,162,104,267,371,False,False,False,False,False,False
2000-01-01 01:43:47,22.5,54.0,7.6,4.5,0.7,7.6,52,110,162,104,267,371,False,False,False,False,False,False
2000-01-01 01:43:49,22.5,54.0,7.2,4.3,0.7,7.2,29,133,162,104,267,371,False,False,False,False,False,False
2000-01-01 01:43:51,22.5,54.0,6.8,4.1,0.7,6.8,37,125,162,104,267,371,False,False,False,False,False,False
2000-01-01 01:43:53,22.5,53.9,6.8,4.1,0.7,6.8,45,116,162,104,267,371,False,False,False,False,False,False
2000-01-01 01:43:55,22.6,54.0,6.8,4.1,0.7,6.8,54,108,162,104,267,371,False,False,False,False,False,False
2000-01-01 01:43:57,22.5,53.9,6.9,4.1,0.7,6.9,30,131,162,104,267,371,False,False,False,False,False,False
2000-01-01 01:43:59,22.5,54.0,11.0,6.2,0.7,11.0,39,123,162,104,267,371,False,False,False,False,False,False
2000-01-01 01:44:01,22.5,54.0,6.8,4.1,0.7,6.8,47,115,162,104,267,371,False,False,False,False,False,False
2000-01-01 01:44:03,22.5,54.0,7.6,4.4,0.7,7.6,23,138,162,104,267,371,False,False,False,False,False,False
2000-01-01 01:44:05,22.6,54.0,6.2,3.7,0.7,6.2,32,130,162,104,267,371,False,False,False,False,False,False
2000-01-01 01:44:07,22.5,53.9,6.8,4.1,0.7,6.8,40,122,162,104,267,371,False,False,False,False,False,False
2000-01-01 01:44:09,22.5,53.9,7.1,4.2,0.7,7.1,48,114,162,104,267,371,False,False,False,False,False,False
2000-01-01 01:44:11,22.5,54.0,6.9,4.1,0.7,6.9,24,138,162,104,267,371,False,False,False,False,False,False
2000-01-01 01:44:13,22.6,54.0,6.8,4.1,0.7,6.8,32,129,162,104,267,371,False,False,False,False,False,False
2000-01-01 01:44:15,22.5,54.0,6.8,4.1,0.7,6.8,41,121,162,104,267,371,False,False,False,False,False,False
2000-01-01 01:44:17,22.5,53.9,6.8,4.1,0.7,6.8,49,113,162,104,267,371,False,False,False,False,False,False
2000-01-01 01:44:19,22.6,54.0,7.2,4.3,0.7,7.2,26,135,162,104,267,371,False,False,False,False,False,False
2000-01-01 01:44:21,22.5,54.0,6.8,4.1,0.7,6.8,35,127,162,104,267,371,False,False,False,False,False,False
2000-01-01 01:44:23,22.5,53.9,6.8,4.1,0.7,6.8,43,119,162,104,267,371,False,False,False,False,False,False
2000-01-01 01:44:25,22.5,54.0,7.6,4.5,0.7,7.6,51,111,162,104,267,371,False,False,False,False,False,False
2000-01-01 01:44:27,22.5,54.0,7.2,4.3,0.7,7.2,30,132,162,104,267,371,False,False,False,False,False,False
2000-01-01 01:44:29,22.6,54.0,6.8,4.1,0.7,6.8,38,124,162,104,267,371,False,False,False,False,False,False
2000-01-01 01:44:31,22.5,53.9,6.8,4.1,0.7,6.8,46,115,162,104,267,371,False,False,False,False,False,False
2000-01-01 01:44:33,22.6,54.0,6.8,4.1,0.7,6.8,23,138,162,104,267,371,False,False,False,False,False,False
2000-01-01 01:44:35,22.5,54.0,6.9,4.1,0.7,6.9,32,130,162,104,267,371,False,False,False,False,False,False
2000-01-01 01:44:37,22.5,53.9,7.1,4.2,0.7,7.1,40,122,162,104,267,371,False,False,False,False,False,False
2000-01-01 01:44:39,22.5,53.9,6.8,4.1,0.7,6.8,48,113,162,104,267,371,False,False,False,False,False,False
2000-01-01 01:44:41,22.6,54.0,6.9,4.1,0.7,6.9,24,137,162,104,267,371,False,False,False,False,False,False
2000-01-01 01:44:43,22.5,53.9,6.8,4.1,0.7,6.8,33,129,162,104,267,371,False,False,False,False,False,False
2000-01-01 01:44:45,22.5,53.9,6.8,4.1,0.7,6.8,41,121,162,104,267,371,False,False,False,False,False,False
2000-01-01 01:44:47,22.6,53.9,7.1,4.2,0.7,7.1,49,113,162,104,267,371,False,False,False,False,False,False
2000-01-01 01:44:49,22.6,53.9,7.5,4.4,0.7,7.5,25,137,162,104,267,371,False,False,False,False,False,False
2000-01-01 01:44:51,22.6,53.9,6.8,4.1,0.7,6.8,33,128,162,104,267,371,False,False,False,False,False,False
2000-01-01 01:44:53,22.6,53.9,6.8,4.1,0.7,6.8,42,120,162,104,267,371,False,False,False,False,False,False
2000-01-01 01:44:55,22.5,53.8,6.8,4.1,0.7,6.8,50,112,162,104,267,371,False,False,False,False,False,False
2000-01-01 01:44:57,22.6,54.0,7.2,4.3,0.7,7.2,27,135,162,104,267,371,False,False,False,False,False,False
2000-01-01 01:44:59,22.6,53.9,6.8,4.1,0.7,6.8,35,127,162,104,267,371,False,False,False,False,False,False
2000-01-01 01:45:01,22.6,54.0,6.8,4.1,0.7,6.8,43,118,162,104,267,371,False,False,False,False,False,False
2000-01-01 01:45:03,22.6,54.0,6.8,4.1,0.7,6.8,52,110,162,104,267,371,False,False,False,False,False,False
2000-01-01 01:45:05,22.5,53.9,6.9,4.1,0.7,6.9,29,133,162,104,267,371,False,False,False,False,False,False
2000-01-01 01:45:07,22.5,53.9,7.1,4.2,0.7,7.1,37,125,162,104,267,371,False,False,False,False,False,False
2000-01-01 01:45:09,22.5,53.9,6.8,4.1,0.7,6.8,45,116,162,104,267,371,False,False,False,False,False,False
2000-01-01 01:45:11,22.6,53.9,6.8,4.1,0.7,6.8,54,108,162,104,267,371,False,False,False,False,False,False
2000-01-01 01:45:13,22.6,53.9,6.9,4.1,0.7,6.9,30,131,162,104,267,371,False,False,False,False,False,False
2000-01-01 01:45:15,22.6,53.8,6.8,4.1,0.7,6.8,39,123,162,104,267,371,False,False,False,False,False,False
2000-01-01 01:45:17,22.6,53.9,7.1,4.2,0.7,7.1,47,115,162,104,267,371,False,False,False,False,False,False
2000-01-01 01:45:19,22.6,53.8,7.6,4.4,0.7,7.6,23,138,162,104,267,371,False,False,False,False,False,False
2000-01-01 01:45:21,22.6,53.9,6.2,3.8,0.7,6.2,32,130,162,104,267,371,False,False,False,False,False,False
2000-01-01 01:45:23,22.6,53.9,6.8,4.1,0.7,6.8,40,122,162,104,267,371,False,False,False,False,False,False
2000-01-01 01:45:25,22.6,53.9,6.8,4.1,0.7,6.8,48,114,162,104,267,371,False,False,False,False,False,False
2000-01-01 01:45:27,22.6,53.9,7.2,4.3,0.7,7.2,24,138,162,104,267,371,False,False,False,False,False,False
2000-01-01 01:45:29,22.6,53.9,6.8,4.1,0.7,6.8,32,129,162,104,267,371,False,False,False,False,False,False
2000-01-01 01:45:31,22.5,53.9,6.8,4.1,0.7,6.8,41,121,162,104,267,371,False,False,False,False,False,False
2000-01-01 01:45:33,22.6,53.9,6.8,4.1,0.7,6.8,49,113,162,104,267,371,False,False,False,False,False,False
2000-01-01 01:45:35,22.6,53.9,6.9,4.1,0.7,6.9,25,137,162,104,267,371,False,False,False,False,False,False
2000-01-01 01:45:37,22.6,53.9,7.1,4.2,0.7,7.1,33,128,162,104,267,371,False,False,False,False,False,False
2000-01-01 01:45:39,22.6,53.9,6.8,4.1,0.7,6.8,42,120,162,104,267,371,False,False,False,False,False,False
2000-01-01 01:45:41,22.6,53.9,6.8,4.1,0.7,6.8,50,112,162,104,267,371,False,False,False,False,False,False
2000-01-01 01:45:43,22.5,53.9,6.9,4.1,0.7,6.9,27,135,162,104,267,371,False,False,False,False,False,False
2000-01-01 01:45:45,22.6,53.9,7.1,4.2,0.7,7.1,35,127,162,104,267,371,False,False,False,False,False,False
2000-01-01 01:45:47,22.6,53.9,6.8,4.1,0.7,6.8,43,118,162,104,267,371,False,False,False,False,False,False
2000-01-01 01:45:49,22.6,53.9,6.8,4.1,0.7,6.8,52,110,162,104,267,371,False,False,False,False,False,False
2000-01-01 01:45:51,22.5,53.9,6.9,4.1,0.7,6.9,29,133,162,104,267,371,False,False,False,False,False,False
2000-01-01 01:45:53,22.6,53.9,6.8,4.1,0.7,6.8,37,125,162,104,267,371,False,False,False,False,False,False
2000-01-01 01:45:55,22.6,53.8,7.1,4.2,0.7,7.1,45,116,162,104,267,371,False,False,False,False,False,False
2000-01-01 01:45:57,22.6,53.9,6.8,4.1,0.7,6.8,54,108,162,104,267,371,False,False,False,False,False,False
2000-01-01 01:45:59,22.6,53.9,6.9,4.1,0.7,6.9,30,131,162,104,267,371,False,False,False,False,False,False
2000-01-01 01:46:01,22.6,53.9,6.9,4.1,0.7,6.9,39,123,162,104,267,371,False,False,False,False,False,False
2000-01-01 01:46:03,22.6,53.9,6.8,4.1,0.7,6.8,47,115,162,104,267,371,False,False,False,False,False,False
2000-01-01 01:46:05,22.6,53.9,7.9,4.6,0.7,7.9,23,138,162,104,267,371,False,False,False,False,False,False
2000-01-01 01:46:07,22.6,53.9,6.2,3.7,0.7,6.2,32,130,162,104,267,371,False,False,False,False,False,False
2000-01-01 01:46:09,22.6,53.8,6.8,4.1,0.7,6.8,40,122,162,104,267,371,False,False,False,False,False,False
2000-01-01 01:46:11,22.6,53.9,6.8,4.1,0.7,6.8,48,114,162,104,267,371,False,False,False,False,False,False
2000-01-01 01:46:13,22.6,53.9,6.9,4.1,0.7,6.9,24,138,162,104,267,371,False,False,False,False,False,False
2000-01-01 01:46:15,22.6,53.9,7.1,4.2,0.7,7.1,32,129,162,104,267,371,False,False,False,False,False,False
2000-01-01 01:46:17,22.6,53.9,6.8,4.1,0.7,6.8,41,121,162,104,267,371,False,False,False,False,False,False
2000-01-01 01:46:19,22.6,53.9,6.8,4.1,0.7,6.8,49,113,162,104,267,371,False,False,False,False,False,False
2000-01-01 01:46:21,22.6,53.9,6.9,4.1,0.7,6.9,25,137,162,104,267,371,False,False,False,False,False,False
2000-01-01 01:46:23,22.6,53.9,6.8,4.1,0.7,6.8,33,128,162,104,267,371,False,False,False,False,False,False
2000-01-01 01:46:25,22.6,53.9,7.1,4.2,0.7,7.1,42,120,162,104,267,371,False,False,False,False,False,False
2000-01-01 01:46:27,22.6,53.9,6.8,4.1,0.7,6.8,50,112,162,104,267,371,False,False,False,False,False,False
2000-01-01 01:46:29,22.6,53.9,6.9,4.1,0.7,6.9,27,135,162,104,267,371,False,False,False,False,False,False
2000-01-01 01:46:31,22.6,53.8,6.8,4.1,0.7,6.8,35,127,162,104,267,371,False,False,False,False,False,False
2000-01-01 01:46:33,22.6,53.9,6.8,4.1,0.7,6.8,43,118,162,104,267,371,False,False,False,False,False,False
2000-01-01 01:46:35,22.6,53.8,7.1,4.2,0.7,7.1,52,110,162,104,267,371,False,False,False,False,False,False
2000-01-01 01:46:37,22.6,53.9,6.9,4.1,0.7,6.9,29,133,162,104,267,371,False,False,False,False,False,False
2000-01-01 01:46:39,22.6,53.9,7.4,4.3,0.7,7.4,37,125,162,104,267,371,False,False,False,False,False,False
2000-01-01 01:46:41,22.6,53.8,6.8,4.1,0.7,6.8,45,116,162,104,267,371,False,False,False,False,False,False
2000-01-01 01:46:43,22.6,53.9,6.8,4.1,0.7,6.8,54,108,162,104,267,371,False,False,False,False,False,False
2000-01-01 01:46:45,22.5,53.8,7.2,4.3,0.7,7.2,30,131,162,104,267,371,False,False,False,False,False,False
2000-01-01 01:46:47,22.6,53.9,6.8,4.1,0.7,6.8,39,123,162,104,267,371,False,False,False,False,False,False
2000-01-01 01:46:49,22.5,53.9,6.8,4.1,0.7,6.8,47,115,162,104,267,371,False,False,False,False,False,False
2000-01-01 01:46:51,22.6,53.8,7.6,4.5,0.7,7.6,23,138,162,104,267,371,False,False,False,False,False,False
2000-01-01 01:46:53,22.6,53.8,6.2,3.8,0.7,6.2,32,130,162,104,267,371,False,False,False,False,False,False
2000-01-01 01:46:55,22.5,53.9,7.1,4.2,0.7,7.1,40,122,162,104,267,371,False,False,False,False,False,False
2000-01-01 01:46:57,22.5,54.0,6.8,4.1,0.7,6.8,48,114,162,104,267,371,False,False,False,False,False,False
2000-01-01 01:46:59,22.5,53.9,6.9,4.1,0.7,6.9,24,138,162,104,267,371,False,False,False,False,False,False
2000-01-01 01:47:01,22.5,53.9,6.8,4.1,0.7,6.8,32,129,162,104,267,371,False,False,False,False,False,False
2000-01-01 01:47:03,22.5,53.9,6.8,4.1,0.7,6.8,41,121,162,104,267,371,False,False,False,False,False,False
2000-01-01 01:47:05,22.5,53.9,6.9,4.1,0.7,6.9,49,113,162,104,267,371,False,False,False,False,False,False
2000-01-01 01:47:07,22.5,53.9,6.9,4.1,0.7,6.9,25,136,162,104,267,371,False,False,False,False,False,False
2000-01-01 01:47:09,22.5,53.9,6.8,4.1,0.7,6.8,34,128,162,104,267,371,False,False,False,False,False,False
2000-01-01 01:47:11,22.5,53.9,6.8,4.1,0.7,6.8,42,120,162,104,267,371,False,False,False,False,False,False
2000-01-01 01:47:13,22.5,53.9,7.1,4.2,0.7,7.1,50,112,162,104,267,371,False,False,False,False,False,False
2000-01-01 01:47:15,22.5,53.9,6.9,4.1,0.7,6.9,27,135,162,104,267,371,False,False,False,False,False,False
2000-01-01 01:47:17,22.5,53.9,6.8,4.1,0.7,6.8,35,127,162,104,267,371,False,False,False,False,False,False
2000-01-01 01:47:19,22.5,53.9,6.8,4.1,0.7,6.8,43,118,162,104,267,371,False,False,False,False,False,False
2000-01-01 01:47:21,22.5,53.9,6.8,4.1,0.7,6.8,52,110,162,104,267,371,False,False,False,False,False,False
2000-01-01 01:47:23,22.5,53.9,7.2,4.3,0.7,7.2,29,133,162,104,267,371,False,False,False,False,False,False
2000-01-01 01:47:25,22.5,54.0,6.8,4.1,0.7,6.8,37,125,162,104,267,371,False,False,False,False,False,False
2000-01-01 01:47:27,22.5,53.9,6.8,4.1,0.7,6.8,45,116,162,104,267,371,False,False,False,False,False,False
2000-01-01 01:47:29,22.5,54.0,6.8,4.1,0.7,6.8,54,108,162,104,267,371,False,False,False,False,False,False
2000-01-01 01:47:31,22.5,54.0,6.9,4.1,0.7,6.9,30,131,162,104,267,371,False,False,False,False,False,False
2000-01-01 01:47:33,22.5,54.0,7.1,4.2,0.7,7.1,39,123,162,104,267,371,False,False,False,False,False,False
2000-01-01 01:47:35,22.5,53.9,6.8,4.1,0.7,6.8,47,115,162,104,267,371,False,False,False,False,False,False
2000-01-01 01:47:37,22.5,53.9,7.6,4.4,0.7,7.6,23,138,162,104,267,371,False,False,False,False,False,False
2000-01-01 01:47:39,22.5,53.9,6.2,3.7,0.7,6.2,32,130,162,104,267,371,False,False,False,False,False,False
2000-01-01 01:47:41,22.5,54.0,6.8,4.1,0.7,6.8,40,122,162,104,267,371,False,False,False,False,False,False
2000-01-01 01:47:43,22.5,53.9,7.1,4.2,0.7,7.1,48,114,162,104,267,371,False,False,False,False,False,False
2000-01-01 01:47:45,22.5,54.0,6.9,4.1,0.7,6.9,24,138,162,104,267,371,False,False,False,False,False,False
2000-01-01 01:47:47,22.5,54.0,7.6,4.5,0.7,7.6,32,129,162,104,267,371,False,False,False,False,False,False
2000-01-01 01:47:49,22.5,53.9,6.8,4.1,0.7,6.8,41,121,162,104,267,371,False,False,False,False,False,False
2000-01-01 01:47:51,22.5,54.0,6.8,4.1,0.7,6.8,49,113,162,104,267,371,False,False,False,False,False,False
2000-01-01 01:47:53,22.5,53.9,7.2,4.3,0.7,7.2,25,137,162,104,267,371,False,False,False,False,False,False
2000-01-01 01:47:55,22.5,53.9,6.8,4.1,0.7,6.8,33,128,162,104,267,371,False,False,False,False,False,False
2000-01-01 01:47:57,22.5,54.0,6.8,4.1,0.7,6.8,42,120,162,104,267,371,False,False,False,False,False,False
2000-01-01 01:47:59,22.5,54.0,6.8,4.1,0.7,6.8,50,112,162,104,267,371,False,False,False,False,False,False
2000-01-01 01:48:01,22.5,54.0,6.9,4.1,0.7,6.9,27,135,162,104,267,371,False,False,False,False,False,False
2000-01-01 01:48:03,22.5,53.9,7.1,4.2,0.7,7.1,35,127,162,104,267,371,False,False,False,False,False,False
2000-01-01 01:48:05,22.5,54.0,6.8,4.1,0.7,6.8,43,118,162,104,267,371,False,False,False,False,False,False
2000-01-01 01:48:07,22.5,54.0,6.8,4.1,0.7,6.8,52,110,162,104,267,371,False,False,False,False,False,False
2000-01-01 01:48:09,22.5,54.0,6.9,4.1,0.7,6.9,29,133,162,104,267,371,False,False,False,False,False,False
2000-01-01 01:48:11,22.5,54.0,6.8,4.1,0.7,6.8,37,125,162,104,267,371,False,False,False,False,False,False
2000-01-01 01:48:13,22.5,54.0,7.1,4.2,0.7,7.1,45,116,162,104,267,371,False,False,False,False,False,False
2000-01-01 01:48:15,22.5,54.0,6.8,4.1,0.7,6.8,54,108,162,104,267,371,False,False,False,False,False,False
2000-01-01 01:48:17,22.5,54.0,6.9,4.1,0.7,6.9,30,131,162,104,267,371,False,False,False,False,False,False
2000-01-01 01:48:19,22.5,54.0,6.8,4.1,0.7,6.8,39,123,162,104,267,371,False,False,False,False,False,False
2000-01-01 01:48:21,22.5,54.0,6.8,4.1,0.7,6.8,47,115,162,104,267,371,False,False,False,False,False,False
2000-01-01 01:48:23,22.5,54.1,8.6,5.0,0.7,8.6,23,138,162,104,267,371,False,False,False,False,False,False
2000-01-01 01:48:25,22.5,54.1,6.2,3.7,0.7,6.2,32,130,162,104,267,371,False,False,False,False,False,False
2000-01-01 01:48:27,22.5,54.0,6.8,4.1,0.7,6.8,40,122,162,104,267,371,False,False,False,False,False,False
2000-01-01 01:48:29,22.5,54.0,7.3,4.3,0.7,7.3,48,114,162,104,267,371,False,False,False,False,False,False
2000-01-01 01:48:31,22.5,54.0,7.2,4.3,0.7,7.2,24,138,162,104,267,371,False,False,False,False,False,False
2000-01-01 01:48:33,22.5,54.1,6.8,4.1,0.7,6.8,32,129,162,104,267,371,False,False,False,False,False,False
2000-01-01 01:48:35,22.5,54.1,6.8,4.1,0.7,6.8,41,121,162,104,267,371,False,False,False,False,False,False
2000-01-01 01:48:37,22.5,54.0,6.8,4.1,0.7,6.8,49,113,162,104,267,371,False,False,False,False,False,False
2000-01-01 01:48:39,22.5,54.0,6.9,4.1,0.7,6.9,26,135,162,104,267,371,False,False,False,False,False,False
2000-01-01 01:48:41,22.5,54.1,7.1,4.2,0.7,7.1,35,127,162,104,267,371,False,False,False,False,False,False
2000-01-01 01:48:43,22.5,54.0,6.8,4.1,0.7,6.8,43,119,162,104,267,371,False,False,False,False,False,False
2000-01-01 01:48:45,22.5,54.0,6.8,4.1,0.7,6.8,51,111,162,104,267,371,False,False,False,False,False,False
2000-01-01 01:48:47,22.5,54.0,6.9,4.1,0.7,6.9,30,132,162,104,267,371,False,False,False,False,False,False
2000-01-01 01:48:49,22.5,54.1,6.8,4.1,0.7,6.8,38,124,162,104,267,371,False,False,False,False,False,False
2000-01-01 01:48:51,22.5,54.1,7.1,4.2,0.7,7.1,46,115,162,104,267,371,False,False,False,False,False,False
2000-01-01 01:48:53,22.5,54.0,6.8,4.1,0.7,6.8,23,138,162,104,267,371,False,False,False,False,False,False
2000-01-01 01:48:55,22.5,54.1,6.9,4.1,0.7,6.9,32,130,162,104,267,371,False,False,False,False,False,False
2000-01-01 01:48:57,22.5,54.1,6.8,4.1,0.7,6.8,40,122,162,104,267,371,False,False,False,False,False,False
2000-01-01 01:48:59,22.5,54.0,6.8,4.1,0.7,6.8,48,113,162,104,267,371,False,False,False,False,False,False
2000-01-01 01:49:01,22.5,54.0,7.2,4.3,0.7,7.2,24,138,162,104,267,371,False,False,False,False,False,False
2000-01-01 01:49:03,22.5,54.0,6.8,4.1,0.7,6.8,32,129,162,104,267,371,False,False,False,False,False,False
2000-01-01 01:49:05,22.5,54.0,6.8,4.1,0.7,6.8,41,121,162,104,267,371,False,False,False,False,False,False
2000-01-01 01:49:07,22.5,54.1,6.8,4.1,0.7,6.8,49,113,162,104,267,371,False,False,False,False,False,False
2000-01-01 01:49:09,22.5,54.0,6.9,4.1,0.7,6.9,25,137,162,104,267,371,False,False,False,False,False,False
2000-01-01 01:49:11,22.5,54.0,7.0,4.2,0.7,7.0,33,128,162,104,267,371,False,False,False,False,False,False
2000-01-01 01:49:13,22.5,54.0,6.8,4.1,0.7,6.8,42,120,162,104,267,371,False,False,False,False,False,False
2000-01-01 01:49:15,22.5,54.0,6.8,4.1,0.7,6.8,50,112,162,104,267,371,False,False,False,False,False,False
2000-01-01 01:49:17,22.5,54.0,6.9,4.1,0.7,6.9,27,135,162,104,267,371,False,False,False,False,False,False
2000-01-01 01:49:19,22.5,54.0,6.8,4.1,0.7,6.8,35,127,162,104,267,371,False,False,False,False,False,False
2000-01-01 01:49:21,22.5,54.0,7.1,4.2,0.7,7.1,43,118,162,104,267,371,False,False,False,False,False,False
2000-01-01 01:49:23,22.5,54.0,6.8,4.1,0.7,6.8,52,110,162,104,267,371,False,False,False,False,False,False
2000-01-01 01:49:25,22.5,54.0,6.9,4.1,0.7,6.9,29,133,162,104,267,371,False,False,False,False,False,False
2000-01-01 01:49:27,22.5,54.1,6.8,4.1,0.7,6.8,37,125,162,104,267,371,False,False,False,False,False,False
2000-01-01 01:49:29,22.5,54.1,6.8,4.1,0.7,6.8,45,116,162,104,267,371,False,False,False,False,False,False
2000-01-01 01:49:31,22.5,54.0,7.1,4.2,0.7,7.1,54,108,162,104,267,371,False,False,False,False,False,False
2000-01-01 01:49:33,22.5,54.0,6.9,4.1,0.7,6.9,30,131,162,104,267,371,False,False,False,False,False,False
2000-01-01 01:49:35,22.5,54.0,6.8,4.1,0.7,6.8,39,123,162,104,267,371,False,False,False,False,False,False
2000-01-01 01:49:37,22.5,54.1,6.8,4.1,0.7,6.8,47,115,162,104,267,371,False,False,False,False,False,False
2000-01-01 01:49:39,22.5,54.1,7.6,4.4,0.7,7.6,23,138,162,104,267,371,False,False,False,False,False,False
2000-01-01 01:49:41,22.5,54.1,6.5,3.9,0.7,6.5,32,130,162,104,267,371,False,False,False,False,False,False
2000-01-01 01:49:43,22.5,54.0,6.8,4.1,0.7,6.8,40,122,162,104,267,371,False,False,False,False,False,False
2000-01-01 01:49:45,22.5,54.0,6.8,4.1,0.7,6.8,48,114,162,104,267,371,False,False,False,False,False,False
2000-01-01 01:49:47,22.5,54.1,6.9,4.1,0.7,6.9,24,138,162,104,267,371,False,False,False,False,False,False
2000-01-01 01:49:49,22.5,54.0,7.1,4.2,0.7,7.1,32,129,162,104,267,371,False,False,False,False,False,False
2000-01-01 01:49:51,22.5,54.0,6.8,4.1,0.7,6.8,41,121,162,104,267,371,False,False,False,False,False,False
2000-01-01 01:49:53,22.5,54.0,6.8,4.1,0.7,6.8,49,113,162,104,267,371,False,False,False,False,False,False
2000-01-01 01:49:55,22.5,54.0,6.9,4.1,0.7,6.9,26,135,162,104,267,371,False,False,False,False,False,False
2000-01-01 01:49:57,22.5,54.1,6.8,4.1,0.7,6.8,35,127,162,104,267,371,False,False,False,False,False,False
2000-01-01 01:49:59,22.5,54.1,7.1,4.2,0.7,7.1,43,119,162,104,267,371,False,False,False,False,False,False
2000-01-01 01:50:01,22.5,54.0,6.8,4.1,0.7,6.8,51,111,162,104,267,371,False,False,False,False,False,False
2000-01-01 01:50:03,22.5,54.1,6.9,4.1,0.7,6.9,30,132,162,104,267,371,False,False,False,False,False,False
2000-01-01 01:50:05,22.5,54.0,6.8,4.1,0.7,6.8,38,124,162,104,267,371,False,False,False,False,False,False
2000-01-01 01:50:07,22.5,54.1,6.8,4.1,0.7,6.8,46,115,162,104,267,371,False,False,False,False,False,False
2000-01-01 01:50:09,22.5,54.0,7.1,4.2,0.7,7.1,23,138,162,104,267,371,False,False,False,False,False,False
2000-01-01 01:50:11,22.5,54.1,6.9,4.1,0.7,6.9,32,130,162,104,267,371,False,False,False,False,False,False
2000-01-01 01:50:13,22.5,54.0,6.8,4.1,0.7,6.8,40,122,162,104,267,371,False,False,False,False,False,False
2000-01-01 01:50:15,22.5,54.0,6.8,4.1,0.7,6.8,48,113,162,104,267,371,False,False,False,False,False,False
2000-01-01 01:50:17,22.5,53.9,6.9,4.1,0.7,6.9,24,138,162,104,267,371,False,False,False,False,False,False
2000-01-01 01:50:19,22.5,54.0,7.1,4.2,0.7,7.1,32,129,162,104,267,371,False,False,False,False,False,False
2000-01-01 01:50:21,22.5,54.0,7.3,4.3,0.7,7.3,41,121,162,104,267,371,False,False,False,False,False,False
2000-01-01 01:50:23,22.5,54.0,6.8,4.1,0.7,6.8,49,113,162,104,267,371,False,False,False,False,False,False
2000-01-01 01:50:25,22.5,54.0,6.9,4.1,0.7,6.9,26,135,162,104,267,371,False,False,False,False,False,False
2000-01-01 01:50:27,22.5,54.0,6.8,4.1,0.7,6.8,35,127,162,104,267,371,False,False,False,False,False,False
2000-01-01 01:50:29,22.5,54.0,7.1,4.2,0.7,7.1,43,119,162,104,267,371,False,False,False,False,False,False
2000-01-01 01:50:31,22.5,54.0,6.8,4.1,0.7,6.8,51,111,162,104,267,371,False,False,False,False,False,False
2000-01-01 01:50:33,22.5,54.1,6.9,4.1,0.7,6.9,30,132,162,104,267,371,False,False,False,False,False,False
2000-01-01 01:50:35,22.5,54.0,6.8,4.1,0.7,6.8,38,124,162,104,267,371,False,False,False,False,False,False
2000-01-01 01:50:37,22.5,54.0,6.8,4.1,0.7,6.8,46,115,162,104,267,371,False,False,False,False,False,False
2000-01-01 01:50:39,22.5,54.1,7.1,4.2,0.7,7.1,23,138,162,104,267,371,False,False,False,False,False,False
2000-01-01 01:50:41,22.5,54.0,6.9,4.1,0.7,6.9,32,130,162,104,267,371,False,False,False,False,False,False
2000-01-01 01:50:43,22.5,54.0,6.8,4.1,0.7,6.8,40,122,162,104,267,371,False,False,False,False,False,False
2000-01-01 01:50:45,22.5,54.0,6.8,4.1,0.7,6.8,48,113,162,104,267,371,False,False,False,False,False,False
2000-01-01 01:50:47,22.5,54.0,6.9,4.1,0.7,6.9,24,138,162,104,267,371,False,False,False,False,False,False
2000-01-01 01:50:49,22.5,54.0,7.1,4.2,0.7,7.1,32,129,162,104,267,371,False,False,False,False,False,False
2000-01-01 01:50:51,22.5,54.0,6.8,4.1,0.7,6.8,41,121,162,104,267,371,False,False,False,False,False,False
2000-01-01 01:50:53,22.5,54.0,6.8,4.1,0.7,6.8,49,113,162,104,267,371,False,False,False,False,False,False
2000-01-01 01:50:55,22.5,54.0,6.9,4.1,0.7,6.9,25,137,162,104,267,371,False,False,False,False,False,False
2000-01-01 01:50:57,22.5,54.0,6.8,4.1,0.7,6.8,33,128,162,104,267,371,False,False,False,False,False,False
2000-01-01 01:50:59,22.5,54.0,7.1,4.2,0.7,7.1,42,120,162,104,267,371,False,False,False,False,False,False
2000-01-01 01:51:01,22.5,54.0,6.8,4.1,0.7,6.8,50,112,162,104,267,371,False,False,False,False,False,False
2000-01-01 01:51:03,22.5,54.0,6.9,4.1,0.7,6.9,27,135,162,104,267,371,False,False,False,False,False,False
2000-01-01 01:51:05,22.5,54.0,6.8,4.1,0.7,6.8,35,127,162,104,267,371,False,False,False,False,False,False
2000-01-01 01:51:07,22.5,54.0,7.1,4.2,0.7,7.1,43,118,162,104,267,371,False,False,False,False,False,False
2000-01-01 01:51:09,22.5,53.9,6.8,4.1,0.7,6.8,52,110,162,104,267,371,False,False,False,False,False,False
2000-01-01 01:51:11,22.5,54.0,6.9,4.1,0.7,6.9,29,133,162,104,267,371,False,False,False,False,False,False
2000-01-01 01:51:13,22.5,54.0,6.8,4.1,0.7,6.8,37,125,162,104,267,371,False,False,False,False,False,False
2000-01-01 01:51:15,22.5,54.0,6.8,4.1,0.7,6.8,45,116,162,104,267,371,False,False,False,False,False,False
2000-01-01 01:51:17,22.5,54.0,7.1,4.2,0.7,7.1,54,108,162,104,267,371,False,False,False,False,False,False
2000-01-01 01:51:19,22.5,54.0,6.9,4.1,0.7,6.9,30,131,162,104,267,371,False,False,False,False,False,False
2000-01-01 01:51:21,22.5,54.0,6.8,4.1,0.7,6.8,39,123,162,104,267,371,False,False,False,False,False,False
2000-01-01 01:51:23,22.5,54.0,6.8,4.1,0.7,6.8,47,115,162,104,267,371,False,False,False,False,False,False
2000-01-01 01:51:25,22.5,54.0,7.6,4.4,0.7,7.6,23,138,162,104,267,371,False,False,False,False,False,False
2000-01-01 01:51:27,22.5,54.0,6.5,3.9,0.7,6.5,32,130,162,104,267,371,False,False,False,False,False,False
2000-01-01 01:51:29,22.5,53.9,6.8,4.1,0.7,6.8,40,122,162,104,267,371,False,False,False,False,False,False
2000-01-01 01:51:31,22.5,54.0,6.8,4.1,0.7,6.8,48,114,162,104,267,371,False,False,False,False,False,False
2000-01-01 01:51:33,22.5,54.0,6.9,4.1,0.7,6.9,24,138,162,104,267,371,False,False,False,False,False,False
2000-01-01 01:51:35,22.5,54.0,6.8,4.1,0.7,6.8,32,129,162,104,267,371,False,False,False,False,False,False
2000-01-01 01:51:37,22.5,54.0,7.1,4.2,0.7,7.1,41,121,162,104,267,371,False,False,False,False,False,False
2000-01-01 01:51:39,22.5,54.0,6.8,4.1,0.7,6.8,49,113,162,104,267,371,False,False,False,False,False,False
2000-01-01 01:51:41,22.5,54.0,6.9,4.1,0.7,6.9,25,137,162,104,267,371,False,False,False,False,False,False
2000-01-01 01:51:43,22.5,54.0,6.8,4.1,0.7,6.8,33,128,162,104,267,371,False,False,False,False,False,False
2000-01-01 01:51:45,22.5,54.0,7.6,4.5,0.7,7.6,42,120,162,104,267,371,False,False,False,False,False,False
2000-01-01 01:51:47,22.5,53.9,7.1,4.2,0.7,7.1,50,112,162,104,267,371,False,False,False,False,False,False
2000-01-01 01:51:49,22.5,54.0,6.9,4.1,0.7,6.9,27,135,162,104,267,371,False,False,False,False,False,False
2000-01-01 01:51:51,22.5,53.9,6.8,4.1,0.7,6.8,35,127,162,104,267,371,False,False,False,False,False,False
2000-01-01 01:51:53,22.5,54.0,6.8,4.1,0.7,6.8,43,118,162,104,267,371,False,False,False,False,False,False
2000-01-01 01:51:55,22.5,53.9,6.8,4.1,0.7,6.8,52,110,162,104,267,371,False,False,False,False,False,False
2000-01-01 01:51:57,22.5,54.0,7.2,4.3,0.7,7.2,29,133,162,104,267,371,False,False,False,False,False,False
2000-01-01 01:51:59,22.5,53.9,6.8,4.1,0.7,6.8,37,125,162,104,267,371,False,False,False,False,False,False
2000-01-01 01:52:01,22.5,54.0,6.8,4.1,0.7,6.8,45,116,162,104,267,371,False,False,False,False,False,False
2000-01-01 01:52:03,22.5,54.0,6.8,4.1,0.7,6.8,54,108,162,104,267,371,False,False,False,False,False,False
2000-01-01 01:52:05,22.5,54.0,6.9,4.1,0.7,6.9,30,131,162,104,267,371,False,False,False,False,False,False
2000-01-01 01:52:07,22.5,53.9,7.2,4.2,0.7,7.2,39,123,162,104,267,371,False,False,False,False,False,False
2000-01-01 01:52:09,22.5,53.9,6.8,4.1,0.7,6.8,47,115,162,104,267,371,False,False,False,False,False,False
2000-01-01 01:52:11,22.5,53.9,8.1,4.7,0.7,8.1,23,138,162,104,267,371,False,False,False,False,False,False
2000-01-01 01:52:13,22.5,54.0,6.2,3.7,0.7,6.2,32,130,162,104,267,371,False,False,False,False,False,False
2000-01-01 01:52:15,22.5,53.9,6.8,4.1,0.7,6.8,40,122,162,104,267,371,False,False,False,False,False,False
2000-01-01 01:52:17,22.5,54.0,7.1,4.2,0.7,7.1,48,114,162,104,267,371,False,False,False,False,False,False
2000-01-01 01:52:19,22.6,54.0,6.9,4.1,0.7,6.9,24,138,162,104,267,371,False,False,False,False,False,False
2000-01-01 01:52:21,22.5,54.0,7.6,4.5,0.7,7.6,32,129,162,104,267,371,False,False,False,False,False,False
2000-01-01 01:52:23,22.5,53.9,6.8,4.1,0.7,6.8,41,121,162,104,267,371,False,False,False,False,False,False
2000-01-01 01:52:25,22.5,54.0,7.1,4.2,0.7,7.1,49,113,162,104,267,371,False,False,False,False,False,False
2000-01-01 01:52:27,22.5,54.0,6.9,4.1,0.7,6.9,25,137,162,104,267,371,False,False,False,False,False,False
2000-01-01 01:52:29,22.5,53.9,6.8,4.1,0.7,6.8,33,128,162,104,267,371,False,False,False,False,False,False
2000-01-01 01:52:31,22.5,54.0,6.8,4.1,0.7,6.8,42,120,162,104,267,371,False,False,False,False,False,False
2000-01-01 01:52:33,22.5,53.9,6.8,4.1,0.7,6.8,50,112,162,104,267,371,False,False,False,False,False,False
2000-01-01 01:52:35,22.5,53.9,7.2,4.3,0.7,7.2,27,135,162,104,267,371,False,False,False,False,False,False
2000-01-01 01:52:37,22.5,54.0,6.8,4.1,0.7,6.8,35,127,162,104,267,371,False,False,False,False,False,False
2000-01-01 01:52:39,22.5,53.9,6.8,4.1,0.7,6.8,43,118,162,104,267,371,False,False,False,False,False,False
2000-01-01 01:52:41,22.5,54.0,6.8,4.1,0.7,6.8,52,110,162,104,267,371,False,False,False,False,False,False
2000-01-01 01:52:43,22.5,53.9,6.9,4.1,0.7,6.9,29,133,162,104,267,371,False,False,False,False,False,False
2000-01-01 01:52:45,22.5,54.0,7.1,4.2,0.7,7.1,37,125,162,104,267,371,False,False,False,False,False,False
2000-01-01 01:52:47,22.5,53.9,6.8,4.1,0.7,6.8,45,116,162,104,267,371,False,False,False,False,False,False
2000-01-01 01:52:49,22.5,54.0,6.8,4.1,0.7,6.8,54,108,162,104,267,371,False,False,False,False,False,False
2000-01-01 01:52:51,22.5,54.0,6.9,4.1,0.7,6.9,30,131,162,104,267,371,False,False,False,False,False,False
2000-01-01 01:52:53,22.5,54.0,6.8,4.1,0.7,6.8,39,123,162,104,267,371,False,False,False,False,False,False
2000-01-01 01:52:55,22.5,54.0,7.1,4.2,0.7,7.1,47,115,162,104,267,371,False,False,False,False,False,False
2000-01-01 01:52:57,22.5,54.0,7.6,4.4,0.7,7.6,23,138,162,104,267,371,False,False,False,False,False,False
2000-01-01 01:52:59,22.5,54.0,6.2,3.8,0.7,6.2,32,130,162,104,267,371,False,False,False,False,False,False
2000-01-01 01:53:01,22.5,53.9,6.8,4.1,0.7,6.8,40,122,162,104,267,371,False,False,False,False,False,False
2000-01-01 01:53:03,22.5,53.9,6.8,4.1,0.7,6.8,48,114,162,104,267,371,False,False,False,False,False,False
2000-01-01 01:53:05,22.5,53.9,7.2,4.3,0.7,7.2,24,138,162,104,267,371,False,False,False,False,False,False
2000-01-01 01:53:07,22.5,53.9,6.8,4.1,0.7,6.8,32,129,162,104,267,371,False,False,False,False,False,False
2000-01-01 01:53:09,22.5,53.9,6.8,4.1,0.7,6.8,41,121,162,104,267,371,False,False,False,False,False,False
2000-01-01 01:53:11,22.5,54.0,6.8,4.1,0.7,6.8,49,113,162,104,267,371,False,False,False,False,False,False
2000-01-01 01:53:13,22.5,54.0,6.9,4.1,0.7,6.9,26,135,162,104,267,371,False,False,False,False,False,False
2000-01-01 01:53:15,22.5,54.0,7.1,4.2,0.7,7.1,35,127,162,104,267,371,False,False,False,False,False,False
2000-01-01 01:53:17,22.5,54.0,6.8,4.1,0.7,6.8,43,119,162,104,267,371,False,False,False,False,False,False
2000-01-01 01:53:19,22.5,54.0,6.8,4.1,0.7,6.8,51,111,162,104,267,371,False,False,False,False,False,False
2000-01-01 01:53:21,22.5,54.0,6.9,4.1,0.7,6.9,30,132,162,104,267,371,False,False,False,False,False,False
2000-01-01 01:53:23,22.5,54.0,6.8,4.1,0.7,6.8,38,124,162,104,267,371,False,False,False,False,False,False
2000-01-01 01:53:25,22.5,54.0,7.1,4.2,0.7,7.1,46,115,162,104,267,371,False,False,False,False,False,False
2000-01-01 01:53:27,22.5,54.0,6.8,4.1,0.7,6.8,23,138,162,104,267,371,False,False,False,False,False,False
2000-01-01 01:53:29,22.5,54.0,6.9,4.1,0.7,6.9,32,130,162,104,267,371,False,False,False,False,False,False
2000-01-01 01:53:31,22.5,54.0,6.8,4.1,0.7,6.8,40,122,162,104,267,371,False,False,False,False,False,False
2000-01-01 01:53:33,22.5,54.0,6.8,4.1,0.7,6.8,48,113,162,104,267,371,False,False,False,False,False,False
2000-01-01 01:53:35,22.5,54.0,7.2,4.3,0.7,7.2,24,138,162,104,267,371,False,False,False,False,False,False
2000-01-01 01:53:37,22.5,53.9,6.8,4.1,0.7,6.8,32,129,162,104,267,371,False,False,False,False,False,False
2000-01-01 01:53:39,22.5,54.0,6.8,4.1,0.7,6.8,41,121,162,104,267,371,False,False,False,False,False,False
2000-01-01 01:53:41,22.5,53.9,6.8,4.1,0.7,6.8,49,113,162,104,267,371,False,False,False,False,False,False
2000-01-01 01:53:43,22.5,54.0,7.2,4.3,0.7,7.2,25,137,162,104,267,371,False,False,False,False,False,False
2000-01-01 01:53:45,22.5,54.0,6.8,4.1,0.7,6.8,33,128,162,104,267,371,False,False,False,False,False,False
2000-01-01 01:53:47,22.5,54.0,6.8,4.1,0.7,6.8,42,120,162,104,267,371,False,False,False,False,False,False
2000-01-01 01:53:49,22.5,54.0,6.8,4.1,0.7,6.8,50,112,162,104,267,371,False,False,False,False,False,False
2000-01-01 01:53:51,22.5,54.0,6.9,4.1,0.7,6.9,27,135,162,104,267,371,False,False,False,False,False,False
2000-01-01 01:53:53,22.5,54.0,7.1,4.2,0.7,7.1,35,127,162,104,267,371,False,False,False,False,False,False
2000-01-01 01:53:55,22.5,54.0,6.8,4.1,0.7,6.8,43,118,162,104,267,371,False,False,False,False,False,False
2000-01-01 01:53:57,22.5,54.0,6.8,4.1,0.7,6.8,52,110,162,104,267,371,False,False,False,False,False,False
2000-01-01 01:53:59,22.5,54.0,6.9,4.1,0.7,6.9,29,133,162,104,267,371,False,False,False,False,False,False
2000-01-01 01:54:01,22.5,54.0,7.4,4.3,0.7,7.4,37,125,162,104,267,371,False,False,False,False,False,False
2000-01-01 01:54:03,22.5,54.0,7.1,4.2,0.7,7.1,45,116,162,104,267,371,False,False,False,False,False,False
2000-01-01 01:54:05,22.5,54.0,6.8,4.1,0.7,6.8,54,108,162,104,267,371,False,False,False,False,False,False
2000-01-01 01:54:07,22.5,54.0,6.9,4.1,0.7,6.9,30,131,162,104,267,371,False,False,False,False,False,False
2000-01-01 01:54:09,22.5,54.0,6.8,4.1,0.7,6.8,39,123,162,104,267,371,False,False,False,False,False,False
2000-01-01 01:54:11,22.5,54.0,6.8,4.1,0.7,6.8,47,115,162,104,267,371,False,False,False,False,False,False
2000-01-01 01:54:13,22.5,54.0,7.9,4.6,0.7,7.9,23,138,162,104,267,371,False,False,False,False,False,False
2000-01-01 01:54:15,22.5,54.0,6.2,3.7,0.7,6.2,32,130,162,104,267,371,False,False,False,False,False,False
2000-01-01 01:54:17,22.5,54.0,6.8,4.1,0.7,6.8,40,122,162,104,267,371,False,False,False,False,False,False
2000-01-01 01:54:19,22.5,54.0,6.8,4.1,0.7,6.8,48,114,162,104,267,371,False,False,False,False,False,False
2000-01-01 01:54:21,22.5,54.0,6.9,4.1,0.7,6.9,24,138,162,104,267,371,False,False,False,False,False,False
2000-01-01 01:54:23,22.5,54.0,7.5,4.4,0.7,7.5,32,129,162,104,267,371,False,False,False,False,False,False
2000-01-01 01:54:25,22.5,54.1,6.8,4.1,0.7,6.8,41,121,162,104,267,371,False,False,False,False,False,False
2000-01-01 01:54:27,22.5,53.9,6.8,4.1,0.7,6.8,49,113,162,104,267,371,False,False,False,False,False,False
2000-01-01 01:54:29,22.5,54.0,6.9,4.1,0.7,6.9,25,136,162,104,267,371,False,False,False,False,False,False
2000-01-01 01:54:31,22.5,54.0,6.8,4.1,0.7,6.8,34,128,162,104,267,371,False,False,False,False,False,False
2000-01-01 01:54:33,22.5,54.0,7.1,4.2,0.7,7.1,42,120,162,104,267,371,False,False,False,False,False,False
2000-01-01 01:54:35,22.5,54.0,6.8,4.1,0.7,6.8,50,112,162,104,267,371,False,False,False,False,False,False
2000-01-01 01:54:37,22.5,54.0,7.0,4.1,0.7,7.0,27,135,162,104,267,371,False,False,False,False,False,False
2000-01-01 01:54:39,22.5,53.9,6.8,4.1,0.7,6.8,35,127,162,104,267,371,False,False,False,False,False,False
2000-01-01 01:54:41,22.5,54.0,6.8,4.1,0.7,6.8,43,118,162,104,267,371,False,False,False,False,False,False
2000-01-01 01:54:43,22.5,54.0,7.1,4.2,0.7,7.1,52,110,162,104,267,371,False,False,False,False,False,False
2000-01-01 01:54:45,22.5,54.0,6.9,4.1,0.7,6.9,29,133,162,104,267,371,False,False,False,False,False,False
2000-01-01 01:54:47,22.5,54.0,6.8,4.1,0.7,6.8,37,125,162,104,267,371,False,False,False,False,False,False
2000-01-01 01:54:49,22.5,53.9,6.8,4.1,0.7,6.8,45,116,162,104,267,371,False,False,False,False,False,False
2000-01-01 01:54:51,22.5,53.9,6.8,4.1,0.7,6.8,54,108,162,104,267,371,False,False,False,False,False,False
2000-01-01 01:54:53,22.5,53.9,7.2,4.3,0.7,7.2,30,131,162,104,267,371,False,False,False,False,False,False
2000-01-01 01:54:55,22.5,54.0,6.9,4.1,0.7,6.9,39,123,162,104,267,371,False,False,False,False,False,False
2000-01-01 01:54:57,22.5,54.0,6.8,4.1,0.7,6.8,47,115,162,104,267,371,False,False,False,False,False,False
2000-01-01 01:54:59,22.5,53.9,7.6,4.5,0.7,7.6,23,138,162,104,267,371,False,False,False,False,False,False
2000-01-01 01:55:01,22.5,53.9,6.5,3.9,0.7,6.5,32,130,162,104,267,371,False,False,False,False,False,False
2000-01-01 01:55:03,22.6,54.0,6.8,4.1,0.7,6.8,40,122,162,104,267,371,False,False,False,False,False,False
2000-01-01 01:55:05,22.5,53.9,6.8,4.1,0.7,6.8,48,114,162,104,267,371,False,False,False,False,False,False
2000-01-01 01:55:07,22.5,53.9,6.9,4.1,0.7,6.9,24,138,162,104,267,371,False,False,False,False,False,False
2000-01-01 01:55:09,22.5,54.0,6.8,4.1,0.7,6.8,32,129,162,104,267,371,False,False,False,False,False,False
2000-01-01 01:55:11,22.5,54.0,7.1,4.2,0.7,7.1,41,121,162,104,267,371,False,False,False,False,False,False
2000-01-01 01:55:13,22.5,53.9,6.8,4.1,0.7,6.8,49,113,162,104,267,371,False,False,False,False,False,False
2000-01-01 01:55:15,22.5,54.0,6.9,4.1,0.7,6.9,25,137,162,104,267,371,False,False,False,False,False,False
2000-01-01 01:55:17,22.5,53.9,6.8,4.1,0.7,6.8,33,128,162,104,267,371,False,False,False,False,False,False
2000-01-01 01:55:19,22.5,54.0,6.8,4.1,0.7,6.8,42,120,162,104,267,371,False,False,False,False,False,False
2000-01-01 01:55:21,22.5,53.9,7.1,4.2,0.7,7.1,50,112,162,104,267,371,False,False,False,False,False,False
2000-01-01 01:55:23,22.5,53.9,6.9,4.1,0.7,6.9,27,135,162,104,267,371,False,False,False,False,False,False
2000-01-01 01:55:25,22.5,54.0,6.8,4.1,0.7,6.8,35,127,162,104,267,371,False,False,False,False,False,False
2000-01-01 01:55:27,22.5,53.9,6.8,4.1,0.7,6.8,43,118,162,104,267,371,False,False,False,False,False,False
2000-01-01 01:55:29,22.5,53.9,6.8,4.1,0.7,6.8,52,110,162,104,267,371,False,False,False,False,False,False
2000-01-01 01:55:31,22.6,54.0,7.2,4.3,0.7,7.2,29,133,162,104,267,371,False,False,False,False,False,False
2000-01-01 01:55:33,22.5,53.9,6.8,4.1,0.7,6.8,37,125,162,104,267,371,False,False,False,False,False,False
2000-01-01 01:55:35,22.5,53.9,6.8,4.1,0.7,6.8,45,116,162,104,267,371,False,False,False,False,False,False
2000-01-01 01:55:37,22.6,53.9,6.8,4.1,0.7,6.8,54,108,162,104,267,371,False,False,False,False,False,False
2000-01-01 01:55:39,22.5,53.9,6.9,4.1,0.7,6.9,30,131,162,104,267,371,False,False,False,False,False,False
2000-01-01 01:55:41,22.5,53.9,7.1,4.2,0.7,7.1,39,123,162,104,267,371,False,False,False,False,False,False
2000-01-01 01:55:43,22.5,53.9,7.6,4.5,0.7,7.6,47,115,162,104,267,371,False,False,False,False,False,False
2000-01-01 01:55:45,22.6,53.9,7.6,4.5,0.7,7.6,23,138,162,104,267,371,False,False,False,False,False,False
2000-01-01 01:55:47,22.5,53.9,6.2,3.7,0.7,6.2,32,130,162,104,267,371,False,False,False,False,False,False
2000-01-01 01:55:49,22.5,53.9,6.8,4.1,0.7,6.8,40,122,162,104,267,371,False,False,False,False,False,False
2000-01-01 01:55:51,22.6,53.9,7.6,4.5,0.7,7.6,48,114,162,104,267,371,False,False,False,False,False,False
2000-01-01 01:55:53,22.5,53.9,6.9,4.1,0.7,6.9,24,138,162,104,267,371,False,False,False,False,False,False
2000-01-01 01:55:55,22.5,53.9,6.8,4.1,0.7,6.8,32,129,162,104,267,371,False,False,False,False,False,False
2000-01-01 01:55:57,22.5,53.9,6.8,4.1,0.7,6.8,41,121,162,104,267,371,False,False,False,False,False,False
2000-01-01 01:55:59,22.5,53.9,6.8,4.1,0.7,6.8,49,113,162,104,267,371,False,False,False,False,False,False
2000-01-01 01:56:01,22.5,53.9,7.7,4.5,0.7,7.7,25,137,162,104,267,371,False,False,False,False,False,False
2000-01-01 01:56:03,22.5,53.9,6.8,4.1,0.7,6.8,33,128,162,104,267,371,False,False,False,False,False,False
2000-01-01 01:56:05,22.5,53.9,6.8,4.1,0.7,6.8,42,120,162,104,267,371,False,False,False,False,False,False
2000-01-01 01:56:07,22.5,53.9,6.8,4.1,0.7,6.8,50,112,162,104,267,371,False,False,False,False,False,False
2000-01-01 01:56:09,22.5,53.9,6.9,4.1,0.7,6.9,27,135,162,104,267,371,False,False,False,False,False,False
2000-01-01 01:56:11,22.5,53.9,7.1,4.2,0.7,7.1,35,127,162,104,267,371,False,False,False,False,False,False
2000-01-01 01:56:13,22.5,53.9,6.8,4.1,0.7,6.8,43,118,162,104,267,371,False,False,False,False,False,False
2000-01-01 01:56:15,22.5,53.9,6.8,4.1,0.7,6.8,52,110,162,104,267,371,False,False,False,False,False,False
2000-01-01 01:56:17,22.5,53.9,6.9,4.1,0.7,6.9,29,133,162,104,267,371,False,False,False,False,False,False
2000-01-01 01:56:19,22.5,53.9,7.9,4.6,0.7,7.9,37,125,162,104,267,371,False,False,False,False,False,False
2000-01-01 01:56:21,22.5,53.9,6.8,4.1,0.7,6.8,45,116,162,104,267,371,False,False,False,False,False,False
2000-01-01 01:56:23,22.5,53.9,6.8,4.1,0.7,6.8,54,108,162,104,267,371,False,False,False,False,False,False
2000-01-01 01:56:25,22.5,53.9,6.9,4.1,0.7,6.9,30,131,162,104,267,371,False,False,False,False,False,False
2000-01-01 01:56:27,22.5,53.9,6.8,4.1,0.7,6.8,39,123,162,104,267,371,False,False,False,False,False,False
2000-01-01 01:56:29,22.5,53.9,7.1,4.2,0.7,7.1,47,115,162,104,267,371,False,False,False,False,False,False
2000-01-01 01:56:31,22.5,53.9,7.6,4.4,0.7,7.6,23,138,162,104,267,371,False,False,False,False,False,False
2000-01-01 01:56:33,22.5,53.9,6.2,3.7,0.7,6.2,32,130,162,104,267,371,False,False,False,False,False,False
2000-01-01 01:56:35,22.6,54.0,6.8,4.1,0.7,6.8,40,122,162,104,267,371,False,False,False,False,False,False
2000-01-01 01:56:37,22.5,53.9,6.8,4.1,0.7,6.8,48,114,162,104,267,371,False,False,False,False,False,False
2000-01-01 01:56:39,22.5,53.9,7.2,4.3,0.7,7.2,24,138,162,104,267,371,False,False,False,False,False,False
2000-01-01 01:56:41,22.5,53.9,6.8,4.1,0.7,6.8,32,129,162,104,267,371,False,False,False,False,False,False
2000-01-01 01:56:43,22.5,53.9,6.8,4.1,0.7,6.8,41,121,162,104,267,371,False,False,False,False,False,False
2000-01-01 01:56:45,22.5,53.9,6.8,4.1,0.7,6.8,49,113,162,104,267,371,False,False,False,False,False,False
2000-01-01 01:56:47,22.5,53.9,6.9,4.1,0.7,6.9,25,137,162,104,267,371,False,False,False,False,False,False
2000-01-01 01:56:49,22.5,54.0,7.1,4.2,0.7,7.1,33,128,162,104,267,371,False,False,False,False,False,False
2000-01-01 01:56:51,22.5,53.9,6.8,4.1,0.7,6.8,42,120,162,104,267,371,False,False,False,False,False,False
2000-01-01 01:56:53,22.5,53.9,6.8,4.1,0.7,6.8,50,112,162,104,267,371,False,False,False,False,False,False
2000-01-01 01:56:55,22.5,53.9,6.9,4.1,0.7,6.9,27,135,162,104,267,371,False,False,False,False,False,False
2000-01-01 01:56:57,22.5,54.0,6.8,4.1,0.7,6.8,35,127,162,104,267,371,False,False,False,False,False,False
2000-01-01 01:56:59,22.5,53.9,7.1,4.2,0.7,7.1,43,118,162,104,267,371,False,False,False,False,False,False
2000-01-01 01:57:01,22.5,53.9,6.8,4.1,0.7,6.8,52,110,162,104,267,371,False,False,False,False,False,False
2000-01-01 01:57:03,22.5,53.9,6.9,4.1,0.7,6.9,29,133,162,104,267,371,False,False,False,False,False,False
2000-01-01 01:57:05,22.5,53.9,6.8,4.1,0.7,6.8,37,125,162,104,267,371,False,False,False,False,False,False
2000-01-01 01:57:07,22.5,53.9,6.8,4.1,0.7,6.8,45,116,162,104,267,371,False,False,False,False,False,False
2000-01-01 01:57:09,22.5,53.9,7.1,4.2,0.7,7.1,54,108,162,104,267,371,False,False,False,False,False,False
2000-01-01 01:57:11,22.6,53.9,6.9,4.1,0.7,6.9,30,131,162,104,267,371,False,False,False,False,False,False
2000-01-01 01:57:13,22.5,53.9,6.8,4.1,0.7,6.8,39,123,162,104,267,371,False,False,False,False,False,False
2000-01-01 01:57:15,22.5,53.9,6.8,4.1,0.7,6.8,47,115,162,104,267,371,False,False,False,False,False,False
2000-01-01 01:57:17,22.5,53.9,7.6,4.4,0.7,7.6,23,138,162,104,267,371,False,False,False,False,False,False
2000-01-01 01:57:19,22.5,53.9,6.5,3.9,0.7,6.5,32,130,162,104,267,371,False,False,False,False,False,False
2000-01-01 01:57:21,22.5,53.9,6.8,4.1,0.7,6.8,40,122,162,104,267,371,False,False,False,False,False,False
2000-01-01 01:57:23,22.5,53.9,6.8,4.1,0.7,6.8,48,114,162,104,267,371,False,False,False,False,False,False
2000-01-01 01:57:25,22.5,53.9,6.9,4.1,0.7,6.9,24,138,162,104,267,371,False,False,False,False,False,False
2000-01-01 01:57:27,22.5,53.9,6.8,4.1,0.7,6.8,32,129,162,104,267,371,False,False,False,False,False,False
2000-01-01 01:57:29,22.5,53.9,7.1,4.2,0.7,7.1,41,121,162,104,267,371,False,False,False,False,False,False
2000-01-01 01:57:31,22.5,53.9,6.8,4.1,0.7,6.8,49,113,162,104,267,371,False,False,False,False,False,False
2000-01-01 01:57:33,22.5,53.9,6.9,4.1,0.7,6.9,25,137,162,104,267,371,False,False,False,False,False,False
2000-01-01 01:57:35,22.5,53.9,6.8,4.1,0.7,6.8,33,128,162,104,267,371,False,False,False,False,False,False
2000-01-01 01:57:37,22.5,53.9,8.8,5.1,0.7,8.8,42,120,162,104,267,371,False,False,False,False,False,False
2000-01-01 01:57:39,22.5,53.9,6.8,4.1,0.7,6.8,50,112,162,104,267,371,False,False,False,False,False,False
2000-01-01 01:57:41,22.5,53.9,7.5,4.4,0.7,7.5,27,135,162,104,267,371,False,False,False,False,False,False
2000-01-01 01:57:43,22.5,53.9,6.8,4.1,0.7,6.8,35,127,162,104,267,371,False,False,False,False,False,False
2000-01-01 01:57:45,22.5,53.9,6.8,4.1,0.7,6.8,43,118,162,104,267,371,False,False,False,False,False,False
2000-01-01 01:57:47,22.5,54.0,7.1,4.2,0.7,7.1,52,110,162,104,267,371,False,False,False,False,False,False
2000-01-01 01:57:49,22.5,53.9,6.9,4.1,0.7,6.9,29,133,162,104,267,371,False,False,False,False,False,False
2000-01-01 01:57:51,22.5,53.9,6.8,4.1,0.7,6.8,37,125,162,104,267,371,False,False,False,False,False,False
2000-01-01 01:57:53,22.5,53.9,6.8,4.1,0.7,6.8,45,116,162,104,267,371,False,False,False,False,False,False
2000-01-01 01:57:55,22.5,53.9,6.8,4.1,0.7,6.8,54,108,162,104,267,371,False,False,False,False,False,False
2000-01-01 01:57:57,22.5,53.9,7.2,4.3,0.7,7.2,30,131,162,104,267,371,False,False,False,False,False,False
2000-01-01 01:57:59,22.5,53.9,6.8,4.1,0.7,6.8,39,123,162,104,267,371,False,False,False,False,False,False
2000-01-01 01:58:01,22.5,53.9,6.8,4.1,0.7,6.8,47,115,162,104,267,371,False,False,False,False,False,False
2000-01-01 01:58:03,22.5,54.0,7.6,4.4,0.7,7.6,23,138,162,104,267,371,False,False,False,False,False,False
2000-01-01 01:58:05,22.5,54.0,6.2,3.7,0.7,6.2,32,130,162,104,267,371,False,False,False,False,False,False
2000-01-01 01:58:07,22.5,53.9,7.1,4.2,0.7,7.1,40,122,162,104,267,371,False,False,False,False,False,False
2000-01-01 01:58:09,22.5,53.9,6.8,4.1,0.7,6.8,48,114,162,104,267,371,False,False,False,False,False,False
2000-01-01 01:58:11,22.5,54.0,6.9,4.1,0.7,6.9,24,138,162,104,267,371,False,False,False,False,False,False
2000-01-01 01:58:13,22.5,53.9,6.8,4.1,0.7,6.8,32,129,162,104,267,371,False,False,False,False,False,False
2000-01-01 01:58:15,22.5,53.9,6.8,4.1,0.7,6.8,41,121,162,104,267,371,False,False,False,False,False,False
2000-01-01 01:58:17,22.5,54.0,7.1,4.2,0.7,7.1,49,113,162,104,267,371,False,False,False,False,False,False
2000-01-01 01:58:19,22.5,53.9,6.9,4.1,0.7,6.9,25,137,162,104,267,371,False,False,False,False,False,False
2000-01-01 01:58:21,22.5,53.9,6.8,4.1,0.7,6.8,33,128,162,104,267,371,False,False,False,False,False,False
2000-01-01 01:58:23,22.5,53.9,6.8,4.1,0.7,6.8,42,120,162,104,267,371,False,False,False,False,False,False
2000-01-01 01:58:25,22.5,54.0,6.8,4.1,0.7,6.8,50,112,162,104,267,371,False,False,False,False,False,False
2000-01-01 01:58:27,22.5,54.0,7.2,4.3,0.7,7.2,27,135,162,104,267,371,False,False,False,False,False,False
2000-01-01 01:58:29,22.5,54.0,6.8,4.1,0.7,6.8,35,127,162,104,267,371,False,False,False,False,False,False
2000-01-01 01:58:31,22.5,54.0,6.8,4.1,0.7,6.8,43,118,162,104,267,371,False,False,False,False,False,False
2000-01-01 01:58:33,22.5,53.9,6.8,4.1,0.7,6.8,52,110,162,104,267,371,False,False,False,False,False,False
2000-01-01 01:58:35,22.5,54.0,6.9,4.1,0.7,6.9,29,133,162,104,267,371,False,False,False,False,False,False
2000-01-01 01:58:37,22.5,53.9,7.1,4.2,0.7,7.1,37,125,162,104,267,371,False,False,False,False,False,False
2000-01-01 01:58:39,22.5,53.9,6.8,4.1,0.7,6.8,45,116,162,104,267,371,False,False,False,False,False,False
2000-01-01 01:58:41,22.5,54.0,6.8,4.1,0.7,6.8,54,108,162,104,267,371,False,False,False,False,False,False
2000-01-01 01:58:43,22.5,54.0,6.9,4.1,0.7,6.9,30,131,162,104,267,371,False,False,False,False,False,False
2000-01-01 01:58:45,22.5,53.9,6.8,4.1,0.7,6.8,39,123,162,104,267,371,False,False,False,False,False,False
2000-01-01 01:58:47,22.5,54.0,7.1,4.2,0.7,7.1,47,115,162,104,267,371,False,False,False,False,False,False
2000-01-01 01:58:49,22.5,53.9,7.6,4.4,0.7,7.6,23,138,162,104,267,371,False,False,False,False,False,False
2000-01-01 01:58:51,22.5,53.9,6.2,3.7,0.7,6.2,32,130,162,104,267,371,False,False,False,False,False,False
2000-01-01 01:58:53,22.5,54.0,6.8,4.1,0.7,6.8,40,122,162,104,267,371,False,False,False,False,False,False
2000-01-01 01:58:55,22.5,53.9,7.1,4.2,0.7,7.1,48,114,162,104,267,371,False,False,False,False,False,False
2000-01-01 01:58:57,22.5,53.9,6.9,4.1,0.7,6.9,24,138,162,104,267,371,False,False,False,False,False,False
2000-01-01 01:58:59,22.5,53.9,6.8,4.1,0.7,6.8,32,129,162,104,267,371,False,False,False,False,False,False
2000-01-01 01:59:01,22.5,53.9,6.8,4.1,0.7,6.8,41,121,162,104,267,371,False,False,False,False,False,False
2000-01-01 01:59:03,22.5,53.9,6.8,4.1,0.7,6.8,49,113,162,104,267,371,False,False,False,False,False,False
2000-01-01 01:59:05,22.5,53.9,7.2,4.3,0.7,7.2,25,137,162,104,267,371,False,False,False,False,False,False
2000-01-01 01:59:07,22.5,53.9,6.8,4.1,0.7,6.8,33,128,162,104,267,371,False,False,False,False,False,False
2000-01-01 01:59:09,22.5,53.9,6.8,4.1,0.7,6.8,42,120,162,104,267,371,False,False,False,False,False,False
2000-01-01 01:59:11,22.5,53.9,6.8,4.1,0.7,6.8,50,112,162,104,267,371,False,False,False,False,False,False
2000-01-01 01:59:13,22.5,53.8,6.9,4.1,0.7,6.9,27,135,162,104,267,371,False,False,False,False,False,False
2000-01-01 01:59:15,22.5,53.9,7.1,4.2,0.7,7.1,35,127,162,104,267,371,False,False,False,False,False,False
2000-01-01 01:59:17,22.5,53.9,6.8,4.1,0.7,6.8,43,118,162,104,267,371,False,False,False,False,False,False
2000-01-01 01:59:19,22.5,53.9,6.8,4.1,0.7,6.8,52,110,162,104,267,371,False,False,False,False,False,False
2000-01-01 01:59:21,22.5,53.9,6.9,4.1,0.7,6.9,29,133,162,104,267,371,False,False,False,False,False,False
2000-01-01 01:59:23,22.5,53.9,6.8,4.1,0.7,6.8,37,125,162,104,267,371,False,False,False,False,False,False
2000-01-01 01:59:25,22.5,53.9,7.1,4.2,0.7,7.1,45,116,162,104,267,371,False,False,False,False,False,False
2000-01-01 01:59:27,22.5,53.9,6.8,4.1,0.7,6.8,54,108,162,104,267,371,False,False,False,False,False,False
2000-01-01 01:59:29,22.5,53.9,6.9,4.1,0.7,6.9,30,131,162,104,267,371,False,False,False,False,False,False
2000-01-01 01:59:31,22.5,53.9,7.4,4.3,0.7,7.4,39,123,162,104,267,371,False,False,False,False,False,False
2000-01-01 01:59:33,22.5,53.9,6.8,4.1,0.7,6.8,47,115,162,104,267,371,False,False,False,False,False,False
2000-01-01 01:59:35,22.6,53.9,7.7,4.5,0.7,7.7,23,138,162,104,267,371,False,False,False,False,False,False
2000-01-01 01:59:37,22.5,53.9,6.2,3.7,0.7,6.2,32,130,162,104,267,371,False,False,False,False,False,False
2000-01-01 01:59:39,22.5,53.9,6.8,4.1,0.7,6.8,40,122,162,104,267,371,False,False,False,False,False,False
2000-01-01 01:59:41,22.5,53.9,7.6,4.5,0.7,7.6,48,114,162,104,267,371,False,False,False,False,False,False
2000-01-01 01:59:43,22.5,53.9,6.9,4.1,0.7,6.9,24,138,162,104,267,371,False,False,False,False,False,False
2000-01-01 01:59:45,22.5,53.9,7.1,4.2,0.7,7.1,32,129,162,104,267,371,False,False,False,False,False,False
2000-01-01 01:59:47,22.5,53.9,6.8,4.1,0.7,6.8,41,121,162,104,267,371,False,False,False,False,False,False
2000-01-01 01:59:49,22.5,53.9,6.8,4.1,0.7,6.8,49,113,162,104,267,371,False,False,False,False,False,False
2000-01-01 01:59:51,22.5,53.9,6.9,4.1,0.7,6.9,25,137,162,104,267,371,False,False,False,False,False,False
2000-01-01 01:59:53,22.5,53.9,6.8,4.1,0.7,6.8,33,128,162,104,267,371,False,False,False,False,False,False
2000-01-01 01:59:55,22.5,53.9,7.1,4.2,0.7,7.1,42,120,162,104,267,371,False,False,False,False,False,False
2000-01-01 01:59:57,22.5,53.9,6.8,4.1,0.7,6.8,50,112,162,104,267,371,False,False,False,False,False,False
2000-01-01 01:59:59,22.5,53.9,6.9,4.1,0.7,6.9,27,135,162,104,267,371,False,False,False,False,False,False
2000-01-01 02:00:01,22.5,53.9,6.8,4.1,0.7,6.8,35,127,162,104,267,371,False,False,False,False,False,False
2000-01-01 02:00:03,22.5,53.9,6.8,4.1,0.7,6.8,43,118,162,104,267,371,False,False,False,False,False,False
2000-01-01 02:00:05,22.5,53.9,7.1,4.2,0.7,7.1,52,110,162,104,267,371,False,False,False,False,False,False
2000-01-01 02:00:07,22.5,53.9,6.9,4.1,0.7,6.9,29,133,162,104,267,371,False,False,False,False,False,False
2000-01-01 02:00:09,22.5,53.9,6.8,4.1,0.7,6.8,37,125,162,104,267,371,False,False,False,False,False,False
2000-01-01 02:00:11,22.5,53.9,6.8,4.1,0.7,6.8,45,116,162,104,267,371,False,False,False,False,False,False
2000-01-01 02:00:13,22.5,53.9,7.1,4.2,0.7,7.1,54,108,162,104,267,371,False,False,False,False,False,False
2000-01-01 02:00:15,22.5,54.0,6.9,4.1,0.7,6.9,30,131,162,104,267,371,False,False,False,False,False,False
2000-01-01 02:00:17,22.5,53.9,7.6,4.5,0.7,7.6,39,123,162,104,267,371,False,False,False,False,False,False
2000-01-01 02:00:19,22.5,53.9,6.8,4.1,0.7,6.8,47,115,162,104,267,371,False,False,False,False,False,False
2000-01-01 02:00:21,22.5,53.9,7.6,4.4,0.7,7.6,23,138,162,104,267,371,False,False,False,False,False,False
2000-01-01 02:00:23,22.5,54.0,6.5,3.9,0.7,6.5,32,130,162,104,267,371,False,False,False,False,False,False
2000-01-01 02:00:25,22.5,54.0,6.8,4.1,0.7,6.8,40,122,162,104,267,371,False,False,False,False,False,False
2000-01-01 02:00:27,22.5,53.9,6.8,4.1,0.7,6.8,48,114,162,104,267,371,False,False,False,False,False,False
2000-01-01 02:00:29,22.5,53.9,6.9,4.1,0.7,6.9,24,138,162,104,267,371,False,False,False,False,False,False
2000-01-01 02:00:31,22.5,53.9,6.8,4.1,0.7,6.8,32,129,162,104,267,371,False,False,False,False,False,False
2000-01-01 02:00:33,22.5,53.9,7.1,4.2,0.7,7.1,41,121,162,104,267,371,False,False,False,False,False,False
2000-01-01 02:00:35,22.5,53.9,6.8,4.1,0.7,6.8,49,113,162,104,267,371,False,False,False,False,False,False
2000-01-01 02:00:37,22.5,53.9,6.9,4.1,0.7,6.9,26,135,162,104,267,371,False,False,False,False,False,False
2000-01-01 02:00:39,22.5,53.9,6.8,4.1,0.7,6.8,35,127,162,104,267,371,False,False,False,False,False,False
2000-01-01 02:00:41,22.5,53.9,6.8,4.1,0.7,6.8,43,119,162,104,267,371,False,False,False,False,False,False
2000-01-01 02:00:43,22.5,53.9,7.1,4.2,0.7,7.1,51,111,162,104,267,371,False,False,False,False,False,False
2000-01-01 02:00:45,22.5,53.9,6.9,4.1,0.7,6.9,30,132,162,104,267,371,False,False,False,False,False,False
2000-01-01 02:00:47,22.5,53.9,6.8,4.1,0.7,6.8,38,124,162,104,267,371,False,False,False,False,False,False
2000-01-01 02:00:49,22.5,53.9,6.8,4.1,0.7,6.8,46,115,162,104,267,371,False,False,False,False,False,False
2000-01-01 02:00:51,22.5,53.9,6.8,4.1,0.7,6.8,23,138,162,104,267,371,False,False,False,False,False,False
2000-01-01 02:00:53,22.5,53.9,7.2,4.3,0.7,7.2,32,130,162,104,267,371,False,False,False,False,False,False
2000-01-01 02:00:55,22.5,53.9,6.8,4.1,0.7,6.8,40,122,162,104,267,371,False,False,False,False,False,False
2000-01-01 02:00:57,22.5,53.9,6.8,4.1,0.7,6.8,48,113,162,104,267,371,False,False,False,False,False,False
2000-01-01 02:00:59,22.5,53.9,6.9,4.1,0.7,6.9,24,138,162,104,267,371,False,False,False,False,False,False
2000-01-01 02:01:01,22.5,53.9,6.8,4.1,0.7,6.8,32,129,162,104,267,371,False,False,False,False,False,False
2000-01-01 02:01:03,22.5,53.9,7.1,4.2,0.7,7.1,41,121,162,104,267,371,False,False,False,False,False,False
2000-01-01 02:01:05,22.5,53.9,6.8,4.1,0.7,6.8,49,113,162,104,267,371,False,False,False,False,False,False
2000-01-01 02:01:07,22.5,53.9,6.9,4.1,0.7,6.9,25,137,162,104,267,371,False,False,False,False,False,False
2000-01-01 02:01:09,22.5,53.9,6.8,4.1,0.7,6.8,33,128,162,104,267,371,False,False,False,False,False,False
2000-01-01 02:01:11,22.5,53.9,6.8,4.1,0.7,6.8,42,120,162,104,267,371,False,False,False,False,False,False
2000-01-01 02:01:13,22.5,53.9,7.1,4.2,0.7,7.1,50,112,162,104,267,371,False,False,False,False,False,False
2000-01-01 02:01:15,22.5,53.9,6.9,4.1,0.7,6.9,27,135,162,104,267,371,False,False,False,False,False,False
2000-01-01 02:01:17,22.6,53.9,6.8,4.1,0.7,6.8,35,127,162,104,267,371,False,False,False,False,False,False
2000-01-01 02:01:19,22.5,53.9,6.8,4.1,0.7,6.8,43,118,162,104,267,371,False,False,False,False,False,False
2000-01-01 02:01:21,22.5,53.9,7.3,4.3,0.7,7.3,52,110,162,104,267,371,False,False,False,False,False,False
2000-01-01 02:01:23,22.5,53.9,7.2,4.3,0.7,7.2,29,133,162,104,267,371,False,False,False,False,False,False
2000-01-01 02:01:25,22.5,53.9,6.8,4.1,0.7,6.8,37,125,162,104,267,371,False,False,False,False,False,False
2000-01-01 02:01:27,22.5,53.9,6.8,4.1,0.7,6.8,45,116,162,104,267,371,False,False,False,False,False,False
2000-01-01 02:01:29,22.5,54.0,6.8,4.1,0.7,6.8,54,108,162,104,267,371,False,False,False,False,False,False
2000-01-01 02:01:31,22.5,53.9,7.2,4.3,0.7,7.2,30,131,162,104,267,371,False,False,False,False,False,False
2000-01-01 02:01:33,22.5,53.9,6.8,4.1,0.7,6.8,39,123,162,104,267,371,False,False,False,False,False,False
2000-01-01 02:01:35,22.5,53.9,6.8,4.1,0.7,6.8,47,115,162,104,267,371,False,False,False,False,False,False
2000-01-01 02:01:37,22.5,53.9,7.6,4.4,0.7,7.6,23,138,162,104,267,371,False,False,False,False,False,False
2000-01-01 02:01:39,22.5,53.9,6.2,3.7,0.7,6.2,32,130,162,104,267,371,False,False,False,False,False,False
2000-01-01 02:01:41,22.5,54.0,7.1,4.2,0.7,7.1,40,122,162,104,267,371,False,False,False,False,False,False
2000-01-01 02:01:43,22.5,54.0,6.8,4.1,0.7,6.8,48,114,162,104,267,371,False,False,False,False,False,False
2000-01-01 02:01:45,22.5,53.9,6.9,4.1,0.7,6.9,24,138,162,104,267,371,False,False,False,False,False,False
2000-01-01 02:01:47,22.5,53.9,6.8,4.1,0.7,6.8,32,129,162,104,267,371,False,False,False,False,False,False
2000-01-01 02:01:49,22.5,53.9,6.8,4.1,0.7,6.8,41,121,162,104,267,371,False,False,False,False,False,False
2000-01-01 02:01:51,22.5,54.0,7.1,4.2,0.7,7.1,49,113,162,104,267,371,False,False,False,False,False,False
2000-01-01 02:01:53,22.5,53.9,6.9,4.1,0.7,6.9,25,137,162,104,267,371,False,False,False,False,False,False
2000-01-01 02:01:55,22.5,54.0,6.8,4.1,0.7,6.8,33,128,162,104,267,371,False,False,False,False,False,False
2000-01-01 02:01:57,22.5,54.0,6.8,4.1,0.7,6.8,42,120,162,104,267,371,False,False,False,False,False,False
2000-01-01 02:01:59,22.5,53.9,6.8,4.1,0.7,6.8,50,112,162,104,267,371,False,False,False,False,False,False
2000-01-01 02:02:01,22.5,53.9,7.2,4.3,0.7,7.2,27,135,162,104,267,371,False,False,False,False,False,False
2000-01-01 02:02:03,22.5,54.0,6.8,4.1,0.7,6.8,35,127,162,104,267,371,False,False,False,False,False,False
2000-01-01 02:02:05,22.5,53.9,6.8,4.1,0.7,6.8,43,118,162,104,267,371,False,False,False,False,False,False
2000-01-01 02:02:07,22.5,54.0,6.8,4.1,0.7,6.8,52,110,162,104,267,371,False,False,False,False,False,False
2000-01-01 02:02:09,22.5,53.9,6.9,4.1,0.7,6.9,29,133,162,104,267,371,False,False,False,False,False,False
2000-01-01 02:02:11,22.5,54.0,7.1,4.2,0.7,7.1,37,125,162,104,267,371,False,False,False,False,False,False
2000-01-01 02:02:13,22.5,54.0,6.8,4.1,0.7,6.8,45,116,162,104,267,371,False,False,False,False,False,False
2000-01-01 02:02:15,22.5,53.9,6.8,4.1,0.7,6.8,54,108,162,104,267,371,False,False,False,False,False,False
2000-01-01 02:02:17,22.5,54.0,6.9,4.1,0.7,6.9,30,131,162,104,267,371,False,False,False,False,False,False
2000-01-01 02:02:19,22.5,54.0,6.8,4.1,0.7,6.8,39,123,162,104,267,371,False,False,False,False,False,False
2000-01-01 02:02:21,22.5,54.0,7.1,4.2,0.7,7.1,47,115,162,104,267,371,False,False,False,False,False,False
2000-01-01 02:02:23,22.5,54.0,7.6,4.4,0.7,7.6,23,138,162,104,267,371,False,False,False,False,False,False
2000-01-01 02:02:25,22.5,53.9,6.2,3.7,0.7,6.2,32,130,162,104,267,371,False,False,False,False,False,False
2000-01-01 02:02:27,22.5,54.0,6.8,4.1,0.7,6.8,40,122,162,104,267,371,False,False,False,False,False,False
2000-01-01 02:02:29,22.5,54.0,6.8,4.1,0.7,6.8,48,114,162,104,267,371,False,False,False,False,False,False
2000-01-01 02:02:31,22.5,54.0,7.2,4.3,0.7,7.2,24,138,162,104,267,371,False,False,False,False,False,False
2000-01-01 02:02:33,22.5,54.0,6.8,4.1,0.7,6.8,32,129,162,104,267,371,False,False,False,False,False,False
2000-01-01 02:02:35,22.5,53.9,6.8,4.1,0.7,6.8,41,121,162,104,267,371,False,False,False,False,False,False
2000-01-01 02:02:37,22.5,54.0,6.8,4.1,0.7,6.8,49,113,162,104,267,371,False,False,False,False,False,False
2000-01-01 02:02:39,22.5,53.9,6.9,4.1,0.7,6.9,25,137,162,104,267,371,False,False,False,False,False,False
2000-01-01 02:02:41,22.5,53.9,7.1,4.2,0.7,7.1,33,128,162,104,267,371,False,False,False,False,False,False
2000-01-01 02:02:43,22.5,53.9,6.8,4.1,0.7,6.8,42,120,162,104,267,371,False,False,False,False,False,False
2000-01-01 02:02:45,22.5,53.9,6.8,4.1,0.7,6.8,50,112,162,104,267,371,False,False,False,False,False,False
2000-01-01 02:02:47,22.5,53.9,6.9,4.1,0.7,6.9,27,135,162,104,267,371,False,False,False,False,False,False
2000-01-01 02:02:49,22.5,53.9,7.1,4.2,0.7,7.1,35,127,162,104,267,371,False,False,False,False,False,False
2000-01-01 02:02:51,22.5,53.9,6.8,4.1,0.7,6.8,43,118,162,104,267,371,False,False,False,False,False,False
2000-01-01 02:02:53,22.5,54.0,6.8,4.1,0.7,6.8,52,110,162,104,267,371,False,False,False,False,False,False
2000-01-01 02:02:55,22.5,53.9,6.9,4.1,0.7,6.9,29,133,162,104,267,371,False,False,False,False,False,False
2000-01-01 02:02:57,22.5,53.9,6.8,4.1,0.7,6.8,37,125,162,104,267,371,False,False,False,False,False,False
2000-01-01 02:02:59,22.5,53.9,7.1,4.2,0.7,7.1,45,116,162,104,267,371,False,False,False,False,False,False
2000-01-01 02:03:01,22.5,54.0,6.8,4.1,0.7,6.8,54,108,162,104,267,371,False,False,False,False,False,False
2000-01-01 02:03:03,22.5,54.0,6.9,4.1,0.7,6.9,30,131,162,104,267,371,False,False,False,False,False,False
2000-01-01 02:03:05,22.5,53.9,6.8,4.1,0.7,6.8,39,123,162,104,267,371,False,False,False,False,False,False
2000-01-01 02:03:07,22.5,54.0,6.8,4.1,0.7,6.8,47,115,162,104,267,371,False,False,False,False,False,False
2000-01-01 02:03:09,22.5,53.9,7.9,4.6,0.7,7.9,23,138,162,104,267,371,False,False,False,False,False,False
2000-01-01 02:03:11,22.5,54.0,6.7,4.0,0.7,6.7,32,130,162,104,267,371,False,False,False,False,False,False
2000-01-01 02:03:13,22.5,53.9,6.8,4.1,0.7,6.8,40,122,162,104,267,371,False,False,False,False,False,False
2000-01-01 02:03:15,22.5,54.0,6.8,4.1,0.7,6.8,48,114,162,104,267,371,False,False,False,False,False,False
2000-01-01 02:03:17,22.5,54.0,6.9,4.1,0.7,6.9,24,138,162,104,267,371,False,False,False,False,False,False
2000-01-01 02:03:19,22.5,54.0,7.1,4.2,0.7,7.1,32,129,162,104,267,371,False,False,False,False,False,False
2000-01-01 02:03:21,22.5,54.0,6.8,4.1,0.7,6.8,41,121,162,104,267,371,False,False,False,False,False,False
2000-01-01 02:03:23,22.5,54.0,6.8,4.1,0.7,6.8,49,113,162,104,267,371,False,False,False,False,False,False
2000-01-01 02:03:25,22.5,54.0,6.9,4.1,0.7,6.9,25,137,162,104,267,371,False,False,False,False,False,False
2000-01-01 02:03:27,22.5,54.0,6.8,4.1,0.7,6.8,33,128,162,104,267,371,False,False,False,False,False,False
2000-01-01 02:03:29,22.5,54.0,7.1,4.2,0.7,7.1,42,120,162,104,267,371,False,False,False,False,False,False
2000-01-01 02:03:31,22.5,54.0,6.8,4.1,0.7,6.8,50,112,162,104,267,371,False,False,False,False,False,False
2000-01-01 02:03:33,22.5,54.0,6.9,4.1,0.7,6.9,27,135,162,104,267,371,False,False,False,False,False,False
2000-01-01 02:03:35,22.5,54.0,6.8,4.1,0.7,6.8,35,127,162,104,267,371,False,False,False,False,False,False
2000-01-01 02:03:37,22.5,54.0,6.8,4.1,0.7,6.8,43,118,162,104,267,371,False,False,False,False,False,False
2000-01-01 02:03:39,22.5,54.0,7.9,4.6,0.7,7.9,52,110,162,104,267,371,False,False,False,False,False,False
2000-01-01 02:03:41,22.5,54.1,6.9,4.1,0.7,6.9,29,133,162,104,267,371,False,False,False,False,False,False
2000-01-01 02:03:43,22.5,54.0,6.8,4.1,0.7,6.8,37,125,162,104,267,371,False,False,False,False,False,False
2000-01-01 02:03:45,22.5,54.0,6.8,4.1,0.7,6.8,45,116,162,104,267,371,False,False,False,False,False,False
2000-01-01 02:03:47,22.5,54.0,6.8,4.1,0.7,6.8,54,108,162,104,267,371,False,False,False,False,False,False
2000-01-01 02:03:49,22.5,54.0,7.2,4.3,0.7,7.2,30,131,162,104,267,371,False,False,False,False,False,False
2000-01-01 02:03:51,22.5,54.0,6.8,4.1,0.7,6.8,39,123,162,104,267,371,False,False,False,False,False,False
2000-01-01 02:03:53,22.4,54.1,6.8,4.1,0.7,6.8,47,115,162,104,267,371,False,False,False,False,False,False
2000-01-01 02:03:55,22.5,54.0,7.6,4.4,0.7,7.6,23,138,162,104,267,371,False,False,False,False,False,False
2000-01-01 02:03:57,22.5,54.1,6.2,3.7,0.7,6.2,32,130,162,104,267,371,False,False,False,False,False,False
2000-01-01 02:03:59,22.5,54.1,7.1,4.2,0.7,7.1,40,122,162,104,267,371,False,False,False,False,False,False
2000-01-01 02:04:01,22.5,54.0,6.8,4.1,0.7,6.8,48,114,162,104,267,371,False,False,False,False,False,False
2000-01-01 02:04:03,22.5,54.0,6.9,4.1,0.7,6.9,24,138,162,104,267,371,False,False,False,False,False,False
2000-01-01 02:04:05,22.4,54.0,6.8,4.1,0.7,6.8,32,129,162,104,267,371,False,False,False,False,False,False
2000-01-01 02:04:07,22.5,54.0,6.8,4.1,0.7,6.8,41,121,162,104,267,371,False,False,False,False,False,False
2000-01-01 02:04:09,22.5,54.1,6.9,4.1,0.7,6.9,49,113,162,104,267,371,False,False,False,False,False,False
2000-01-01 02:04:11,22.5,54.1,6.9,4.1,0.7,6.9,26,135,162,104,267,371,False,False,False,False,False,False
2000-01-01 02:04:13,22.4,54.0,6.8,4.1,0.7,6.8,35,127,162,104,267,371,False,False,False,False,False,False
2000-01-01 02:04:15,22.5,54.0,7.6,4.5,0.7,7.6,43,119,162,104,267,371,False,False,False,False,False,False
2000-01-01 02:04:17,22.5,54.0,7.1,4.2,0.7,7.1,51,111,162,104,267,371,False,False,False,False,False,False
2000-01-01 02:04:19,22.5,54.1,6.9,4.1,0.7,6.9,30,132,162,104,267,371,False,False,False,False,False,False
2000-01-01 02:04:21,22.4,54.0,6.8,4.1,0.7,6.8,38,124,162,104,267,371,False,False,False,False,False,False
2000-01-01 02:04:23,22.4,54.0,6.8,4.1,0.7,6.8,46,115,162,104,267,371,False,False,False,False,False,False
2000-01-01 02:04:25,22.4,54.0,6.8,4.1,0.7,6.8,23,138,162,104,267,371,False,False,False,False,False,False
2000-01-01 02:04:27,22.4,54.1,7.2,4.3,0.7,7.2,32,130,162,104,267,371,False,False,False,False,False,False
2000-01-01 02:04:29,22.5,54.0,6.8,4.1,0.7,6.8,40,122,162,104,267,371,False,False,False,False,False,False
2000-01-01 02:04:31,22.4,54.1,6.8,4.1,0.7,6.8,48,113,162,104,267,371,False,False,False,False,False,False
2000-01-01 02:04:33,22.5,54.1,6.9,4.1,0.7,6.9,24,138,162,104,267,371,False,False,False,False,False,False
2000-01-01 02:04:35,22.4,54.1,6.8,4.1,0.7,6.8,32,129,162,104,267,371,False,False,False,False,False,False
2000-01-01 02:04:37,22.4,54.1,7.1,4.2,0.7,7.1,41,121,162,104,267,371,False,False,False,False,False,False
2000-01-01 02:04:39,22.4,54.1,6.8,4.1,0.7,6.8,49,113,162,104,267,371,False,False,False,False,False,False
2000-01-01 02:04:41,22.4,54.1,6.9,4.1,0.7,6.9,25,137,162,104,267,371,False,False,False,False,False,False
2000-01-01 02:04:43,22.4,54.1,6.8,4.1,0.7,6.8,33,128,162,104,267,371,False,False,False,False,False,False
2000-01-01 02:04:45,22.4,54.1,6.8,4.1,0.7,6.8,42,120,162,104,267,371,False,False,False,False,False,False
2000-01-01 02:04:47,22.4,54.1,11.1,6.2,0.7,11.1,50,112,162,104,267,371,False,False,False,False,False,False
2000-01-01 02:04:49,22.4,54.1,6.9,4.1,0.7,6.9,27,135,162,104,267,371,False,False,False,False,False,False
2000-01-01 02:04:51,22.4,54.1,6.8,4.1,0.7,6.8,35,127,162,104,267,371,False,False,False,False,False,False
2000-01-01 02:04:53,22.4,54.1,6.8,4.1,0.7,6.8,43,118,162,104,267,371,False,False,False,False,False,False
2000-01-01 02:04:55,22.4,54.1,6.8,4.1,0.7,6.8,52,110,162,104,267,371,False,False,False,False,False,False
2000-01-01 02:04:57,22.4,54.1,7.2,4.3,0.7,7.2,29,133,162,104,267,371,False,False,False,False,False,False
2000-01-01 02:04:59,22.4,54.1,6.8,4.1,0.7,6.8,37,125,162,104,267,371,False,False,False,False,False,False
2000-01-01 02:05:01,22.4,54.2,6.8,4.1,0.7,6.8,45,116,162,104,267,371,False,False,False,False,False,False
2000-01-01 02:05:03,22.4,54.1,7.3,4.3,0.7,7.3,54,108,162,104,267,371,False,False,False,False,False,False
2000-01-01 02:05:05,22.4,54.1,6.9,4.1,0.7,6.9,30,131,162,104,267,371,False,False,False,False,False,False
2000-01-01 02:05:07,22.4,54.2,7.1,4.2,0.7,7.1,39,123,162,104,267,371,False,False,False,False,False,False
2000-01-01 02:05:09,22.4,54.1,6.8,4.1,0.7,6.8,47,115,162,104,267,371,False,False,False,False,False,False
2000-01-01 02:05:11,22.4,54.1,7.6,4.4,0.7,7.6,23,138,162,104,267,371,False,False,False,False,False,False
2000-01-01 02:05:13,22.4,54.2,6.2,3.8,0.7,6.2,32,130,162,104,267,371,False,False,False,False,False,False
2000-01-01 02:05:15,22.4,54.2,6.8,4.1,0.7,6.8,40,122,162,104,267,371,False,False,False,False,False,False
2000-01-01 02:05:17,22.4,54.2,0.0,0.0,0.0,0.0,48,113,162,104,267,371,False,False,False,False,False,False
2000-01-01 02:05:19,22.4,54.2,7.0,4.1,0.7,7.0,24,137,162,104,267,371,False,False,False,False,False,False
2000-01-01 02:05:21,22.4,54.1,6.8,4.1,0.7,6.8,33,129,162,104,267,371,False,False,False,False,False,False
2000-01-01 02:05:23,22.4,54.2,6.8,4.1,0.7,6.8,41,121,162,104,267,371,False,False,False,False,False,False
2000-01-01 02:05:25,22.4,54.2,7.1,4.2,0.7,7.1,49,113,162,104,267,371,False,False,False,False,False,False
2000-01-01 02:05:27,22.4,54.2,6.9,4.1,0.7,6.9,25,137,162,104,267,371,False,False,False,False,False,False
2000-01-01 02:05:29,22.4,54.2,6.8,4.1,0.7,6.8,33,128,162,104,267,371,False,False,False,False,False,False
2000-01-01 02:05:31,22.4,54.2,6.8,4.1,0.7,6.8,42,120,162,104,267,371,False,False,False,False,False,False
2000-01-01 02:05:33,22.4,54.2,6.8,4.1,0.7,6.8,50,112,162,104,267,371,False,False,False,False,False,False
2000-01-01 02:05:35,22.4,54.1,7.2,4.3,0.7,7.2,27,135,162,104,267,371,False,False,False,False,False,False
2000-01-01 02:05:37,22.4,54.1,6.8,4.1,0.7,6.8,35,127,162,104,267,371,False,False,False,False,False,False
2000-01-01 02:05:39,22.4,54.1,6.8,4.1,0.7,6.8,43,118,162,104,267,371,False,False,False,False,False,False
2000-01-01 02:05:41,22.4,54.1,6.8,4.1,0.7,6.8,52,110,162,104,267,371,False,False,False,False,False,False
2000-01-01 02:05:43,22.4,54.1,6.9,4.1,0.7,6.9,29,133,162,104,267,371,False,False,False,False,False,False
2000-01-01 02:05:45,22.4,54.1,7.1,4.2,0.7,7.1,37,125,162,104,267,371,False,False,False,False,False,False
2000-01-01 02:05:47,22.4,54.1,6.8,4.1,0.7,6.8,45,116,162,104,267,371,False,False,False,False,False,False
2000-01-01 02:05:49,22.4,54.1,6.8,4.1,0.7,6.8,54,108,162,104,267,371,False,False,False,False,False,False
2000-01-01 02:05:51,22.4,54.1,6.9,4.1,0.7,6.9,30,131,162,104,267,371,False,False,False,False,False,False
2000-01-01 02:05:53,22.4,54.1,6.8,4.1,0.7,6.8,39,123,162,104,267,371,False,False,False,False,False,False
2000-01-01 02:05:55,22.4,54.1,7.1,4.2,0.7,7.1,47,115,162,104,267,371,False,False,False,False,False,False
2000-01-01 02:05:57,22.4,54.1,7.6,4.4,0.7,7.6,23,138,162,104,267,371,False,False,False,False,False,False
2000-01-01 02:05:59,22.4,54.1,6.2,3.7,0.7,6.2,32,130,162,104,267,371,False,False,False,False,False,False
2000-01-01 02:06:01,22.4,54.2,6.8,4.1,0.7,6.8,40,122,162,104,267,371,False,False,False,False,False,False
2000-01-01 02:06:03,22.4,54.1,6.8,4.1,0.7,6.8,48,114,162,104,267,371,False,False,False,False,False,False
2000-01-01 02:06:05,22.4,54.1,7.2,4.3,0.7,7.2,24,138,162,104,267,371,False,False,False,False,False,False
2000-01-01 02:06:07,22.4,54.2,6.8,4.1,0.7,6.8,32,129,162,104,267,371,False,False,False,False,False,False
2000-01-01 02:06:09,22.4,54.2,6.8,4.1,0.7,6.8,41,121,162,104,267,371,False,False,False,False,False,False
2000-01-01 02:06:11,22.4,54.2,6.8,4.1,0.7,6.8,49,113,162,104,267,371,False,False,False,False,False,False
2000-01-01 02:06:13,22.4,54.1,6.9,4.1,0.7,6.9,26,135,162,104,267,371,False,False,False,False,False,False
2000-01-01 02:06:15,22.4,54.1,7.1,4.2,0.7,7.1,35,127,162,104,267,371,False,False,False,False,False,False
2000-01-01 02:06:17,22.4,54.1,6.8,4.1,0.7,6.8,43,119,162,104,267,371,False,False,False,False,False,False
2000-01-01 02:06:19,22.4,54.2,6.8,4.1,0.7,6.8,51,111,162,104,267,371,False,False,False,False,False,False
2000-01-01 02:06:21,22.4,54.2,6.9,4.1,0.7,6.9,29,133,162,104,267,371,False,False,False,False,False,False
2000-01-01 02:06:23,22.4,54.2,6.8,4.1,0.7,6.8,37,125,162,104,267,371,False,False,False,False,False,False
2000-01-01 02:06:25,22.4,54.2,7.1,4.2,0.7,7.1,45,116,162,104,267,371,False,False,False,False,False,False
2000-01-01 02:06:27,22.4,54.1,6.8,4.1,0.7,6.8,54,108,162,104,267,371,False,False,False,False,False,False
2000-01-01 02:06:29,22.4,54.2,6.9,4.1,0.7,6.9,31,131,162,104,267,371,False,False,False,False,False,False
2000-01-01 02:06:31,22.4,54.2,6.8,4.1,0.7,6.8,39,123,162,104,267,371,False,False,False,False,False,False
2000-01-01 02:06:33,22.4,54.2,6.8,4.1,0.7,6.8,47,114,162,104,267,371,False,False,False,False,False,False
2000-01-01 02:06:35,22.4,54.2,7.8,4.6,0.7,7.8,23,139,162,104,267,371,False,False,False,False,False,False
2000-01-01 02:06:37,22.4,54.1,6.2,3.7,0.7,6.2,31,130,162,104,267,371,False,False,False,False,False,False
2000-01-01 02:06:39,22.4,54.2,6.8,4.1,0.7,6.8,40,122,162,104,267,371,False,False,False,False,False,False
2000-01-01 02:06:41,22.4,54.2,6.8,4.1,0.7,6.8,48,114,162,104,267,371,False,False,False,False,False,False
2000-01-01 02:06:43,22.4,54.2,6.9,4.1,0.7,6.9,24,138,162,104,267,371,False,False,False,False,False,False
2000-01-01 02:06:45,22.4,54.1,6.9,4.1,0.7,6.9,32,129,162,104,267,371,False,False,False,False,False,False
2000-01-01 02:06:47,22.4,54.2,6.8,4.1,0.7,6.8,41,121,162,104,267,371,False,False,False,False,False,False
2000-01-01 02:06:49,22.4,54.2,6.8,4.1,0.7,6.8,49,113,162,104,267,371,False,False,False,False,False,False
2000-01-01 02:06:51,22.4,54.1,6.9,4.1,0.7,6.9,25,137,162,104,267,371,False,False,False,False,False,False
2000-01-01 02:06:53,22.4,54.2,7.6,4.5,0.7,7.6,33,128,162,104,267,371,False,False,False,False,False,False
2000-01-01 02:06:55,22.4,54.2,6.8,4.1,0.7,6.8,42,120,162,104,267,371,False,False,False,False,False,False
2000-01-01 02:06:57,22.4,54.2,6.8,4.1,0.7,6.8,50,112,162,104,267,371,False,False,False,False,False,False
2000-01-01 02:06:59,22.4,54.2,6.9,4.1,0.7,6.9,27,135,162,104,267,371,False,False,False,False,False,False
2000-01-01 02:07:01,22.4,54.1,6.8,4.1,0.7,6.8,35,127,162,104,267,371,False,False,False,False,False,False
2000-01-01 02:07:03,22.4,54.2,7.1,4.2,0.7,7.1,43,118,162,104,267,371,False,False,False,False,False,False
2000-01-01 02:07:05,22.4,54.2,6.8,4.1,0.7,6.8,52,110,162,104,267,371,False,False,False,False,False,False
2000-01-01 02:07:07,22.4,54.2,6.9,4.1,0.7,6.9,29,133,162,104,267,371,False,False,False,False,False,False
2000-01-01 02:07:09,22.4,54.1,6.8,4.1,0.7,6.8,37,125,162,104,267,371,False,False,False,False,False,False
2000-01-01 02:07:11,22.4,54.2,6.8,4.1,0.7,6.8,45,116,162,104,267,371,False,False,False,False,False,False
2000-01-01 02:07:13,22.4,54.1,7.1,4.2,0.7,7.1,54,108,162,104,267,371,False,False,False,False,False,False
2000-01-01 02:07:15,22.4,54.1,6.9,4.1,0.7,6.9,31,131,162,104,267,371,False,False,False,False,False,False
2000-01-01 02:07:17,22.4,54.1,6.9,4.1,0.7,6.9,39,123,162,104,267,371,False,False,False,False,False,False
2000-01-01 02:07:19,22.4,54.1,6.8,4.1,0.7,6.8,47,114,162,104,267,371,False,False,False,False,False,False
2000-01-01 02:07:21,22.4,54.2,7.6,4.4,0.7,7.6,23,139,162,104,267,371,False,False,False,False,False,False
2000-01-01 02:07:23,22.4,54.1,6.5,3.9,0.7,6.5,31,130,162,104,267,371,False,False,False,False,False,False
2000-01-01 02:07:25,22.4,54.1,6.8,4.1,0.7,6.8,40,122,162,104,267,371,False,False,False,False,False,False
2000-01-01 02:07:27,22.4,54.1,6.8,4.1,0.7,6.8,48,114,162,104,267,371,False,False,False,False,False,False
2000-01-01 02:07:29,22.4,54.1,6.9,4.1,0.7,6.9,24,138,162,104,267,371,False,False,False,False,False,False
2000-01-01 02:07:31,22.4,54.1,6.8,4.1,0.7,6.8,32,129,162,104,267,371,False,False,False,False,False,False
2000-01-01 02:07:33,22.4,54.2,7.1,4.2,0.7,7.1,41,121,162,104,267,371,False,False,False,False,False,False
2000-01-01 02:07:35,22.4,54.2,6.8,4.1,0.7,6.8,49,113,162,104,267,371,False,False,False,False,False,False
2000-01-01 02:07:37,22.4,54.1,6.9,4.1,0.7,6.9,25,137,162,104,267,371,False,False,False,False,False,False
2000-01-01 02:07:39,22.4,54.2,6.8,4.1,0.7,6.8,33,128,162,104,267,371,False,False,False,False,False,False
2000-01-01 02:07:41,22.4,54.1,7.6,4.5,0.7,7.6,42,120,162,104,267,371,False,False,False,False,False,False
2000-01-01 02:07:43,22.4,54.1,7.1,4.2,0.7,7.1,50,112,162,104,267,371,False,False,False,False,False,False
2000-01-01 02:07:45,22.4,54.1,6.9,4.1,0.7,6.9,27,135,162,104,267,371,False,False,False,False,False,False
2000-01-01 02:07:47,22.4,54.1,6.8,4.1,0.7,6.8,35,127,162,104,267,371,False,False,False,False,False,False
2000-01-01 02:07:49,22.4,54.1,6.8,4.1,0.7,6.8,43,118,162,104,267,371,False,False,False,False,False,False
2000-01-01 02:07:51,22.4,54.1,6.8,4.1,0.7,6.8,52,110,162,104,267,371,False,False,False,False,False,False
2000-01-01 02:07:53,22.4,54.1,7.2,4.3,0.7,7.2,30,132,162,104,267,371,False,False,False,False,False,False
2000-01-01 02:07:55,22.4,54.1,6.8,4.1,0.7,6.8,38,124,162,104,267,371,False,False,False,False,False,False
2000-01-01 02:07:57,22.4,54.1,6.8,4.1,0.7,6.8,46,115,162,104,267,371,False,False,False,False,False,False
2000-01-01 02:07:59,22.5,54.1,6.8,4.1,0.7,6.8,23,138,162,104,267,371,False,False,False,False,False,False
2000-01-01 02:08:01,22.4,54.1,6.9,4.1,0.7,6.9,32,130,162,104,267,371,False,False,False,False,False,False
2000-01-01 02:08:03,22.4,54.1,7.1,4.2,0.7,7.1,40,122,162,104,267,371,False,False,False,False,False,False
2000-01-01 02:08:05,22.4,54.1,6.8,4.1,0.7,6.8,48,113,162,104,267,371,False,False,False,False,False,False
2000-01-01 02:08:07,22.4,54.1,6.9,4.1,0.7,6.9,24,138,162,104,267,371,False,False,False,False,False,False
2000-01-01 02:08:09,22.4,54.1,6.8,4.1,0.7,6.8,32,129,162,104,267,371,False,False,False,False,False,False
2000-01-01 02:08:11,22.4,54.1,7.1,4.2,0.7,7.1,41,121,162,104,267,371,False,False,False,False,False,False
2000-01-01 02:08:13,22.4,54.1,7.6,4.5,0.7,7.6,49,113,162,104,267,371,False,False,False,False,False,False
2000-01-01 02:08:15,22.5,54.1,6.9,4.1,0.7,6.9,25,137,162,104,267,371,False,False,False,False,False,False
2000-01-01 02:08:17,22.4,54.1,6.8,4.1,0.7,6.8,33,128,162,104,267,371,False,False,False,False,False,False
2000-01-01 02:08:19,22.5,54.0,6.8,4.1,0.7,6.8,42,120,162,104,267,371,False,False,False,False,False,False
2000-01-01 02:08:21,22.5,54.0,7.1,4.2,0.7,7.1,50,112,162,104,267,371,False,False,False,False,False,False
2000-01-01 02:08:23,22.5,54.1,6.9,4.1,0.7,6.9,27,135,162,104,267,371,False,False,False,False,False,False
2000-01-01 02:08:25,22.5,54.1,6.8,4.1,0.7,6.8,35,127,162,104,267,371,False,False,False,False,False,False
2000-01-01 02:08:27,22.5,54.1,6.8,4.1,0.7,6.8,43,118,162,104,267,371,False,False,False,False,False,False
2000-01-01 02:08:29,22.5,54.1,6.8,4.1,0.7,6.8,52,110,162,104,267,371,False,False,False,False,False,False
2000-01-01 02:08:31,22.5,54.1,7.2,4.3,0.7,7.2,29,133,162,104,267,371,False,False,False,False,False,False
2000-01-01 02:08:33,22.4,54.1,6.8,4.1,0.7,6.8,37,125,162,104,267,371,False,False,False,False,False,False
2000-01-01 02:08:35,22.5,54.0,6.8,4.1,0.7,6.8,45,116,162,104,267,371,False,False,False,False,False,False
2000-01-01 02:08:37,22.5,54.1,6.8,4.1,0.7,6.8,54,108,162,104,267,371,False,False,False,False,False,False
2000-01-01 02:08:39,22.5,54.1,6.9,4.1,0.7,6.9,30,131,162,104,267,371,False,False,False,False,False,False
2000-01-01 02:08:41,22.5,54.1,7.1,4.2,0.7,7.1,39,123,162,104,267,371,False,False,False,False,False,False
2000-01-01 02:08:43,22.4,54.0,7.3,4.3,0.7,7.3,47,115,162,104,267,371,False,False,False,False,False,False
2000-01-01 02:08:45,22.5,54.0,7.6,4.4,0.7,7.6,23,138,162,104,267,371,False,False,False,False,False,False
2000-01-01 02:08:47,22.5,54.1,6.2,3.7,0.7,6.2,32,130,162,104,267,371,False,False,False,False,False,False
2000-01-01 02:08:49,22.5,54.0,6.8,4.1,0.7,6.8,40,122,162,104,267,371,False,False,False,False,False,False
2000-01-01 02:08:51,22.5,54.1,7.1,4.2,0.7,7.1,48,114,162,104,267,371,False,False,False,False,False,False
2000-01-01 02:08:53,22.5,54.0,6.9,4.1,0.7,6.9,24,138,162,104,267,371,False,False,False,False,False,False
2000-01-01 02:08:55,22.5,54.0,6.8,4.1,0.7,6.8,32,129,162,104,267,371,False,False,False,False,False,False
2000-01-01 02:08:57,22.5,54.0,6.8,4.1,0.7,6.8,41,121,162,104,267,371,False,False,False,False,False,False
2000-01-01 02:08:59,22.5,54.0,6.8,4.1,0.7,6.8,49,113,162,104,267,371,False,False,False,False,False,False
2000-01-01 02:09:01,22.5,53.9,7.2,4.3,0.7,7.2,25,137,162,104,267,371,False,False,False,False,False,False
2000-01-01 02:09:03,22.5,54.0,6.8,4.1,0.7,6.8,33,128,162,104,267,371,False,False,False,False,False,False
2000-01-01 02:09:05,22.5,54.0,6.8,4.1,0.7,6.8,42,120,162,104,267,371,False,False,False,False,False,False
2000-01-01 02:09:07,22.5,54.0,6.8,4.1,0.7,6.8,50,112,162,104,267,371,False,False,False,False,False,False
2000-01-01 02:09:09,22.5,54.0,6.9,4.1,0.7,6.9,27,135,162,104,267,371,False,False,False,False,False,False
2000-01-01 02:09:11,22.5,54.0,7.1,4.2,0.7,7.1,35,127,162,104,267,371,False,False,False,False,False,False
2000-01-01 02:09:13,22.5,54.0,6.8,4.1,0.7,6.8,43,118,162,104,267,371,False,False,False,False,False,False
2000-01-01 02:09:15,22.5,54.0,6.8,4.1,0.7,6.8,52,110,162,104,267,371,False,False,False,False,False,False
2000-01-01 02:09:17,22.5,54.0,6.9,4.1,0.7,6.9,29,133,162,104,267,371,False,False,False,False,False,False
2000-01-01 02:09:19,22.5,54.0,6.8,4.1,0.7,6.8,37,125,162,104,267,371,False,False,False,False,False,False
2000-01-01 02:09:21,22.5,54.0,7.1,4.2,0.7,7.1,45,116,162,104,267,371,False,False,False,False,False,False
2000-01-01 02:09:23,22.5,54.0,6.8,4.1,0.7,6.8,54,108,162,104,267,371,False,False,False,False,False,False
2000-01-01 02:09:25,22.5,54.0,6.9,4.1,0.7,6.9,30,131,162,104,267,371,False,False,False,False,False,False
2000-01-01 02:09:27,22.5,54.0,6.8,4.1,0.7,6.8,39,123,162,104,267,371,False,False,False,False,False,False
2000-01-01 02:09:29,22.5,54.0,7.1,4.2,0.7,7.1,47,115,162,104,267,371,False,False,False,False,False,False
2000-01-01 02:09:31,22.5,54.0,7.6,4.4,0.7,7.6,23,138,162,104,267,371,False,False,False,False,False,False
2000-01-01 02:09:33,22.5,54.0,6.2,3.7,0.7,6.2,32,130,162,104,267,371,False,False,False,False,False,False
2000-01-01 02:09:35,22.5,54.0,6.8,4.1,0.7,6.8,40,122,162,104,267,371,False,False,False,False,False,False
2000-01-01 02:09:37,22.5,54.0,6.8,4.1,0.7,6.8,48,114,162,104,267,371,False,False,False,False,False,False
2000-01-01 02:09:39,22.5,54.1,7.2,4.3,0.7,7.2,24,138,162,104,267,371,False,False,False,False,False,False
2000-01-01 02:09:41,22.5,54.0,6.8,4.1,0.7,6.8,32,129,162,104,267,371,False,False,False,False,False,False
2000-01-01 02:09:43,22.5,54.0,6.8,4.1,0.7,6.8,41,121,162,104,267,371,False,False,False,False,False,False
2000-01-01 02:09:45,22.5,54.0,6.8,4.1,0.7,6.8,49,113,162,104,267,371,False,False,False,False,False,False
2000-01-01 02:09:47,22.5,54.0,6.9,4.1,0.7,6.9,25,137,162,104,267,371,False,False,False,False,False,False
2000-01-01 02:09:49,22.5,54.0,7.1,4.2,0.7,7.1,33,128,162,104,267,371,False,False,False,False,False,False
2000-01-01 02:09:51,22.5,54.0,6.8,4.1,0.7,6.8,42,120,162,104,267,371,False,False,False,False,False,False
2000-01-01 02:09:53,22.5,54.0,6.8,4.1,0.7,6.8,50,112,162,104,267,371,False,False,False,False,False,False
2000-01-01 02:09:55,22.5,54.0,6.9,4.1,0.7,6.9,27,135,162,104,267,371,False,False,False,False,False,False
2000-01-01 02:09:57,22.5,54.0,6.8,4.1,0.7,6.8,35,127,162,104,267,371,False,False,False,False,False,False
2000-01-01 02:09:59,22.5,54.0,7.1,4.2,0.7,7.1,43,118,162,104,267,371,False,False,False,False,False,False
2000-01-01 02:10:01,22.5,54.0,6.8,4.1,0.7,6.8,52,110,162,104,267,371,False,False,False,False,False,False
2000-01-01 02:10:03,22.5,54.0,6.9,4.1,0.7,6.9,29,133,162,104,267,371,False,False,False,False,False,False
2000-01-01 02:10:05,22.5,54.0,6.8,4.1,0.7,6.8,37,125,162,104,267,371,False,False,False,False,False,False
2000-01-01 02:10:07,22.5,54.0,6.8,4.1,0.7,6.8,45,116,162,104,267,371,False,False,False,False,False,False
2000-01-01 02:10:09,22.5,53.9,7.1,4.2,0.7,7.1,54,108,162,104,267,371,False,False,False,False,False,False
2000-01-01 02:10:11,22.5,54.0,6.9,4.1,0.7,6.9,30,131,162,104,267,371,False,False,False,False,False,False
2000-01-01 02:10:13,22.5,54.0,6.8,4.1,0.7,6.8,39,123,162,104,267,371,False,False,False,False,False,False
2000-01-01 02:10:15,22.5,54.0,6.8,4.1,0.7,6.8,47,115,162,104,267,371,False,False,False,False,False,False
2000-01-01 02:10:17,22.5,54.0,7.6,4.4,0.7,7.6,23,138,162,104,267,371,False,False,False,False,False,False
2000-01-01 02:10:19,22.5,53.9,6.5,3.9,0.7,6.5,32,130,162,104,267,371,False,False,False,False,False,False
2000-01-01 02:10:21,22.5,53.9,6.8,4.1,0.7,6.8,40,122,162,104,267,371,False,False,False,False,False,False
2000-01-01 02:10:23,22.5,54.1,6.8,4.1,0.7,6.8,48,114,162,104,267,371,False,False,False,False,False,False
2000-01-01 02:10:25,22.5,53.9,6.9,4.1,0.7,6.9,24,138,162,104,267,371,False,False,False,False,False,False
2000-01-01 02:10:27,22.5,53.9,6.8,4.1,0.7,6.8,32,129,162,104,267,371,False,False,False,False,False,False
2000-01-01 02:10:29,22.5,53.9,7.1,4.2,0.7,7.1,41,121,162,104,267,371,False,False,False,False,False,False
2000-01-01 02:10:31,22.5,53.9,6.8,4.1,0.7,6.8,49,113,162,104,267,371,False,False,False,False,False,False
2000-01-01 02:10:33,22.5,53.9,6.9,4.1,0.7,6.9,25,136,162,104,267,371,False,False,False,False,False,False
2000-01-01 02:10:35,22.5,53.8,7.3,4.3,0.7,7.3,34,128,162,104,267,371,False,False,False,False,False,False
2000-01-01 02:10:37,22.5,53.9,6.8,4.1,0.7,6.8,42,120,162,104,267,371,False,False,False,False,False,False
2000-01-01 02:10:39,22.5,53.9,7.1,4.2,0.7,7.1,50,112,162,104,267,371,False,False,False,False,False,False
2000-01-01 02:10:41,22.5,53.9,6.9,4.1,0.7,6.9,27,135,162,104,267,371,False,False,False,False,False,False
2000-01-01 02:10:43,22.5,53.9,6.8,4.1,0.7,6.8,35,127,162,104,267,371,False,False,False,False,False,False
2000-01-01 02:10:45,22.5,53.9,6.8,4.1,0.7,6.8,43,118,162,104,267,371,False,False,False,False,False,False
2000-01-01 02:10:47,22.5,53.9,7.1,4.2,0.7,7.1,52,110,162,104,267,371,False,False,False,False,False,False
2000-01-01 02:10:49,22.5,53.9,6.9,4.1,0.7,6.9,29,133,162,104,267,371,False,False,False,False,False,False
2000-01-01 02:10:51,22.5,53.9,6.8,4.1,0.7,6.8,37,125,162,104,267,371,False,False,False,False,False,False
2000-01-01 02:10:53,22.5,53.9,6.8,4.1,0.7,6.8,45,116,162,104,267,371,False,False,False,False,False,False
2000-01-01 02:10:55,22.5,53.9,6.8,4.1,0.7,6.8,54,108,162,104,267,371,False,False,False,False,False,False
2000-01-01 02:10:57,22.5,53.9,7.2,4.3,0.7,7.2,30,131,162,104,267,371,False,False,False,False,False,False
2000-01-01 02:10:59,22.5,53.9,6.8,4.1,0.7,6.8,39,123,162,104,267,371,False,False,False,False,False,False
2000-01-01 02:11:01,22.5,53.9,6.8,4.1,0.7,6.8,47,115,162,104,267,371,False,False,False,False,False,False
2000-01-01 02:11:03,22.5,53.9,7.6,4.4,0.7,7.6,23,138,162,104,267,371,False,False,False,False,False,False
2000-01-01 02:11:05,22.5,53.8,6.2,3.7,0.7,6.2,32,130,162,104,267,371,False,False,False,False,False,False
2000-01-01 02:11:07,22.5,53.8,7.1,4.2,0.7,7.1,40,122,162,104,267,371,False,False,False,False,False,False
2000-01-01 02:11:09,22.5,53.9,6.8,4.1,0.7,6.8,48,114,162,104,267,371,False,False,False,False,False,False
2000-01-01 02:11:11,22.5,53.8,6.9,4.1,0.7,6.9,24,138,162,104,267,371,False,False,False,False,False,False
2000-01-01 02:11:13,22.5,53.9,6.8,4.1,0.7,6.8,32,129,162,104,267,371,False,False,False,False,False,False
2000-01-01 02:11:15,22.5,53.9,6.8,4.1,0.7,6.8,41,121,162,104,267,371,False,False,False,False,False,False
2000-01-01 02:11:17,22.5,53.9,7.1,4.2,0.7,7.1,49,113,162,104,267,371,False,False,False,False,False,False
2000-01-01 02:11:19,22.5,53.9,6.9,4.1,0.7,6.9,25,137,162,104,267,371,False,False,False,False,False,False
2000-01-01 02:11:21,22.5,53.9,6.8,4.1,0.7,6.8,33,128,162,104,267,371,False,False,False,False,False,False
2000-01-01 02:11:23,22.5,53.9,6.8,4.1,0.7,6.8,42,120,162,104,267,371,False,False,False,False,False,False
2000-01-01 02:11:25,22.5,54.0,6.8,4.1,0.7,6.8,50,112,162,104,267,371,False,False,False,False,False,False
2000-01-01 02:11:27,22.5,53.9,7.2,4.3,0.7,7.2,27,135,162,104,267,371,False,False,False,False,False,False
2000-01-01 02:11:29,22.5,53.9,6.8,4.1,0.7,6.8,35,127,162,104,267,371,False,False,False,False,False,False
2000-01-01 02:11:31,22.5,54.0,6.8,4.1,0.7,6.8,43,118,162,104,267,371,False,False,False,False,False,False
2000-01-01 02:11:33,22.5,54.0,6.8,4.1,0.7,6.8,52,110,162,104,267,371,False,False,False,False,False,False
2000-01-01 02:11:35,22.5,53.9,6.9,4.1,0.7,6.9,29,133,162,104,267,371,False,False,False,False,False,False
2000-01-01 02:11:37,22.5,53.9,7.1,4.2,0.7,7.1,37,125,162,104,267,371,False,False,False,False,False,False
2000-01-01 02:11:39,22.5,53.9,7.6,4.5,0.7,7.6,45,116,162,104,267,371,False,False,False,False,False,False
2000-01-01 02:11:41,22.5,54.0,6.8,4.1,0.7,6.8,54,108,162,104,267,371,False,False,False,False,False,False
2000-01-01 02:11:43,22.5,54.0,6.9,4.1,0.7,6.9,30,131,162,104,267,371,False,False,False,False,False,False
2000-01-01 02:11:45,22.5,53.9,6.8,4.1,0.7,6.8,39,123,162,104,267,371,False,False,False,False,False,False
2000-01-01 02:11:47,22.5,54.0,7.1,4.2,0.7,7.1,47,115,162,104,267,371,False,False,False,False,False,False
2000-01-01 02:11:49,22.5,54.0,7.6,4.4,0.7,7.6,23,138,162,104,267,371,False,False,False,False,False,False
2000-01-01 02:11:51,22.5,54.0,6.2,3.7,0.7,6.2,32,130,162,104,267,371,False,False,False,False,False,False
2000-01-01 02:11:53,22.5,53.9,6.8,4.1,0.7,6.8,40,122,162,104,267,371,False,False,False,False,False,False
2000-01-01 02:11:55,22.5,53.9,6.8,4.1,0.7,6.8,48,114,162,104,267,371,False,False,False,False,False,False
2000-01-01 02:11:57,22.5,53.9,7.2,4.3,0.7,7.2,24,138,162,104,267,371,False,False,False,False,False,False
2000-01-01 02:11:59,22.5,53.9,6.8,4.1,0.7,6.8,32,129,162,104,267,371,False,False,False,False,False,False
2000-01-01 02:12:01,22.5,54.0,6.8,4.1,0.7,6.8,41,121,162,104,267,371,False,False,False,False,False,False
2000-01-01 02:12:03,22.5,53.9,6.8,4.1,0.7,6.8,49,113,162,104,267,371,False,False,False,False,False,False
2000-01-01 02:12:05,22.5,54.0,7.2,4.3,0.7,7.2,25,137,162,104,267,371,False,False,False,False,False,False
2000-01-01 02:12:07,22.5,53.9,6.8,4.1,0.7,6.8,33,128,162,104,267,371,False,False,False,False,False,False
2000-01-01 02:12:09,22.5,53.9,6.8,4.1,0.7,6.8,42,120,162,104,267,371,False,False,False,False,False,False
2000-01-01 02:12:11,22.5,53.9,7.6,4.5,0.7,7.6,50,112,162,104,267,371,False,False,False,False,False,False
2000-01-01 02:12:13,22.5,54.0,6.9,4.1,0.7,6.9,27,135,162,104,267,371,False,False,False,False,False,False
2000-01-01 02:12:15,22.5,53.9,7.1,4.2,0.7,7.1,35,127,162,104,267,371,False,False,False,False,False,False
2000-01-01 02:12:17,22.5,53.9,6.8,4.1,0.7,6.8,43,118,162,104,267,371,False,False,False,False,False,False
2000-01-01 02:12:19,22.5,54.0,6.8,4.1,0.7,6.8,52,110,162,104,267,371,False,False,False,False,False,False
2000-01-01 02:12:21,22.5,53.9,6.9,4.1,0.7,6.9,29,133,162,104,267,371,False,False,False,False,False,False
2000-01-01 02:12:23,22.5,53.9,7.3,4.3,0.7,7.3,37,125,162,104,267,371,False,False,False,False,False,False
2000-01-01 02:12:25,22.5,53.9,7.1,4.2,0.7,7.1,45,116,162,104,267,371,False,False,False,False,False,False
2000-01-01 02:12:27,22.5,53.9,6.8,4.1,0.7,6.8,54,108,162,104,267,371,False,False,False,False,False,False
2000-01-01 02:12:29,22.5,53.9,6.9,4.1,0.7,6.9,30,131,162,104,267,371,False,False,False,False,False,False
2000-01-01 02:12:31,22.5,53.9,6.8,4.1,0.7,6.8,39,123,162,104,267,371,False,False,False,False,False,False
2000-01-01 02:12:33,22.5,53.9,6.8,4.1,0.7,6.8,47,115,162,104,267,371,False,False,False,False,False,False
2000-01-01 02:12:35,22.5,53.9,7.9,4.6,0.7,7.9,23,138,162,104,267,371,False,False,False,False,False,False
2000-01-01 02:12:37,22.5,53.9,6.2,3.7,0.7,6.2,32,130,162,104,267,371,False,False,False,False,False,False
2000-01-01 02:12:39,22.5,53.9,6.8,4.1,0.7,6.8,40,122,162,104,267,371,False,False,False,False,False,False
2000-01-01 02:12:41,22.5,53.9,6.8,4.1,0.7,6.8,48,114,162,104,267,371,False,False,False,False,False,False
2000-01-01 02:12:43,22.5,54.0,6.9,4.1,0.7,6.9,24,138,162,104,267,371,False,False,False,False,False,False
2000-01-01 02:12:45,22.5,53.9,7.1,4.2,0.7,7.1,32,129,162,104,267,371,False,False,False,False,False,False
2000-01-01 02:12:47,22.5,53.9,6.8,4.1,0.7,6.8,41,121,162,104,267,371,False,False,False,False,False,False
2000-01-01 02:12:49,22.5,53.9,6.8,4.1,0.7,6.8,49,113,162,104,267,371,False,False,False,False,False,False
2000-01-01 02:12:51,22.5,53.9,6.9,4.1,0.7,6.9,25,137,162,104,267,371,False,False,False,False,False,False
2000-01-01 02:12:53,22.5,53.9,6.8,4.1,0.7,6.8,33,128,162,104,267,371,False,False,False,False,False,False
2000-01-01 02:12:55,22.5,53.9,7.1,4.2,0.7,7.1,42,120,162,104,267,371,False,False,False,False,False,False
2000-01-01 02:12:57,22.5,53.9,6.8,4.1,0.7,6.8,50,112,162,104,267,371,False,False,False,False,False,False
2000-01-01 02:12:59,22.5,54.0,6.9,4.1,0.7,6.9,27,135,162,104,267,371,False,False,False,False,False,False
2000-01-01 02:13:01,22.4,53.9,6.8,4.1,0.7,6.8,35,127,162,104,267,371,False,False,False,False,False,False
2000-01-01 02:13:03,22.5,54.0,6.8,4.1,0.7,6.8,43,118,162,104,267,371,False,False,False,False,False,False
2000-01-01 02:13:05,22.4,53.9,7.1,4.2,0.7,7.1,52,110,162,104,267,371,False,False,False,False,False,False
2000-01-01 02:13:07,22.5,54.0,6.9,4.1,0.7,6.9,29,133,162,104,267,371,False,False,False,False,False,False
2000-01-01 02:13:09,22.5,54.0,6.8,4.1,0.7,6.8,37,125,162,104,267,371,False,False,False,False,False,False
2000-01-01 02:13:11,22.5,54.0,6.8,4.1,0.7,6.8,45,116,162,104,267,371,False,False,False,False,False,False
2000-01-01 02:13:13,22.4,54.0,6.8,4.1,0.7,6.8,54,108,162,104,267,371,False,False,False,False,False,False
2000-01-01 02:13:15,22.5,53.9,7.2,4.3,0.7,7.2,30,131,162,104,267,371,False,False,False,False,False,False
2000-01-01 02:13:17,22.5,54.0,6.8,4.1,0.7,6.8,39,123,162,104,267,371,False,False,False,False,False,False
2000-01-01 02:13:19,22.5,53.9,6.8,4.1,0.7,6.8,47,115,162,104,267,371,False,False,False,False,False,False
2000-01-01 02:13:21,22.5,54.0,7.6,4.4,0.7,7.6,23,138,162,104,267,371,False,False,False,False,False,False
2000-01-01 02:13:23,22.5,54.0,8.3,4.8,0.7,8.3,32,130,162,104,267,371,False,False,False,False,False,False
2000-01-01 02:13:25,22.5,54.0,6.8,4.1,0.7,6.8,40,122,162,104,267,371,False,False,False,False,False,False
2000-01-01 02:13:27,22.5,54.0,6.8,4.1,0.7,6.8,48,113,162,104,267,371,False,False,False,False,False,False
2000-01-01 02:13:29,22.5,54.0,6.9,4.1,0.7,6.9,24,138,162,104,267,371,False,False,False,False,False,False
2000-01-01 02:13:31,22.4,54.0,6.8,4.1,0.7,6.8,32,129,162,104,267,371,False,False,False,False,False,False
2000-01-01 02:13:33,22.5,54.0,7.1,4.2,0.7,7.1,41,121,162,104,267,371,False,False,False,False,False,False
2000-01-01 02:13:35,22.5,54.0,6.8,4.1,0.7,6.8,49,113,162,104,267,371,False,False,False,False,False,False
2000-01-01 02:13:37,22.4,54.0,6.9,4.1,0.7,6.9,25,137,162,104,267,371,False,False,False,False,False,False
2000-01-01 02:13:39,22.5,54.0,6.8,4.1,0.7,6.8,33,128,162,104,267,371,False,False,False,False,False,False
2000-01-01 02:13:41,22.5,54.0,6.8,4.1,0.7,6.8,42,120,162,104,267,371,False,False,False,False,False,False
2000-01-01 02:13:43,22.5,54.0,7.1,4.2,0.7,7.1,50,112,162,104,267,371,False,False,False,False,False,False
2000-01-01 02:13:45,22.5,54.0,6.9,4.1,0.7,6.9,27,135,162,104,267,371,False,False,False,False,False,False
2000-01-01 02:13:47,22.5,54.0,6.8,4.1,0.7,6.8,35,127,162,104,267,371,False,False,False,False,False,False
2000-01-01 02:13:49,22.5,54.0,6.8,4.1,0.7,6.8,43,118,162,104,267,371,False,False,False,False,False,False
2000-01-01 02:13:51,22.5,54.0,6.8,4.1,0.7,6.8,52,110,162,104,267,371,False,False,False,False,False,False
2000-01-01 02:13:53,22.5,54.0,7.2,4.3,0.7,7.2,29,133,162,104,267,371,False,False,False,False,False,False
2000-01-01 02:13:55,22.5,54.0,6.8,4.1,0.7,6.8,37,125,162,104,267,371,False,False,False,False,False,False
2000-01-01 02:13:57,22.5,54.0,6.8,4.1,0.7,6.8,45,116,162,104,267,371,False,False,False,False,False,False
2000-01-01 02:13:59,22.5,54.0,6.8,4.1,0.7,6.8,54,108,162,104,267,371,False,False,False,False,False,False
2000-01-01 02:14:01,22.5,54.1,6.9,4.1,0.7,6.9,30,131,162,104,267,371,False,False,False,False,False,False
2000-01-01 02:14:03,22.5,54.0,7.1,4.2,0.7,7.1,39,123,162,104,267,371,False,False,False,False,False,False
2000-01-01 02:14:05,22.4,54.0,6.8,4.1,0.7,6.8,47,115,162,104,267,371,False,False,False,False,False,False
2000-01-01 02:14:07,22.4,54.0,7.6,4.4,0.7,7.6,23,138,162,104,267,371,False,False,False,False,False,False
2000-01-01 02:14:09,22.5,54.0,6.2,3.7,0.7,6.2,32,130,162,104,267,371,False,False,False,False,False,False
2000-01-01 02:14:11,22.5,54.0,6.8,4.1,0.7,6.8,40,122,162,104,267,371,False,False,False,False,False,False
2000-01-01 02:14:13,22.5,54.0,7.6,4.5,0.7,7.6,48,114,162,104,267,371,False,False,False,False,False,False
2000-01-01 02:14:15,22.4,53.9,6.9,4.1,0.7,6.9,24,138,162,104,267,371,False,False,False,False,False,False
2000-01-01 02:14:17,22.4,53.9,6.8,4.1,0.7,6.8,32,129,162,104,267,371,False,False,False,False,False,False
2000-01-01 02:14:19,22.5,54.0,6.8,4.1,0.7,6.8,41,121,162,104,267,371,False,False,False,False,False,False
2000-01-01 02:14:21,22.5,54.0,6.8,4.1,0.7,6.8,49,113,162,104,267,371,False,False,False,False,False,False
2000-01-01 02:14:23,22.4,53.9,7.2,4.3,0.7,7.2,25,137,162,104,267,371,False,False,False,False,False,False
2000-01-01 02:14:25,22.5,54.0,6.8,4.1,0.7,6.8,33,128,162,104,267,371,False,False,False,False,False,False
2000-01-01 02:14:27,22.4,53.9,6.8,4.1,0.7,6.8,42,120,162,104,267,371,False,False,False,False,False,False
2000-01-01 02:14:29,22.4,53.9,6.8,4.1,0.7,6.8,50,112,162,104,267,371,False,False,False,False,False,False
2000-01-01 02:14:31,22.4,54.0,6.9,4.1,0.7,6.9,27,135,162,104,267,371,False,False,False,False,False,False
2000-01-01 02:14:33,22.5,54.0,7.1,4.2,0.7,7.1,35,127,162,104,267,371,False,False,False,False,False,False
2000-01-01 02:14:35,22.5,53.9,6.8,4.1,0.7,6.8,43,118,162,104,267,371,False,False,False,False,False,False
2000-01-01 02:14:37,22.4,54.0,6.8,4.1,0.7,6.8,52,110,162,104,267,371,False,False,False,False,False,False
2000-01-01 02:14:39,22.5,54.0,6.9,4.1,0.7,6.9,29,133,162,104,267,371,False,False,False,False,False,False
2000-01-01 02:14:41,22.4,53.9,7.1,4.2,0.7,7.1,37,125,162,104,267,371,False,False,False,False,False,False
2000-01-01 02:14:43,22.4,54.0,6.8,4.1,0.7,6.8,45,116,162,104,267,371,False,False,False,False,False,False
2000-01-01 02:14:45,22.5,54.0,6.8,4.1,0.7,6.8,54,108,162,104,267,371,False,False,False,False,False,False
2000-01-01 02:14:47,22.4,53.9,6.9,4.1,0.7,6.9,30,131,162,104,267,371,False,False,False,False,False,False
2000-01-01 02:14:49,22.5,54.0,6.8,4.1,0.7,6.8,39,123,162,104,267,371,False,False,False,False,False,False
2000-01-01 02:14:51,22.5,54.0,7.6,4.5,0.7,7.6,47,115,162,104,267,371,False,False,False,False,False,False
2000-01-01 02:14:53,22.5,53.9,7.6,4.4,0.7,7.6,23,138,162,104,267,371,False,False,False,False,False,False
2000-01-01 02:14:55,22.4,53.9,6.2,3.7,0.7,6.2,32,130,162,104,267,371,False,False,False,False,False,False
2000-01-01 02:14:57,22.5,54.0,6.8,4.1,0.7,6.8,40,122,162,104,267,371,False,False,False,False,False,False
2000-01-01 02:14:59,22.5,54.0,6.8,4.1,0.7,6.8,48,114,162,104,267,371,False,False,False,False,False,False
2000-01-01 02:15:01,22.5,54.0,7.2,4.3,0.7,7.2,24,138,162,104,267,371,False,False,False,False,False,False
2000-01-01 02:15:03,22.5,54.0,6.8,4.1,0.7,6.8,32,129,162,104,267,371,False,False,False,False,False,False
2000-01-01 02:15:05,22.5,54.0,6.8,4.1,0.7,6.8,41,121,162,104,267,371,False,False,False,False,False,False
2000-01-01 02:15:07,22.5,54.0,6.8,4.1,0.7,6.8,49,113,162,104,267,371,False,False,False,False,False,False
2000-01-01 02:15:09,22.4,53.9,6.9,4.1,0.7,6.9,25,137,162,104,267,371,False,False,False,False,False,False
2000-01-01 02:15:11,22.5,54.0,11.1,6.2,0.7,11.1,33,128,162,104,267,371,False,False,False,False,False,False
2000-01-01 02:15:13,22.5,54.0,6.8,4.1,0.7,6.8,42,120,162,104,267,371,False,False,False,False,False,False
2000-01-01 02:15:15,22.5,54.0,6.8,4.1,0.7,6.8,50,112,162,104,267,371,False,False,False,False,False,False
2000-01-01 02:15:17,22.5,54.0,6.9,4.1,0.7,6.9,27,135,162,104,267,371,False,False,False,False,False,False
2000-01-01 02:15:19,22.4,53.9,6.8,4.1,0.7,6.8,35,127,162,104,267,371,False,False,False,False,False,False
2000-01-01 02:15:21,22.5,54.0,7.1,4.2,0.7,7.1,43,118,162,104,267,371,False,False,False,False,False,False
2000-01-01 02:15:23,22.5,54.0,6.8,4.1,0.7,6.8,52,110,162,104,267,371,False,False,False,False,False,False
2000-01-01 02:15:25,22.5,54.0,6.9,4.1,0.7,6.9,29,133,162,104,267,371,False,False,False,False,False,False
2000-01-01 02:15:27,22.5,54.0,6.8,4.1,0.7,6.8,37,125,162,104,267,371,False,False,False,False,False,False
2000-01-01 02:15:29,22.5,54.0,6.8,4.1,0.7,6.8,45,116,162,104,267,371,False,False,False,False,False,False
2000-01-01 02:15:31,22.5,54.0,7.1,4.2,0.7,7.1,54,108,162,104,267,371,False,False,False,False,False,False
2000-01-01 02:15:33,22.5,54.0,6.9,4.1,0.7,6.9,30,131,162,104,267,371,False,False,False,False,False,False
2000-01-01 02:15:35,22.5,54.0,6.8,4.1,0.7,6.8,39,123,162,104,267,371,False,False,False,False,False,False
2000-01-01 02:15:37,22.5,54.0,7.6,4.5,0.7,7.6,47,115,162,104,267,371,False,False,False,False,False,False
2000-01-01 02:15:39,22.5,54.3,7.6,4.4,0.7,7.6,23,138,162,104,267,371,False,False,False,False,False,False
2000-01-01 02:15:41,22.5,55.1,6.5,3.9,0.7,6.5,32,130,162,104,267,371,False,False,False,False,False,False
2000-01-01 02:15:43,22.5,55.4,6.8,4.1,0.7,6.8,40,122,162,104,267,371,False,False,False,False,False,False
2000-01-01 02:15:45,22.4,55.5,6.8,4.1,0.7,6.8,48,114,162,104,267,371,False,False,False,False,False,False
2000-01-01 02:15:47,22.5,55.6,6.9,4.1,0.7,6.9,24,138,162,104,267,371,False,False,False,False,False,False
2000-01-01 02:15:49,22.5,55.6,6.8,4.1,0.7,6.8,32,129,162,104,267,371,False,False,False,False,False,False
2000-01-01 02:16:32,22.5,55.4,0.0,0.0,0.0,0.0,38,123,162,104,267,371,False,False,False,False,False,False
